icpprf_acnt1004,Intuit@!123,SXEPT
icpprf_acnt1005,Intuit@!123,XXOEX
icpprf_acnt1006,Intuit@!123,DKTQO
icpprf_acnt1007,Intuit@!123,FBRXW
icpprf_acnt1008,Intuit@!123,CMKNP
icpprf_acnt1009,Intuit@!123,YDVYO
icpprf_acnt1010,Intuit@!123,BREDS
icpprf_acnt1011,Intuit@!123,KWVTM
icpprf_acnt1012,Intuit@!123,YOGPJ
icpprf_acnt1013,Intuit@!123,LDMIE
icpprf_acnt1014,Intuit@!123,SOGPK
icpprf_acnt1015,Intuit@!123,OVDPO
icpprf_acnt1016,Intuit@!123,GZERS
icpprf_acnt1017,Intuit@!123,RPLGQ
icpprf_acnt1018,Intuit@!123,AZKNG
icpprf_acnt1019,Intuit@!123,KSSEP
icpprf_acnt1020,Intuit@!123,LNRQD
icpprf_acnt1021,Intuit@!123,DRQGW
icpprf_acnt1022,Intuit@!123,VWUWL
icpprf_acnt1023,Intuit@!123,LBGPQ
icpprf_acnt1024,Intuit@!123,JXOJA
icpprf_acnt1025,Intuit@!123,CVVKI
icpprf_acnt1026,Intuit@!123,ZXSCU
icpprf_acnt1027,Intuit@!123,TLUFF
icpprf_acnt1028,Intuit@!123,VMXWX
icpprf_acnt1029,Intuit@!123,RSPSB
icpprf_acnt1030,Intuit@!123,ESXHP
icpprf_acnt1031,Intuit@!123,QASJJ
icpprf_acnt1032,Intuit@!123,FQKMY
icpprf_acnt1033,Intuit@!123,NITJM
icpprf_acnt1034,Intuit@!123,DPYZA
icpprf_acnt1035,Intuit@!123,PIZRY
icpprf_acnt1036,Intuit@!123,NXCZW
icpprf_acnt1037,Intuit@!123,HHUME
icpprf_acnt1038,Intuit@!123,ZGSWB
icpprf_acnt1039,Intuit@!123,FAZTR
icpprf_acnt1040,Intuit@!123,LPVGE
icpprf_acnt1041,Intuit@!123,XRUFT
icpprf_acnt1042,Intuit@!123,JBFLZ
icpprf_acnt1043,Intuit@!123,VZUBI
icpprf_acnt1044,Intuit@!123,SKDSC
icpprf_acnt1045,Intuit@!123,ERGEI
icpprf_acnt1046,Intuit@!123,GYOQQ
icpprf_acnt1047,Intuit@!123,JXDQQ
icpprf_acnt1048,Intuit@!123,RXIIY
icpprf_acnt1049,Intuit@!123,ZJMDU
icpprf_acnt1050,Intuit@!123,GTCDG
icpprf_acnt1051,Intuit@!123,GLCDN
icpprf_acnt1052,Intuit@!123,FYLYL
icpprf_acnt1053,Intuit@!123,FDLQP
icpprf_acnt1054,Intuit@!123,BNASF
icpprf_acnt1055,Intuit@!123,BNFWQ
icpprf_acnt1056,Intuit@!123,UQLCA
icpprf_acnt1057,Intuit@!123,ZXLXW
icpprf_acnt1058,Intuit@!123,JRDIC
icpprf_acnt1059,Intuit@!123,YURMA
icpprf_acnt1060,Intuit@!123,WEXHY
icpprf_acnt1061,Intuit@!123,MODUS
icpprf_acnt1062,Intuit@!123,JOWAD
icpprf_acnt1063,Intuit@!123,DTDWP
icpprf_acnt1064,Intuit@!123,SOICF
icpprf_acnt1065,Intuit@!123,TSAVV
icpprf_acnt1066,Intuit@!123,HNUHT
icpprf_acnt1067,Intuit@!123,BROMG
icpprf_acnt1068,Intuit@!123,MJEFE
icpprf_acnt1069,Intuit@!123,CDITK
icpprf_acnt1070,Intuit@!123,KDPNM
icpprf_acnt1071,Intuit@!123,OKSJW
icpprf_acnt1072,Intuit@!123,IRDFD
icpprf_acnt1073,Intuit@!123,YSXHZ
icpprf_acnt1074,Intuit@!123,MFFOD
icpprf_acnt1075,Intuit@!123,WBVPS
icpprf_acnt1076,Intuit@!123,OJEGX
icpprf_acnt1077,Intuit@!123,WRYBX
icpprf_acnt1078,Intuit@!123,UZNEN
icpprf_acnt1079,Intuit@!123,RSLZK
icpprf_acnt1080,Intuit@!123,FUFBI
icpprf_acnt1081,Intuit@!123,XKKKW
icpprf_acnt1082,Intuit@!123,ODKGJ
icpprf_acnt1083,Intuit@!123,KGDGL
icpprf_acnt1084,Intuit@!123,QGYDC
icpprf_acnt1085,Intuit@!123,XZPYF
icpprf_acnt1086,Intuit@!123,RCLGX
icpprf_acnt1087,Intuit@!123,BMSSQ
icpprf_acnt1088,Intuit@!123,SYYKT
icpprf_acnt1089,Intuit@!123,PLTBI
icpprf_acnt1090,Intuit@!123,OXVTB
icpprf_acnt1091,Intuit@!123,HOAUG
icpprf_acnt1092,Intuit@!123,CAQOB
icpprf_acnt1093,Intuit@!123,WDGKW
icpprf_acnt1094,Intuit@!123,MRLAX
icpprf_acnt1095,Intuit@!123,IGAMM
icpprf_acnt1096,Intuit@!123,BLXLH
icpprf_acnt1097,Intuit@!123,KOLKI
icpprf_acnt1098,Intuit@!123,RUYCK
icpprf_acnt1099,Intuit@!123,ZITMG
icpprf_acnt1100,Intuit@!123,UQTXU
icpprf_acnt1101,Intuit@!123,FBTQX
icpprf_acnt1102,Intuit@!123,NMJXA
icpprf_acnt1103,Intuit@!123,MXDWD
icpprf_acnt1104,Intuit@!123,FLUPA
icpprf_acnt1105,Intuit@!123,OXYOW
icpprf_acnt1106,Intuit@!123,LMRIF
icpprf_acnt1107,Intuit@!123,CBSCK
icpprf_acnt1108,Intuit@!123,RJHYP
icpprf_acnt1109,Intuit@!123,IJQOP
icpprf_acnt1110,Intuit@!123,DDYBD
icpprf_acnt1111,Intuit@!123,ANDZD
icpprf_acnt1112,Intuit@!123,HPLKU
icpprf_acnt1113,Intuit@!123,QMJUM
icpprf_acnt1114,Intuit@!123,KKVKJ
icpprf_acnt1115,Intuit@!123,IZEYU
icpprf_acnt1116,Intuit@!123,JRJUZ
icpprf_acnt1117,Intuit@!123,CEGAO
icpprf_acnt1118,Intuit@!123,GIJPE
icpprf_acnt1119,Intuit@!123,YULJE
icpprf_acnt1120,Intuit@!123,BPYKS
icpprf_acnt1121,Intuit@!123,EZLYF
icpprf_acnt1122,Intuit@!123,OLNLQ
icpprf_acnt1123,Intuit@!123,WPWTI
icpprf_acnt1124,Intuit@!123,OIXKW
icpprf_acnt1125,Intuit@!123,QHVRP
icpprf_acnt1126,Intuit@!123,JKBVS
icpprf_acnt1127,Intuit@!123,WPZLS
icpprf_acnt1128,Intuit@!123,PNCAF
icpprf_acnt1129,Intuit@!123,OSLDK
icpprf_acnt1130,Intuit@!123,KKSLO
icpprf_acnt1131,Intuit@!123,VZWBP
icpprf_acnt1132,Intuit@!123,ZJKCH
icpprf_acnt1133,Intuit@!123,QUZZG
icpprf_acnt1134,Intuit@!123,SCWKX
icpprf_acnt1135,Intuit@!123,DXSVN
icpprf_acnt1136,Intuit@!123,OZRTB
icpprf_acnt1137,Intuit@!123,VTRGD
icpprf_acnt1138,Intuit@!123,PVJTM
icpprf_acnt1139,Intuit@!123,MQNTM
icpprf_acnt1140,Intuit@!123,JSYKS
icpprf_acnt1141,Intuit@!123,ULXJT
icpprf_acnt1142,Intuit@!123,FDGTO
icpprf_acnt1143,Intuit@!123,URPJY
icpprf_acnt1144,Intuit@!123,ZOQMH
icpprf_acnt1145,Intuit@!123,SQBFU
icpprf_acnt1146,Intuit@!123,VUFBF
icpprf_acnt1147,Intuit@!123,GOQJM
icpprf_acnt1148,Intuit@!123,TFJAI
icpprf_acnt1149,Intuit@!123,WRNFZ
icpprf_acnt1150,Intuit@!123,HFSBO
icpprf_acnt1151,Intuit@!123,GSYLM
icpprf_acnt1152,Intuit@!123,ROCUG
icpprf_acnt1153,Intuit@!123,ZNSVS
icpprf_acnt1154,Intuit@!123,SNSOA
icpprf_acnt1155,Intuit@!123,ELYXA
icpprf_acnt1156,Intuit@!123,POPPU
icpprf_acnt1157,Intuit@!123,QLXZP
icpprf_acnt1158,Intuit@!123,CZLNE
icpprf_acnt1159,Intuit@!123,MJLUD
icpprf_acnt1160,Intuit@!123,WZSUN
icpprf_acnt1161,Intuit@!123,YLNHZ
icpprf_acnt1162,Intuit@!123,FPNTJ
icpprf_acnt1163,Intuit@!123,FAKIJ
icpprf_acnt1164,Intuit@!123,UNESV
icpprf_acnt1165,Intuit@!123,DEUBG
icpprf_acnt1166,Intuit@!123,QIXUM
icpprf_acnt1167,Intuit@!123,ZUFMA
icpprf_acnt1168,Intuit@!123,QIKNN
icpprf_acnt1169,Intuit@!123,FVMXS
icpprf_acnt1170,Intuit@!123,UTDMD
icpprf_acnt1171,Intuit@!123,EXUEW
icpprf_acnt1172,Intuit@!123,YQUFX
icpprf_acnt1173,Intuit@!123,OIVXZ
icpprf_acnt1174,Intuit@!123,EUWAY
icpprf_acnt1175,Intuit@!123,PSENU
icpprf_acnt1176,Intuit@!123,VTDBV
icpprf_acnt1177,Intuit@!123,XEVKQ
icpprf_acnt1178,Intuit@!123,WEGOE
icpprf_acnt1179,Intuit@!123,MKYLB
icpprf_acnt1180,Intuit@!123,TZXJX
icpprf_acnt1181,Intuit@!123,VQVGX
icpprf_acnt1182,Intuit@!123,GJIFY
icpprf_acnt1183,Intuit@!123,LRZFL
icpprf_acnt1184,Intuit@!123,UDIRQ
icpprf_acnt1185,Intuit@!123,MWIHV
icpprf_acnt1186,Intuit@!123,IYEJE
icpprf_acnt1187,Intuit@!123,UPSGR
icpprf_acnt1188,Intuit@!123,NCAPW
icpprf_acnt1189,Intuit@!123,MUCYW
icpprf_acnt1190,Intuit@!123,LBKIT
icpprf_acnt1191,Intuit@!123,DYDBW
icpprf_acnt1192,Intuit@!123,XRMYI
icpprf_acnt1193,Intuit@!123,SVHRA
icpprf_acnt1194,Intuit@!123,FPCKL
icpprf_acnt1195,Intuit@!123,SCHJH
icpprf_acnt1196,Intuit@!123,WWPUD
icpprf_acnt1197,Intuit@!123,OHRSP
icpprf_acnt1198,Intuit@!123,INTMH
icpprf_acnt1199,Intuit@!123,BAUZI
icpprf_acnt1200,Intuit@!123,HIPDG
icpprf_acnt1201,Intuit@!123,EZEJW
icpprf_acnt1202,Intuit@!123,CFLLD
icpprf_acnt1203,Intuit@!123,GSPYZ
icpprf_acnt1204,Intuit@!123,KYAQH
icpprf_acnt1205,Intuit@!123,ZLFOM
icpprf_acnt1206,Intuit@!123,TRTFI
icpprf_acnt1207,Intuit@!123,MDSQB
icpprf_acnt1208,Intuit@!123,AGOEN
icpprf_acnt1209,Intuit@!123,IEICG
icpprf_acnt1210,Intuit@!123,WWXWV
icpprf_acnt1211,Intuit@!123,TTKVD
icpprf_acnt1212,Intuit@!123,XVBYK
icpprf_acnt1213,Intuit@!123,YLRBN
icpprf_acnt1214,Intuit@!123,EBVPW
icpprf_acnt1215,Intuit@!123,FGPSD
icpprf_acnt1216,Intuit@!123,DDAGA
icpprf_acnt1217,Intuit@!123,QUGMH
icpprf_acnt1218,Intuit@!123,ZXSCH
icpprf_acnt1219,Intuit@!123,GIEAV
icpprf_acnt1220,Intuit@!123,XCVGU
icpprf_acnt1221,Intuit@!123,AVFYF
icpprf_acnt1222,Intuit@!123,WKNGW
icpprf_acnt1223,Intuit@!123,JVXTE
icpprf_acnt1224,Intuit@!123,YQYIG
icpprf_acnt1225,Intuit@!123,UGKQQ
icpprf_acnt1226,Intuit@!123,HWUYV
icpprf_acnt1227,Intuit@!123,OINNS
icpprf_acnt1228,Intuit@!123,MQEBC
icpprf_acnt1229,Intuit@!123,TANAM
icpprf_acnt1230,Intuit@!123,ZHPJF
icpprf_acnt1231,Intuit@!123,TRYOO
icpprf_acnt1232,Intuit@!123,MLFFG
icpprf_acnt1233,Intuit@!123,WRBZL
icpprf_acnt1234,Intuit@!123,NLIUV
icpprf_acnt1235,Intuit@!123,ZOSRQ
icpprf_acnt1236,Intuit@!123,MGIZA
icpprf_acnt1237,Intuit@!123,HYLVM
icpprf_acnt1238,Intuit@!123,NLOKB
icpprf_acnt1239,Intuit@!123,ISYZK
icpprf_acnt1240,Intuit@!123,JIUWD
icpprf_acnt1241,Intuit@!123,TZGOJ
icpprf_acnt1242,Intuit@!123,XXTKT
icpprf_acnt1243,Intuit@!123,DJFME
icpprf_acnt1244,Intuit@!123,DUGNQ
icpprf_acnt1245,Intuit@!123,NTKOF
icpprf_acnt1246,Intuit@!123,NHGCJ
icpprf_acnt1247,Intuit@!123,FKOCC
icpprf_acnt1248,Intuit@!123,RKKNH
icpprf_acnt1249,Intuit@!123,CGXKU
icpprf_acnt1250,Intuit@!123,JDCHO
icpprf_acnt1251,Intuit@!123,VCGIC
icpprf_acnt1252,Intuit@!123,FTQNH
icpprf_acnt1253,Intuit@!123,THPJO
icpprf_acnt1254,Intuit@!123,WOEXI
icpprf_acnt1255,Intuit@!123,BGVSP
icpprf_acnt1256,Intuit@!123,VSFCR
icpprf_acnt1257,Intuit@!123,JNREP
icpprf_acnt1258,Intuit@!123,RKSWH
icpprf_acnt1259,Intuit@!123,QBFIT
icpprf_acnt1260,Intuit@!123,UVPRG
icpprf_acnt1261,Intuit@!123,ITYPM
icpprf_acnt1262,Intuit@!123,LXJUE
icpprf_acnt1263,Intuit@!123,EIXXV
icpprf_acnt1264,Intuit@!123,NQJUU
icpprf_acnt1265,Intuit@!123,UURDP
icpprf_acnt1266,Intuit@!123,FQQUB
icpprf_acnt1267,Intuit@!123,YNRYF
icpprf_acnt1268,Intuit@!123,NOHUJ
icpprf_acnt1269,Intuit@!123,SXXND
icpprf_acnt1270,Intuit@!123,RRJJT
icpprf_acnt1271,Intuit@!123,HFFQZ
icpprf_acnt1272,Intuit@!123,MVGXW
icpprf_acnt1273,Intuit@!123,JVPMP
icpprf_acnt1274,Intuit@!123,GZJOW
icpprf_acnt1275,Intuit@!123,CPKLJ
icpprf_acnt1276,Intuit@!123,RDDNQ
icpprf_acnt1277,Intuit@!123,RKJVV
icpprf_acnt1278,Intuit@!123,LCQFY
icpprf_acnt1279,Intuit@!123,DGYQB
icpprf_acnt1280,Intuit@!123,PBPCU
icpprf_acnt1281,Intuit@!123,SHEMU
icpprf_acnt1282,Intuit@!123,CYCYC
icpprf_acnt1283,Intuit@!123,TDIJG
icpprf_acnt1284,Intuit@!123,EBAFX
icpprf_acnt1285,Intuit@!123,UMUYG
icpprf_acnt1286,Intuit@!123,LPSEQ
icpprf_acnt1287,Intuit@!123,HLYUV
icpprf_acnt1288,Intuit@!123,WPSPQ
icpprf_acnt1289,Intuit@!123,MGYWN
icpprf_acnt1290,Intuit@!123,ISDUB
icpprf_acnt1291,Intuit@!123,RUFAM
icpprf_acnt1292,Intuit@!123,VSLVO
icpprf_acnt1293,Intuit@!123,ETUKZ
icpprf_acnt1294,Intuit@!123,CZLNF
icpprf_acnt1295,Intuit@!123,FURSO
icpprf_acnt1296,Intuit@!123,HHMPR
icpprf_acnt1297,Intuit@!123,DDAHT
icpprf_acnt1298,Intuit@!123,EWSHH
icpprf_acnt1299,Intuit@!123,WJVJN
icpprf_acnt1300,Intuit@!123,EGACN
icpprf_acnt1301,Intuit@!123,RGKQY
icpprf_acnt1302,Intuit@!123,TRDMA
icpprf_acnt1303,Intuit@!123,PSQLT
icpprf_acnt1304,Intuit@!123,GJKDI
icpprf_acnt1305,Intuit@!123,NBOCU
icpprf_acnt1306,Intuit@!123,FVPSB
icpprf_acnt1307,Intuit@!123,CXXQD
icpprf_acnt1308,Intuit@!123,YPOXG
icpprf_acnt1309,Intuit@!123,SWXYN
icpprf_acnt1310,Intuit@!123,CYUQO
icpprf_acnt1311,Intuit@!123,ECKUN
icpprf_acnt1312,Intuit@!123,BVYHK
icpprf_acnt1313,Intuit@!123,SNWHN
icpprf_acnt1314,Intuit@!123,CWLSZ
icpprf_acnt1315,Intuit@!123,ENDDL
icpprf_acnt1316,Intuit@!123,WSIUP
icpprf_acnt1317,Intuit@!123,FXZLH
icpprf_acnt1318,Intuit@!123,MMVBQ
icpprf_acnt1319,Intuit@!123,CJPED
icpprf_acnt1320,Intuit@!123,HSCON
icpprf_acnt1321,Intuit@!123,YRAUF
icpprf_acnt1322,Intuit@!123,XMECQ
icpprf_acnt1323,Intuit@!123,JDKJN
icpprf_acnt1324,Intuit@!123,UGUKE
icpprf_acnt1325,Intuit@!123,AVGFJ
icpprf_acnt1326,Intuit@!123,AEJPP
icpprf_acnt1327,Intuit@!123,HIXFE
icpprf_acnt1328,Intuit@!123,MWOTM
icpprf_acnt1329,Intuit@!123,TCMPC
icpprf_acnt1330,Intuit@!123,RHDTJ
icpprf_acnt1331,Intuit@!123,IBGDN
icpprf_acnt1332,Intuit@!123,ICSNI
icpprf_acnt1333,Intuit@!123,IUFFR
icpprf_acnt1334,Intuit@!123,CBHHP
icpprf_acnt1335,Intuit@!123,SWLFY
icpprf_acnt1336,Intuit@!123,AEIFH
icpprf_acnt1337,Intuit@!123,MNWBR
icpprf_acnt1338,Intuit@!123,JYEJH
icpprf_acnt1339,Intuit@!123,CIGBV
icpprf_acnt1340,Intuit@!123,WHXVQ
icpprf_acnt1341,Intuit@!123,ZZJEL
icpprf_acnt1342,Intuit@!123,MPZWC
icpprf_acnt1343,Intuit@!123,RTTDE
icpprf_acnt1344,Intuit@!123,JBMAX
icpprf_acnt1345,Intuit@!123,RJEON
icpprf_acnt1346,Intuit@!123,WDNQT
icpprf_acnt1347,Intuit@!123,AWYIA
icpprf_acnt1348,Intuit@!123,CQXOH
icpprf_acnt1349,Intuit@!123,QJRBD
icpprf_acnt1350,Intuit@!123,CUAFA
icpprf_acnt1351,Intuit@!123,EUJUG
icpprf_acnt1352,Intuit@!123,DWMJL
icpprf_acnt1353,Intuit@!123,FTILM
icpprf_acnt1354,Intuit@!123,QPCJC
icpprf_acnt1355,Intuit@!123,WSJWT
icpprf_acnt1356,Intuit@!123,TCGTJ
icpprf_acnt1357,Intuit@!123,GQIYY
icpprf_acnt1358,Intuit@!123,CTKBL
icpprf_acnt1359,Intuit@!123,HWIBR
icpprf_acnt1360,Intuit@!123,RBQFN
icpprf_acnt1361,Intuit@!123,FSRVS
icpprf_acnt1362,Intuit@!123,MCFSF
icpprf_acnt1363,Intuit@!123,JEUNB
icpprf_acnt1364,Intuit@!123,PZGPT
icpprf_acnt1365,Intuit@!123,QQMEU
icpprf_acnt1366,Intuit@!123,PFRCO
icpprf_acnt1367,Intuit@!123,XGTBZ
icpprf_acnt1368,Intuit@!123,DDZMA
icpprf_acnt1369,Intuit@!123,AKPQJ
icpprf_acnt1370,Intuit@!123,VUGUG
icpprf_acnt1371,Intuit@!123,ANCBI
icpprf_acnt1372,Intuit@!123,QCCIR
icpprf_acnt1373,Intuit@!123,AEDAT
icpprf_acnt1374,Intuit@!123,HWJPP
icpprf_acnt1375,Intuit@!123,MSBVW
icpprf_acnt1376,Intuit@!123,XDMNT
icpprf_acnt1377,Intuit@!123,PKNBH
icpprf_acnt1378,Intuit@!123,TRDHY
icpprf_acnt1379,Intuit@!123,MFBVJ
icpprf_acnt1380,Intuit@!123,HNGJZ
icpprf_acnt1381,Intuit@!123,GSCLW
icpprf_acnt1382,Intuit@!123,COQJL
icpprf_acnt1383,Intuit@!123,TWYKG
icpprf_acnt1384,Intuit@!123,EWSXD
icpprf_acnt1385,Intuit@!123,PGKSP
icpprf_acnt1386,Intuit@!123,PTWIN
icpprf_acnt1387,Intuit@!123,QHAWB
icpprf_acnt1388,Intuit@!123,IGLLP
icpprf_acnt1389,Intuit@!123,UAVQX
icpprf_acnt1390,Intuit@!123,DQLQW
icpprf_acnt1391,Intuit@!123,RFXYT
icpprf_acnt1392,Intuit@!123,ICUMQ
icpprf_acnt1393,Intuit@!123,FHBZR
icpprf_acnt1394,Intuit@!123,YDNXI
icpprf_acnt1395,Intuit@!123,BLIUW
icpprf_acnt1396,Intuit@!123,KTTEL
icpprf_acnt1397,Intuit@!123,ABKJB
icpprf_acnt1398,Intuit@!123,LDKYE
icpprf_acnt1399,Intuit@!123,TRSBA
icpprf_acnt1400,Intuit@!123,TYEAQ
icpprf_acnt1401,Intuit@!123,EHINL
icpprf_acnt1402,Intuit@!123,NHIHZ
icpprf_acnt1403,Intuit@!123,PPGUN
icpprf_acnt1404,Intuit@!123,HOBXQ
icpprf_acnt1405,Intuit@!123,CORJT
icpprf_acnt1406,Intuit@!123,AATHL
icpprf_acnt1407,Intuit@!123,VAPKU
icpprf_acnt1408,Intuit@!123,HGTHL
icpprf_acnt1409,Intuit@!123,SCLCT
icpprf_acnt1410,Intuit@!123,LBTDM
icpprf_acnt1411,Intuit@!123,VVKQF
icpprf_acnt1412,Intuit@!123,IAPJC
icpprf_acnt1413,Intuit@!123,IBRUC
icpprf_acnt1414,Intuit@!123,ZTFMS
icpprf_acnt1415,Intuit@!123,ZDWGJ
icpprf_acnt1416,Intuit@!123,JHIEY
icpprf_acnt1417,Intuit@!123,WVAZY
icpprf_acnt1418,Intuit@!123,PXVIG
icpprf_acnt1419,Intuit@!123,OVDAS
icpprf_acnt1420,Intuit@!123,ZXVXW
icpprf_acnt1421,Intuit@!123,IXIFL
icpprf_acnt1422,Intuit@!123,RQVZH
icpprf_acnt1423,Intuit@!123,RSWBB
icpprf_acnt1424,Intuit@!123,JQJQQ
icpprf_acnt1425,Intuit@!123,VGUYJ
icpprf_acnt1426,Intuit@!123,SMKMU
icpprf_acnt1427,Intuit@!123,KZPPX
icpprf_acnt1428,Intuit@!123,RQVOT
icpprf_acnt1429,Intuit@!123,KEGEI
icpprf_acnt1430,Intuit@!123,LXXCV
icpprf_acnt1431,Intuit@!123,EIMVB
icpprf_acnt1432,Intuit@!123,HEBKY
icpprf_acnt1433,Intuit@!123,PVSCL
icpprf_acnt1434,Intuit@!123,VVSVA
icpprf_acnt1435,Intuit@!123,ONPAT
icpprf_acnt1436,Intuit@!123,UZYHG
icpprf_acnt1437,Intuit@!123,TZAVA
icpprf_acnt1438,Intuit@!123,VUFWV
icpprf_acnt1439,Intuit@!123,NNWCW
icpprf_acnt1440,Intuit@!123,XTELG
icpprf_acnt1441,Intuit@!123,IUOFO
icpprf_acnt1442,Intuit@!123,DEKMM
icpprf_acnt1443,Intuit@!123,IYNAP
icpprf_acnt1444,Intuit@!123,GGQWI
icpprf_acnt1445,Intuit@!123,LNMIE
icpprf_acnt1446,Intuit@!123,GFJET
icpprf_acnt1447,Intuit@!123,VRZZB
icpprf_acnt1448,Intuit@!123,JZXFW
icpprf_acnt1449,Intuit@!123,IYVDG
icpprf_acnt1450,Intuit@!123,SGHRM
icpprf_acnt1451,Intuit@!123,CUFXN
icpprf_acnt1452,Intuit@!123,YSQBM
icpprf_acnt1453,Intuit@!123,OWXTQ
icpprf_acnt1454,Intuit@!123,FBCHG
icpprf_acnt1455,Intuit@!123,HEKTI
icpprf_acnt1456,Intuit@!123,IWZDZ
icpprf_acnt1457,Intuit@!123,AHHTC
icpprf_acnt1458,Intuit@!123,VQSMC
icpprf_acnt1459,Intuit@!123,USBGU
icpprf_acnt1460,Intuit@!123,ZNTGT
icpprf_acnt1461,Intuit@!123,HWHPM
icpprf_acnt1462,Intuit@!123,QBLYX
icpprf_acnt1463,Intuit@!123,ESTMR
icpprf_acnt1464,Intuit@!123,WLZRH
icpprf_acnt1465,Intuit@!123,SIQYH
icpprf_acnt1466,Intuit@!123,TCOHP
icpprf_acnt1467,Intuit@!123,XMJLN
icpprf_acnt1468,Intuit@!123,YHMIP
icpprf_acnt1469,Intuit@!123,AWATE
icpprf_acnt1470,Intuit@!123,UJWOU
icpprf_acnt1471,Intuit@!123,MHACT
icpprf_acnt1472,Intuit@!123,RGBBS
icpprf_acnt1473,Intuit@!123,WNUNZ
icpprf_acnt1474,Intuit@!123,JNBIS
icpprf_acnt1475,Intuit@!123,GWTAC
icpprf_acnt1476,Intuit@!123,WIGNO
icpprf_acnt1477,Intuit@!123,MRSSM
icpprf_acnt1478,Intuit@!123,RUFJF
icpprf_acnt1479,Intuit@!123,WVAOT
icpprf_acnt1480,Intuit@!123,TAAHH
icpprf_acnt1481,Intuit@!123,YJEGA
icpprf_acnt1482,Intuit@!123,PMDGN
icpprf_acnt1483,Intuit@!123,CNMUL
icpprf_acnt1484,Intuit@!123,CMUOH
icpprf_acnt1485,Intuit@!123,HQNFP
icpprf_acnt1486,Intuit@!123,ALDBE
icpprf_acnt1487,Intuit@!123,LCWFD
icpprf_acnt1488,Intuit@!123,EMQNR
icpprf_acnt1489,Intuit@!123,JXMMA
icpprf_acnt1490,Intuit@!123,FIXTC
icpprf_acnt1491,Intuit@!123,LRRUE
icpprf_acnt1492,Intuit@!123,NSZWO
icpprf_acnt1493,Intuit@!123,NWSRQ
icpprf_acnt1494,Intuit@!123,LOCDH
icpprf_acnt1495,Intuit@!123,OOIYQ
icpprf_acnt1496,Intuit@!123,YHLSF
icpprf_acnt1497,Intuit@!123,HIPWS
icpprf_acnt1498,Intuit@!123,MFRNT
icpprf_acnt1499,Intuit@!123,DACKD
icpprf_acnt1500,Intuit@!123,JIXPA
icpprf_acnt1501,Intuit@!123,OYBQS
icpprf_acnt1502,Intuit@!123,MMOHS
icpprf_acnt1503,Intuit@!123,PSYKB
icpprf_acnt1504,Intuit@!123,YIZWT
icpprf_acnt1505,Intuit@!123,MQJUB
icpprf_acnt1506,Intuit@!123,KGDXA
icpprf_acnt1507,Intuit@!123,GRHRE
icpprf_acnt1508,Intuit@!123,IBYOF
icpprf_acnt1509,Intuit@!123,BFDOX
icpprf_acnt1510,Intuit@!123,NJBRW
icpprf_acnt1511,Intuit@!123,RCTIO
icpprf_acnt1512,Intuit@!123,QDONL
icpprf_acnt1513,Intuit@!123,VGZXY
icpprf_acnt1514,Intuit@!123,BZARG
icpprf_acnt1515,Intuit@!123,ZBHLL
icpprf_acnt1516,Intuit@!123,KSAZV
icpprf_acnt1517,Intuit@!123,PXLIV
icpprf_acnt1518,Intuit@!123,FOADH
icpprf_acnt1519,Intuit@!123,DYTQD
icpprf_acnt1520,Intuit@!123,VUXEP
icpprf_acnt1521,Intuit@!123,UVFCE
icpprf_acnt1522,Intuit@!123,VRFRW
icpprf_acnt1523,Intuit@!123,BAZVN
icpprf_acnt1524,Intuit@!123,MHANR
icpprf_acnt1525,Intuit@!123,JPKPE
icpprf_acnt1526,Intuit@!123,JYOMC
icpprf_acnt1527,Intuit@!123,VDRZC
icpprf_acnt1528,Intuit@!123,VYESY
icpprf_acnt1529,Intuit@!123,BRMIK
icpprf_acnt1530,Intuit@!123,UXIKP
icpprf_acnt1531,Intuit@!123,ZTQBP
icpprf_acnt1532,Intuit@!123,GHBSH
icpprf_acnt1533,Intuit@!123,SOIYI
icpprf_acnt1534,Intuit@!123,XGFDA
icpprf_acnt1535,Intuit@!123,LJXKE
icpprf_acnt1536,Intuit@!123,FIAAU
icpprf_acnt1537,Intuit@!123,LRQEJ
icpprf_acnt1538,Intuit@!123,ZYDFZ
icpprf_acnt1539,Intuit@!123,JPYNL
icpprf_acnt1540,Intuit@!123,BQMLH
icpprf_acnt1541,Intuit@!123,KJUAO
icpprf_acnt1542,Intuit@!123,WDGJI
icpprf_acnt1543,Intuit@!123,YQSLL
icpprf_acnt1544,Intuit@!123,LRUGV
icpprf_acnt1545,Intuit@!123,AXTTF
icpprf_acnt1546,Intuit@!123,DHYSK
icpprf_acnt1547,Intuit@!123,GCMWK
icpprf_acnt1548,Intuit@!123,BXIEI
icpprf_acnt1549,Intuit@!123,DBBFQ
icpprf_acnt1550,Intuit@!123,UTUSE
icpprf_acnt1551,Intuit@!123,TBKPF
icpprf_acnt1552,Intuit@!123,CVQFQ
icpprf_acnt1553,Intuit@!123,UVLBO
icpprf_acnt1554,Intuit@!123,HENNS
icpprf_acnt1555,Intuit@!123,UUEED
icpprf_acnt1556,Intuit@!123,RVSUF
icpprf_acnt1557,Intuit@!123,RFNXO
icpprf_acnt1558,Intuit@!123,TBVXE
icpprf_acnt1559,Intuit@!123,JXLVG
icpprf_acnt1560,Intuit@!123,NGVAB
icpprf_acnt1561,Intuit@!123,STMCW
icpprf_acnt1562,Intuit@!123,KFKDC
icpprf_acnt1563,Intuit@!123,VXMMW
icpprf_acnt1564,Intuit@!123,FHWOZ
icpprf_acnt1565,Intuit@!123,OFOVS
icpprf_acnt1566,Intuit@!123,VUHVI
icpprf_acnt1567,Intuit@!123,AIDHS
icpprf_acnt1568,Intuit@!123,IVZCN
icpprf_acnt1569,Intuit@!123,PVHSG
icpprf_acnt1570,Intuit@!123,EGTND
icpprf_acnt1571,Intuit@!123,CPKEY
icpprf_acnt1572,Intuit@!123,USPTI
icpprf_acnt1573,Intuit@!123,IXXNF
icpprf_acnt1574,Intuit@!123,OXKQW
icpprf_acnt1575,Intuit@!123,WMJPA
icpprf_acnt1576,Intuit@!123,WPLJA
icpprf_acnt1577,Intuit@!123,GOIDR
icpprf_acnt1578,Intuit@!123,QZMQW
icpprf_acnt1579,Intuit@!123,QPYOM
icpprf_acnt1580,Intuit@!123,XDSID
icpprf_acnt1581,Intuit@!123,CZWHV
icpprf_acnt1582,Intuit@!123,GOUIP
icpprf_acnt1583,Intuit@!123,BQDKC
icpprf_acnt1584,Intuit@!123,UUGVA
icpprf_acnt1585,Intuit@!123,UVEMR
icpprf_acnt1586,Intuit@!123,AHADA
icpprf_acnt1587,Intuit@!123,SFNZG
icpprf_acnt1588,Intuit@!123,HBOZL
icpprf_acnt1589,Intuit@!123,QADXT
icpprf_acnt1590,Intuit@!123,CGNNP
icpprf_acnt1591,Intuit@!123,XXPVE
icpprf_acnt1592,Intuit@!123,FVYMC
icpprf_acnt1593,Intuit@!123,AJAWF
icpprf_acnt1594,Intuit@!123,KMLGQ
icpprf_acnt1595,Intuit@!123,RFNZI
icpprf_acnt1596,Intuit@!123,EZXZB
icpprf_acnt1597,Intuit@!123,AYUFI
icpprf_acnt1598,Intuit@!123,TDORZ
icpprf_acnt1599,Intuit@!123,BWVFJ
icpprf_acnt1600,Intuit@!123,SLOMG
icpprf_acnt1601,Intuit@!123,RDEVC
icpprf_acnt1602,Intuit@!123,RXHIH
icpprf_acnt1603,Intuit@!123,OQSTE
icpprf_acnt1604,Intuit@!123,ZXHZS
icpprf_acnt1605,Intuit@!123,SUKVT
icpprf_acnt1606,Intuit@!123,HWQTF
icpprf_acnt1607,Intuit@!123,RBSWW
icpprf_acnt1608,Intuit@!123,QJKSP
icpprf_acnt1609,Intuit@!123,DRDJF
icpprf_acnt1610,Intuit@!123,LFNYX
icpprf_acnt1611,Intuit@!123,RETSO
icpprf_acnt1612,Intuit@!123,SXQGR
icpprf_acnt1613,Intuit@!123,CCAZE
icpprf_acnt1614,Intuit@!123,ZSZAX
icpprf_acnt1615,Intuit@!123,HFHJJ
icpprf_acnt1616,Intuit@!123,WQWYB
icpprf_acnt1617,Intuit@!123,TKGJV
icpprf_acnt1618,Intuit@!123,PFJRE
icpprf_acnt1619,Intuit@!123,MVQAX
icpprf_acnt1620,Intuit@!123,SLHHI
icpprf_acnt1621,Intuit@!123,UYPRB
icpprf_acnt1622,Intuit@!123,HTFBC
icpprf_acnt1623,Intuit@!123,IDWXN
icpprf_acnt1624,Intuit@!123,WPBYY
icpprf_acnt1625,Intuit@!123,LWRJT
icpprf_acnt1626,Intuit@!123,DBMLQ
icpprf_acnt1627,Intuit@!123,FVUUS
icpprf_acnt1628,Intuit@!123,ZVIBP
icpprf_acnt1629,Intuit@!123,JHISS
icpprf_acnt1630,Intuit@!123,QNGZP
icpprf_acnt1631,Intuit@!123,CZKIP
icpprf_acnt1632,Intuit@!123,CVJQF
icpprf_acnt1633,Intuit@!123,EMWAL
icpprf_acnt1634,Intuit@!123,DAJPB
icpprf_acnt1635,Intuit@!123,TQELW
icpprf_acnt1636,Intuit@!123,VAZCA
icpprf_acnt1637,Intuit@!123,SICLO
icpprf_acnt1638,Intuit@!123,MWJMG
icpprf_acnt1639,Intuit@!123,SJOBP
icpprf_acnt1640,Intuit@!123,OXPHR
icpprf_acnt1641,Intuit@!123,SJJLP
icpprf_acnt1642,Intuit@!123,YGZBY
icpprf_acnt1643,Intuit@!123,KBDBQ
icpprf_acnt1644,Intuit@!123,GFSKU
icpprf_acnt1645,Intuit@!123,RSALR
icpprf_acnt1646,Intuit@!123,SFGQJ
icpprf_acnt1647,Intuit@!123,KWJVY
icpprf_acnt1648,Intuit@!123,AICXE
icpprf_acnt1649,Intuit@!123,MWLHI
icpprf_acnt1650,Intuit@!123,EIVLQ
icpprf_acnt1651,Intuit@!123,PELJI
icpprf_acnt1652,Intuit@!123,KZXOQ
icpprf_acnt1653,Intuit@!123,VWZHC
icpprf_acnt1654,Intuit@!123,LFKBJ
icpprf_acnt1655,Intuit@!123,UBQCX
icpprf_acnt1656,Intuit@!123,VCHEX
icpprf_acnt1657,Intuit@!123,GYORQ
icpprf_acnt1658,Intuit@!123,VWWJS
icpprf_acnt1659,Intuit@!123,EWHFV
icpprf_acnt1660,Intuit@!123,MTMYQ
icpprf_acnt1661,Intuit@!123,WXFCX
icpprf_acnt1662,Intuit@!123,RYLCQ
icpprf_acnt1663,Intuit@!123,XHRZY
icpprf_acnt1664,Intuit@!123,CZPYG
icpprf_acnt1665,Intuit@!123,YIVHZ
icpprf_acnt1666,Intuit@!123,DTTRF
icpprf_acnt1667,Intuit@!123,WBDSK
icpprf_acnt1668,Intuit@!123,BPBLI
icpprf_acnt1669,Intuit@!123,ISATY
icpprf_acnt1670,Intuit@!123,IGENB
icpprf_acnt1671,Intuit@!123,SKIPO
icpprf_acnt1672,Intuit@!123,DRTWW
icpprf_acnt1673,Intuit@!123,VRHKX
icpprf_acnt1674,Intuit@!123,XXEYR
icpprf_acnt1675,Intuit@!123,ASOMD
icpprf_acnt1676,Intuit@!123,XBFXT
icpprf_acnt1677,Intuit@!123,YTGGJ
icpprf_acnt1678,Intuit@!123,GLGEM
icpprf_acnt1679,Intuit@!123,IDOWG
icpprf_acnt1680,Intuit@!123,DMQCX
icpprf_acnt1681,Intuit@!123,JKKKQ
icpprf_acnt1682,Intuit@!123,DDJGS
icpprf_acnt1683,Intuit@!123,KIUUK
icpprf_acnt1684,Intuit@!123,YMJRL
icpprf_acnt1685,Intuit@!123,BJECB
icpprf_acnt1686,Intuit@!123,AVVKD
icpprf_acnt1687,Intuit@!123,XZGHD
icpprf_acnt1688,Intuit@!123,ZWCVS
icpprf_acnt1689,Intuit@!123,LQCTB
icpprf_acnt1690,Intuit@!123,HUFXO
icpprf_acnt1691,Intuit@!123,EXQRE
icpprf_acnt1692,Intuit@!123,OGOXS
icpprf_acnt1693,Intuit@!123,JMZHP
icpprf_acnt1694,Intuit@!123,LEZQW
icpprf_acnt1695,Intuit@!123,PTCLQ
icpprf_acnt1696,Intuit@!123,EEOIV
icpprf_acnt1697,Intuit@!123,JAWZG
icpprf_acnt1698,Intuit@!123,ZAJKU
icpprf_acnt1699,Intuit@!123,MWBTV
icpprf_acnt1700,Intuit@!123,GNILI
icpprf_acnt1701,Intuit@!123,QJJZN
icpprf_acnt1702,Intuit@!123,JCINK
icpprf_acnt1703,Intuit@!123,OTJIT
icpprf_acnt1704,Intuit@!123,DCFLH
icpprf_acnt1705,Intuit@!123,SPRLI
icpprf_acnt1706,Intuit@!123,CMFLI
icpprf_acnt1707,Intuit@!123,XJRFS
icpprf_acnt1708,Intuit@!123,NMBTQ
icpprf_acnt1709,Intuit@!123,DIHLL
icpprf_acnt1710,Intuit@!123,RABME
icpprf_acnt1711,Intuit@!123,CPKMQ
icpprf_acnt1712,Intuit@!123,WJOBT
icpprf_acnt1713,Intuit@!123,WTRSX
icpprf_acnt1714,Intuit@!123,PTKOU
icpprf_acnt1715,Intuit@!123,ORXSR
icpprf_acnt1716,Intuit@!123,VDIEG
icpprf_acnt1717,Intuit@!123,ALSFF
icpprf_acnt1718,Intuit@!123,BFPQM
icpprf_acnt1719,Intuit@!123,KONXZ
icpprf_acnt1720,Intuit@!123,ETKXE
icpprf_acnt1721,Intuit@!123,KCUPS
icpprf_acnt1722,Intuit@!123,FILGP
icpprf_acnt1723,Intuit@!123,MZQPM
icpprf_acnt1724,Intuit@!123,NHVLW
icpprf_acnt1725,Intuit@!123,MGBET
icpprf_acnt1726,Intuit@!123,IZJNW
icpprf_acnt1727,Intuit@!123,AXZKG
icpprf_acnt1728,Intuit@!123,ORTTU
icpprf_acnt1729,Intuit@!123,AUDBH
icpprf_acnt1730,Intuit@!123,FXSEG
icpprf_acnt1731,Intuit@!123,YAGYZ
icpprf_acnt1732,Intuit@!123,IRTAK
icpprf_acnt1733,Intuit@!123,TAPNM
icpprf_acnt1734,Intuit@!123,CACRS
icpprf_acnt1735,Intuit@!123,PRNCC
icpprf_acnt1736,Intuit@!123,VSMDB
icpprf_acnt1737,Intuit@!123,UVEMS
icpprf_acnt1738,Intuit@!123,GPJJP
icpprf_acnt1739,Intuit@!123,LUUAT
icpprf_acnt1740,Intuit@!123,YSXUN
icpprf_acnt1741,Intuit@!123,SBUHT
icpprf_acnt1742,Intuit@!123,DOTYZ
icpprf_acnt1743,Intuit@!123,JZZWH
icpprf_acnt1744,Intuit@!123,BYFMY
icpprf_acnt1745,Intuit@!123,PAJKD
icpprf_acnt1746,Intuit@!123,FERBA
icpprf_acnt1747,Intuit@!123,VREQN
icpprf_acnt1748,Intuit@!123,AFBKS
icpprf_acnt1749,Intuit@!123,DUQGD
icpprf_acnt1750,Intuit@!123,TXLXT
icpprf_acnt1751,Intuit@!123,CMLGQ
icpprf_acnt1752,Intuit@!123,FHJUY
icpprf_acnt1753,Intuit@!123,JLZNH
icpprf_acnt1754,Intuit@!123,RFWAA
icpprf_acnt1755,Intuit@!123,VWBMS
icpprf_acnt1756,Intuit@!123,AYPNR
icpprf_acnt1757,Intuit@!123,MWRAU
icpprf_acnt1758,Intuit@!123,BFNRA
icpprf_acnt1759,Intuit@!123,FUCFV
icpprf_acnt1760,Intuit@!123,VQFBG
icpprf_acnt1761,Intuit@!123,ABPDK
icpprf_acnt1762,Intuit@!123,VTSEQ
icpprf_acnt1763,Intuit@!123,XXLRF
icpprf_acnt1764,Intuit@!123,LTLXD
icpprf_acnt1765,Intuit@!123,RFCBK
icpprf_acnt1766,Intuit@!123,ADBAY
icpprf_acnt1767,Intuit@!123,LDAHX
icpprf_acnt1768,Intuit@!123,SVBKO
icpprf_acnt1769,Intuit@!123,PKBEU
icpprf_acnt1770,Intuit@!123,TGKUV
icpprf_acnt1771,Intuit@!123,XKWEQ
icpprf_acnt1772,Intuit@!123,XUXZS
icpprf_acnt1773,Intuit@!123,VIRBJ
icpprf_acnt1774,Intuit@!123,QZTKK
icpprf_acnt1775,Intuit@!123,NWBQD
icpprf_acnt1776,Intuit@!123,DJGOJ
icpprf_acnt1777,Intuit@!123,BBRLL
icpprf_acnt1778,Intuit@!123,CAYHF
icpprf_acnt1779,Intuit@!123,IEEJO
icpprf_acnt1780,Intuit@!123,MFALE
icpprf_acnt1781,Intuit@!123,YXSBB
icpprf_acnt1782,Intuit@!123,BHQQK
icpprf_acnt1783,Intuit@!123,LFIGJ
icpprf_acnt1784,Intuit@!123,EGHGE
icpprf_acnt1785,Intuit@!123,VFNLE
icpprf_acnt1786,Intuit@!123,NDTDH
icpprf_acnt1787,Intuit@!123,IWPLG
icpprf_acnt1788,Intuit@!123,VDUHY
icpprf_acnt1789,Intuit@!123,VFQXV
icpprf_acnt1790,Intuit@!123,UMVFA
icpprf_acnt1791,Intuit@!123,EUJGZ
icpprf_acnt1792,Intuit@!123,HUGIN
icpprf_acnt1793,Intuit@!123,FZSHW
icpprf_acnt1794,Intuit@!123,IHPVA
icpprf_acnt1795,Intuit@!123,AABWI
icpprf_acnt1796,Intuit@!123,ZOFWT
icpprf_acnt1797,Intuit@!123,QQGOQ
icpprf_acnt1798,Intuit@!123,QTBYU
icpprf_acnt1799,Intuit@!123,OMBOT
icpprf_acnt1800,Intuit@!123,KTTAQ
icpprf_acnt1801,Intuit@!123,MOAEM
icpprf_acnt1802,Intuit@!123,OQFMB
icpprf_acnt1803,Intuit@!123,BLQED
icpprf_acnt1804,Intuit@!123,QLDEA
icpprf_acnt1805,Intuit@!123,COYEU
icpprf_acnt1806,Intuit@!123,HWGRS
icpprf_acnt1807,Intuit@!123,TQZUT
icpprf_acnt1808,Intuit@!123,KVRCO
icpprf_acnt1809,Intuit@!123,EIYUO
icpprf_acnt1810,Intuit@!123,BTBEP
icpprf_acnt1811,Intuit@!123,YATKV
icpprf_acnt1812,Intuit@!123,SNGRJ
icpprf_acnt1813,Intuit@!123,PZMRS
icpprf_acnt1814,Intuit@!123,ZZJFI
icpprf_acnt1815,Intuit@!123,SOCKI
icpprf_acnt1816,Intuit@!123,ZYECR
icpprf_acnt1817,Intuit@!123,QQAOS
icpprf_acnt1818,Intuit@!123,BMJGR
icpprf_acnt1819,Intuit@!123,UMFAZ
icpprf_acnt1820,Intuit@!123,ZQQOZ
icpprf_acnt1821,Intuit@!123,RNNVO
icpprf_acnt1822,Intuit@!123,HXYKB
icpprf_acnt1823,Intuit@!123,ROJFV
icpprf_acnt1824,Intuit@!123,HWTIM
icpprf_acnt1825,Intuit@!123,QSJCF
icpprf_acnt1826,Intuit@!123,JAGAB
icpprf_acnt1827,Intuit@!123,ULQWV
icpprf_acnt1828,Intuit@!123,PNEIF
icpprf_acnt1829,Intuit@!123,ZMABD
icpprf_acnt1830,Intuit@!123,PARLZ
icpprf_acnt1831,Intuit@!123,VWGHG
icpprf_acnt1832,Intuit@!123,PTAPF
icpprf_acnt1833,Intuit@!123,EXQFV
icpprf_acnt1834,Intuit@!123,PZKRZ
icpprf_acnt1835,Intuit@!123,MYUMI
icpprf_acnt1836,Intuit@!123,VGJNJ
icpprf_acnt1837,Intuit@!123,ODJMU
icpprf_acnt1838,Intuit@!123,IBPRO
icpprf_acnt1839,Intuit@!123,IMEZI
icpprf_acnt1840,Intuit@!123,CXOLZ
icpprf_acnt1841,Intuit@!123,QQDFI
icpprf_acnt1842,Intuit@!123,NTZZI
icpprf_acnt1843,Intuit@!123,QNSML
icpprf_acnt1844,Intuit@!123,VAPWK
icpprf_acnt1845,Intuit@!123,BFXHE
icpprf_acnt1846,Intuit@!123,TBPHV
icpprf_acnt1847,Intuit@!123,DFUAM
icpprf_acnt1848,Intuit@!123,NGQHK
icpprf_acnt1849,Intuit@!123,JKBPD
icpprf_acnt1850,Intuit@!123,QYJHS
icpprf_acnt1851,Intuit@!123,YTXPG
icpprf_acnt1852,Intuit@!123,JJVSZ
icpprf_acnt1853,Intuit@!123,ISOJF
icpprf_acnt1854,Intuit@!123,JUZRC
icpprf_acnt1855,Intuit@!123,IIOOK
icpprf_acnt1856,Intuit@!123,GYTUI
icpprf_acnt1857,Intuit@!123,QHIVS
icpprf_acnt1858,Intuit@!123,URLZW
icpprf_acnt1859,Intuit@!123,CUVHG
icpprf_acnt1860,Intuit@!123,CBANH
icpprf_acnt1861,Intuit@!123,SSEOG
icpprf_acnt1862,Intuit@!123,IQZMH
icpprf_acnt1863,Intuit@!123,AUCPD
icpprf_acnt1864,Intuit@!123,ANJRL
icpprf_acnt1865,Intuit@!123,AESFN
icpprf_acnt1866,Intuit@!123,RMVET
icpprf_acnt1867,Intuit@!123,HYNNB
icpprf_acnt1868,Intuit@!123,MDTYG
icpprf_acnt1869,Intuit@!123,NCSSN
icpprf_acnt1870,Intuit@!123,EDCDQ
icpprf_acnt1871,Intuit@!123,NKOOM
icpprf_acnt1872,Intuit@!123,OCFBG
icpprf_acnt1873,Intuit@!123,HTFKQ
icpprf_acnt1874,Intuit@!123,GQZCQ
icpprf_acnt1875,Intuit@!123,OJURF
icpprf_acnt1876,Intuit@!123,WHDEK
icpprf_acnt1877,Intuit@!123,DSPQB
icpprf_acnt1878,Intuit@!123,EZIRB
icpprf_acnt1879,Intuit@!123,SAAKC
icpprf_acnt1880,Intuit@!123,LTHYC
icpprf_acnt1881,Intuit@!123,YYATK
icpprf_acnt1882,Intuit@!123,OLKII
icpprf_acnt1883,Intuit@!123,KVOSS
icpprf_acnt1884,Intuit@!123,GINSL
icpprf_acnt1885,Intuit@!123,FHNXN
icpprf_acnt1886,Intuit@!123,UCNFP
icpprf_acnt1887,Intuit@!123,BVNHT
icpprf_acnt1888,Intuit@!123,NEMZR
icpprf_acnt1889,Intuit@!123,KJDRJ
icpprf_acnt1890,Intuit@!123,SRLPS
icpprf_acnt1891,Intuit@!123,FPODS
icpprf_acnt1892,Intuit@!123,JGYKJ
icpprf_acnt1893,Intuit@!123,MXAPV
icpprf_acnt1894,Intuit@!123,MDMGS
icpprf_acnt1895,Intuit@!123,UTNJU
icpprf_acnt1896,Intuit@!123,PIEEI
icpprf_acnt1897,Intuit@!123,PLQFI
icpprf_acnt1898,Intuit@!123,SQHEX
icpprf_acnt1899,Intuit@!123,HHBXO
icpprf_acnt1900,Intuit@!123,MPXPP
icpprf_acnt1901,Intuit@!123,PGMLQ
icpprf_acnt1902,Intuit@!123,KXTDV
icpprf_acnt1903,Intuit@!123,CRDZR
icpprf_acnt1904,Intuit@!123,YUEZL
icpprf_acnt1905,Intuit@!123,JCBSB
icpprf_acnt1906,Intuit@!123,NXYUP
icpprf_acnt1907,Intuit@!123,MPHXN
icpprf_acnt1908,Intuit@!123,ACEIN
icpprf_acnt1909,Intuit@!123,ATQFV
icpprf_acnt1910,Intuit@!123,GTSIZ
icpprf_acnt1911,Intuit@!123,GXNLI
icpprf_acnt1912,Intuit@!123,QWQEE
icpprf_acnt1913,Intuit@!123,QYXBG
icpprf_acnt1914,Intuit@!123,MXIDK
icpprf_acnt1915,Intuit@!123,DQHEK
icpprf_acnt1916,Intuit@!123,PEQYW
icpprf_acnt1917,Intuit@!123,CMLFY
icpprf_acnt1918,Intuit@!123,RJYNC
icpprf_acnt1919,Intuit@!123,LQZPT
icpprf_acnt1920,Intuit@!123,DCXFZ
icpprf_acnt1921,Intuit@!123,DVPGT
icpprf_acnt1922,Intuit@!123,NNVYA
icpprf_acnt1923,Intuit@!123,WBVAR
icpprf_acnt1924,Intuit@!123,PSOQJ
icpprf_acnt1925,Intuit@!123,MLMZT
icpprf_acnt1926,Intuit@!123,VTPDN
icpprf_acnt1927,Intuit@!123,RZXKN
icpprf_acnt1928,Intuit@!123,XWELM
icpprf_acnt1929,Intuit@!123,GOVBB
icpprf_acnt1930,Intuit@!123,VBORP
icpprf_acnt1931,Intuit@!123,LEOTD
icpprf_acnt1932,Intuit@!123,FTGWC
icpprf_acnt1933,Intuit@!123,URXJS
icpprf_acnt1934,Intuit@!123,TDGYP
icpprf_acnt1935,Intuit@!123,DYKJM
icpprf_acnt1936,Intuit@!123,OSJIH
icpprf_acnt1937,Intuit@!123,ADVDB
icpprf_acnt1938,Intuit@!123,ATFWL
icpprf_acnt1939,Intuit@!123,EHJJQ
icpprf_acnt1940,Intuit@!123,VORXL
icpprf_acnt1941,Intuit@!123,IKPFZ
icpprf_acnt1942,Intuit@!123,FKQWF
icpprf_acnt1943,Intuit@!123,TYAFL
icpprf_acnt1944,Intuit@!123,JVZMX
icpprf_acnt1945,Intuit@!123,CDJTE
icpprf_acnt1946,Intuit@!123,XFPPI
icpprf_acnt1947,Intuit@!123,WLUPI
icpprf_acnt1948,Intuit@!123,CJTIX
icpprf_acnt1949,Intuit@!123,RDGJU
icpprf_acnt1950,Intuit@!123,NQNWM
icpprf_acnt1951,Intuit@!123,QZUPN
icpprf_acnt1952,Intuit@!123,DVVGR
icpprf_acnt1953,Intuit@!123,UTFAP
icpprf_acnt1954,Intuit@!123,BWVHL
icpprf_acnt1955,Intuit@!123,NLKKO
icpprf_acnt1956,Intuit@!123,QIOMA
icpprf_acnt1957,Intuit@!123,SOLTD
icpprf_acnt1958,Intuit@!123,ELKSD
icpprf_acnt1959,Intuit@!123,ORQYO
icpprf_acnt1960,Intuit@!123,HSXUZ
icpprf_acnt1961,Intuit@!123,RLTRF
icpprf_acnt1962,Intuit@!123,LNATV
icpprf_acnt1963,Intuit@!123,PQQMW
icpprf_acnt1964,Intuit@!123,PMAUH
icpprf_acnt1965,Intuit@!123,JJZLW
icpprf_acnt1966,Intuit@!123,OAURE
icpprf_acnt1967,Intuit@!123,CGQGY
icpprf_acnt1968,Intuit@!123,JCNYS
icpprf_acnt1969,Intuit@!123,WROEV
icpprf_acnt1970,Intuit@!123,NEWEV
icpprf_acnt1971,Intuit@!123,TVORF
icpprf_acnt1972,Intuit@!123,QYTPS
icpprf_acnt1973,Intuit@!123,CEEQR
icpprf_acnt1974,Intuit@!123,IYNZM
icpprf_acnt1975,Intuit@!123,AECKA
icpprf_acnt1976,Intuit@!123,TRUEV
icpprf_acnt1977,Intuit@!123,ALUDL
icpprf_acnt1978,Intuit@!123,UWWEQ
icpprf_acnt1979,Intuit@!123,IFTCB
icpprf_acnt1980,Intuit@!123,NPZCU
icpprf_acnt1981,Intuit@!123,GVUQV
icpprf_acnt1982,Intuit@!123,SWQCW
icpprf_acnt1983,Intuit@!123,ECUAQ
icpprf_acnt1984,Intuit@!123,FAJIE
icpprf_acnt1985,Intuit@!123,RUJPE
icpprf_acnt1986,Intuit@!123,GEEWT
icpprf_acnt1987,Intuit@!123,WIDGZ
icpprf_acnt1988,Intuit@!123,JPMYX
icpprf_acnt1989,Intuit@!123,KQAQP
icpprf_acnt1990,Intuit@!123,QYGXX
icpprf_acnt1991,Intuit@!123,DBHPO
icpprf_acnt1992,Intuit@!123,JGKNL
icpprf_acnt1993,Intuit@!123,PUVHF
icpprf_acnt1994,Intuit@!123,FECCD
icpprf_acnt1995,Intuit@!123,MYVDZ
icpprf_acnt1996,Intuit@!123,EAQMW
icpprf_acnt1997,Intuit@!123,TCSGA
icpprf_acnt1998,Intuit@!123,QDFMP
icpprf_acnt1999,Intuit@!123,HGGMK
icpprf_acnt2000,Intuit@!123,NXRRN
icpprf_acnt2001,Intuit@!123,MWBLI
icpprf_acnt2002,Intuit@!123,CSTEO
icpprf_acnt2003,Intuit@!123,SXEPT
icpprf_acnt2004,Intuit@!123,XXOEX
icpprf_acnt2005,Intuit@!123,DKTQO
icpprf_acnt2006,Intuit@!123,FBRXW
icpprf_acnt2007,Intuit@!123,CMKNP
icpprf_acnt2008,Intuit@!123,YDVYO
icpprf_acnt2009,Intuit@!123,BREDS
icpprf_acnt2010,Intuit@!123,KWVTM
icpprf_acnt2011,Intuit@!123,YOGPJ
icpprf_acnt2012,Intuit@!123,LDMIE
icpprf_acnt2013,Intuit@!123,SOGPK
icpprf_acnt2014,Intuit@!123,OVDPO
icpprf_acnt2015,Intuit@!123,GZERS
icpprf_acnt2016,Intuit@!123,RPLGQ
icpprf_acnt2017,Intuit@!123,AZKNG
icpprf_acnt2018,Intuit@!123,KSSEP
icpprf_acnt2019,Intuit@!123,LNRQD
icpprf_acnt2020,Intuit@!123,DRQGW
icpprf_acnt2021,Intuit@!123,VWUWL
icpprf_acnt2022,Intuit@!123,LBGPQ
icpprf_acnt2023,Intuit@!123,JXOJA
icpprf_acnt2024,Intuit@!123,CVVKI
icpprf_acnt2025,Intuit@!123,ZXSCU
icpprf_acnt2026,Intuit@!123,TLUFF
icpprf_acnt2027,Intuit@!123,VMXWX
icpprf_acnt2028,Intuit@!123,RSPSB
icpprf_acnt2029,Intuit@!123,ESXHP
icpprf_acnt2030,Intuit@!123,QASJJ
icpprf_acnt2031,Intuit@!123,FQKMY
icpprf_acnt2032,Intuit@!123,NITJM
icpprf_acnt2033,Intuit@!123,DPYZA
icpprf_acnt2034,Intuit@!123,PIZRY
icpprf_acnt2035,Intuit@!123,NXCZW
icpprf_acnt2036,Intuit@!123,HHUME
icpprf_acnt2037,Intuit@!123,ZGSWB
icpprf_acnt2038,Intuit@!123,FAZTR
icpprf_acnt2039,Intuit@!123,LPVGE
icpprf_acnt2040,Intuit@!123,XRUFT
icpprf_acnt2041,Intuit@!123,JBFLZ
icpprf_acnt2042,Intuit@!123,VZUBI
icpprf_acnt2043,Intuit@!123,SKDSC
icpprf_acnt2044,Intuit@!123,ERGEI
icpprf_acnt2045,Intuit@!123,GYOQQ
icpprf_acnt2046,Intuit@!123,JXDQQ
icpprf_acnt2047,Intuit@!123,RXIIY
icpprf_acnt2048,Intuit@!123,ZJMDU
icpprf_acnt2049,Intuit@!123,GTCDG
icpprf_acnt2050,Intuit@!123,GLCDN
icpprf_acnt2051,Intuit@!123,FYLYL
icpprf_acnt2052,Intuit@!123,FDLQP
icpprf_acnt2053,Intuit@!123,BNASF
icpprf_acnt2054,Intuit@!123,BNFWQ
icpprf_acnt2055,Intuit@!123,UQLCA
icpprf_acnt2056,Intuit@!123,ZXLXW
icpprf_acnt2057,Intuit@!123,JRDIC
icpprf_acnt2058,Intuit@!123,YURMA
icpprf_acnt2059,Intuit@!123,WEXHY
icpprf_acnt2060,Intuit@!123,MODUS
icpprf_acnt2061,Intuit@!123,JOWAD
icpprf_acnt2062,Intuit@!123,DTDWP
icpprf_acnt2063,Intuit@!123,SOICF
icpprf_acnt2064,Intuit@!123,TSAVV
icpprf_acnt2065,Intuit@!123,HNUHT
icpprf_acnt2066,Intuit@!123,BROMG
icpprf_acnt2067,Intuit@!123,MJEFE
icpprf_acnt2068,Intuit@!123,CDITK
icpprf_acnt2069,Intuit@!123,KDPNM
icpprf_acnt2070,Intuit@!123,OKSJW
icpprf_acnt2071,Intuit@!123,IRDFD
icpprf_acnt2072,Intuit@!123,YSXHZ
icpprf_acnt2073,Intuit@!123,MFFOD
icpprf_acnt2074,Intuit@!123,WBVPS
icpprf_acnt2075,Intuit@!123,OJEGX
icpprf_acnt2076,Intuit@!123,WRYBX
icpprf_acnt2077,Intuit@!123,UZNEN
icpprf_acnt2078,Intuit@!123,RSLZK
icpprf_acnt2079,Intuit@!123,FUFBI
icpprf_acnt2080,Intuit@!123,XKKKW
icpprf_acnt2081,Intuit@!123,ODKGJ
icpprf_acnt2082,Intuit@!123,KGDGL
icpprf_acnt2083,Intuit@!123,QGYDC
icpprf_acnt2084,Intuit@!123,XZPYF
icpprf_acnt2085,Intuit@!123,RCLGX
icpprf_acnt2086,Intuit@!123,BMSSQ
icpprf_acnt2087,Intuit@!123,SYYKT
icpprf_acnt2088,Intuit@!123,PLTBI
icpprf_acnt2089,Intuit@!123,OXVTB
icpprf_acnt2090,Intuit@!123,HOAUG
icpprf_acnt2091,Intuit@!123,CAQOB
icpprf_acnt2092,Intuit@!123,WDGKW
icpprf_acnt2093,Intuit@!123,MRLAX
icpprf_acnt2094,Intuit@!123,IGAMM
icpprf_acnt2095,Intuit@!123,BLXLH
icpprf_acnt2096,Intuit@!123,KOLKI
icpprf_acnt2097,Intuit@!123,RUYCK
icpprf_acnt2098,Intuit@!123,ZITMG
icpprf_acnt2099,Intuit@!123,UQTXU
icpprf_acnt2100,Intuit@!123,FBTQX
icpprf_acnt2101,Intuit@!123,NMJXA
icpprf_acnt2102,Intuit@!123,MXDWD
icpprf_acnt2103,Intuit@!123,FLUPA
icpprf_acnt2104,Intuit@!123,OXYOW
icpprf_acnt2105,Intuit@!123,LMRIF
icpprf_acnt2106,Intuit@!123,CBSCK
icpprf_acnt2107,Intuit@!123,RJHYP
icpprf_acnt2108,Intuit@!123,IJQOP
icpprf_acnt2109,Intuit@!123,DDYBD
icpprf_acnt2110,Intuit@!123,ANDZD
icpprf_acnt2111,Intuit@!123,HPLKU
icpprf_acnt2112,Intuit@!123,QMJUM
icpprf_acnt2113,Intuit@!123,KKVKJ
icpprf_acnt2114,Intuit@!123,IZEYU
icpprf_acnt2115,Intuit@!123,JRJUZ
icpprf_acnt2116,Intuit@!123,CEGAO
icpprf_acnt2117,Intuit@!123,GIJPE
icpprf_acnt2118,Intuit@!123,YULJE
icpprf_acnt2119,Intuit@!123,BPYKS
icpprf_acnt2120,Intuit@!123,EZLYF
icpprf_acnt2121,Intuit@!123,OLNLQ
icpprf_acnt2122,Intuit@!123,WPWTI
icpprf_acnt2123,Intuit@!123,OIXKW
icpprf_acnt2124,Intuit@!123,QHVRP
icpprf_acnt2125,Intuit@!123,JKBVS
icpprf_acnt2126,Intuit@!123,WPZLS
icpprf_acnt2127,Intuit@!123,PNCAF
icpprf_acnt2128,Intuit@!123,OSLDK
icpprf_acnt2129,Intuit@!123,KKSLO
icpprf_acnt2130,Intuit@!123,VZWBP
icpprf_acnt2131,Intuit@!123,ZJKCH
icpprf_acnt2132,Intuit@!123,QUZZG
icpprf_acnt2133,Intuit@!123,SCWKX
icpprf_acnt2134,Intuit@!123,DXSVN
icpprf_acnt2135,Intuit@!123,OZRTB
icpprf_acnt2136,Intuit@!123,VTRGD
icpprf_acnt2137,Intuit@!123,PVJTM
icpprf_acnt2138,Intuit@!123,MQNTM
icpprf_acnt2139,Intuit@!123,JSYKS
icpprf_acnt2140,Intuit@!123,ULXJT
icpprf_acnt2141,Intuit@!123,FDGTO
icpprf_acnt2142,Intuit@!123,URPJY
icpprf_acnt2143,Intuit@!123,ZOQMH
icpprf_acnt2144,Intuit@!123,SQBFU
icpprf_acnt2145,Intuit@!123,VUFBF
icpprf_acnt2146,Intuit@!123,GOQJM
icpprf_acnt2147,Intuit@!123,TFJAI
icpprf_acnt2148,Intuit@!123,WRNFZ
icpprf_acnt2149,Intuit@!123,HFSBO
icpprf_acnt2150,Intuit@!123,GSYLM
icpprf_acnt2151,Intuit@!123,ROCUG
icpprf_acnt2152,Intuit@!123,ZNSVS
icpprf_acnt2153,Intuit@!123,SNSOA
icpprf_acnt2154,Intuit@!123,ELYXA
icpprf_acnt2155,Intuit@!123,POPPU
icpprf_acnt2156,Intuit@!123,QLXZP
icpprf_acnt2157,Intuit@!123,CZLNE
icpprf_acnt2158,Intuit@!123,MJLUD
icpprf_acnt2159,Intuit@!123,WZSUN
icpprf_acnt2160,Intuit@!123,YLNHZ
icpprf_acnt2161,Intuit@!123,FPNTJ
icpprf_acnt2162,Intuit@!123,FAKIJ
icpprf_acnt2163,Intuit@!123,UNESV
icpprf_acnt2164,Intuit@!123,DEUBG
icpprf_acnt2165,Intuit@!123,QIXUM
icpprf_acnt2166,Intuit@!123,ZUFMA
icpprf_acnt2167,Intuit@!123,QIKNN
icpprf_acnt2168,Intuit@!123,FVMXS
icpprf_acnt2169,Intuit@!123,UTDMD
icpprf_acnt2170,Intuit@!123,EXUEW
icpprf_acnt2171,Intuit@!123,YQUFX
icpprf_acnt2172,Intuit@!123,OIVXZ
icpprf_acnt2173,Intuit@!123,EUWAY
icpprf_acnt2174,Intuit@!123,PSENU
icpprf_acnt2175,Intuit@!123,VTDBV
icpprf_acnt2176,Intuit@!123,XEVKQ
icpprf_acnt2177,Intuit@!123,WEGOE
icpprf_acnt2178,Intuit@!123,MKYLB
icpprf_acnt2179,Intuit@!123,TZXJX
icpprf_acnt2180,Intuit@!123,VQVGX
icpprf_acnt2181,Intuit@!123,GJIFY
icpprf_acnt2182,Intuit@!123,LRZFL
icpprf_acnt2183,Intuit@!123,UDIRQ
icpprf_acnt2184,Intuit@!123,MWIHV
icpprf_acnt2185,Intuit@!123,IYEJE
icpprf_acnt2186,Intuit@!123,UPSGR
icpprf_acnt2187,Intuit@!123,NCAPW
icpprf_acnt2188,Intuit@!123,MUCYW
icpprf_acnt2189,Intuit@!123,LBKIT
icpprf_acnt2190,Intuit@!123,DYDBW
icpprf_acnt2191,Intuit@!123,XRMYI
icpprf_acnt2192,Intuit@!123,SVHRA
icpprf_acnt2193,Intuit@!123,FPCKL
icpprf_acnt2194,Intuit@!123,SCHJH
icpprf_acnt2195,Intuit@!123,WWPUD
icpprf_acnt2196,Intuit@!123,OHRSP
icpprf_acnt2197,Intuit@!123,INTMH
icpprf_acnt2198,Intuit@!123,BAUZI
icpprf_acnt2199,Intuit@!123,HIPDG
icpprf_acnt2200,Intuit@!123,EZEJW
icpprf_acnt2201,Intuit@!123,CFLLD
icpprf_acnt2202,Intuit@!123,GSPYZ
icpprf_acnt2203,Intuit@!123,KYAQH
icpprf_acnt2204,Intuit@!123,ZLFOM
icpprf_acnt2205,Intuit@!123,TRTFI
icpprf_acnt2206,Intuit@!123,MDSQB
icpprf_acnt2207,Intuit@!123,AGOEN
icpprf_acnt2208,Intuit@!123,IEICG
icpprf_acnt2209,Intuit@!123,WWXWV
icpprf_acnt2210,Intuit@!123,TTKVD
icpprf_acnt2211,Intuit@!123,XVBYK
icpprf_acnt2212,Intuit@!123,YLRBN
icpprf_acnt2213,Intuit@!123,EBVPW
icpprf_acnt2214,Intuit@!123,FGPSD
icpprf_acnt2215,Intuit@!123,DDAGA
icpprf_acnt2216,Intuit@!123,QUGMH
icpprf_acnt2217,Intuit@!123,ZXSCH
icpprf_acnt2218,Intuit@!123,GIEAV
icpprf_acnt2219,Intuit@!123,XCVGU
icpprf_acnt2220,Intuit@!123,AVFYF
icpprf_acnt2221,Intuit@!123,WKNGW
icpprf_acnt2222,Intuit@!123,JVXTE
icpprf_acnt2223,Intuit@!123,YQYIG
icpprf_acnt2224,Intuit@!123,UGKQQ
icpprf_acnt2225,Intuit@!123,HWUYV
icpprf_acnt2226,Intuit@!123,OINNS
icpprf_acnt2227,Intuit@!123,MQEBC
icpprf_acnt2228,Intuit@!123,TANAM
icpprf_acnt2229,Intuit@!123,ZHPJF
icpprf_acnt2230,Intuit@!123,TRYOO
icpprf_acnt2231,Intuit@!123,MLFFG
icpprf_acnt2232,Intuit@!123,WRBZL
icpprf_acnt2233,Intuit@!123,NLIUV
icpprf_acnt2234,Intuit@!123,ZOSRQ
icpprf_acnt2235,Intuit@!123,MGIZA
icpprf_acnt2236,Intuit@!123,HYLVM
icpprf_acnt2237,Intuit@!123,NLOKB
icpprf_acnt2238,Intuit@!123,ISYZK
icpprf_acnt2239,Intuit@!123,JIUWD
icpprf_acnt2240,Intuit@!123,TZGOJ
icpprf_acnt2241,Intuit@!123,XXTKT
icpprf_acnt2242,Intuit@!123,DJFME
icpprf_acnt2243,Intuit@!123,DUGNQ
icpprf_acnt2244,Intuit@!123,NTKOF
icpprf_acnt2245,Intuit@!123,NHGCJ
icpprf_acnt2246,Intuit@!123,FKOCC
icpprf_acnt2247,Intuit@!123,RKKNH
icpprf_acnt2248,Intuit@!123,CGXKU
icpprf_acnt2249,Intuit@!123,JDCHO
icpprf_acnt2250,Intuit@!123,VCGIC
icpprf_acnt2251,Intuit@!123,FTQNH
icpprf_acnt2252,Intuit@!123,THPJO
icpprf_acnt2253,Intuit@!123,WOEXI
icpprf_acnt2254,Intuit@!123,BGVSP
icpprf_acnt2255,Intuit@!123,VSFCR
icpprf_acnt2256,Intuit@!123,JNREP
icpprf_acnt2257,Intuit@!123,RKSWH
icpprf_acnt2258,Intuit@!123,QBFIT
icpprf_acnt2259,Intuit@!123,UVPRG
icpprf_acnt2260,Intuit@!123,ITYPM
icpprf_acnt2261,Intuit@!123,LXJUE
icpprf_acnt2262,Intuit@!123,EIXXV
icpprf_acnt2263,Intuit@!123,NQJUU
icpprf_acnt2264,Intuit@!123,UURDP
icpprf_acnt2265,Intuit@!123,FQQUB
icpprf_acnt2266,Intuit@!123,YNRYF
icpprf_acnt2267,Intuit@!123,NOHUJ
icpprf_acnt2268,Intuit@!123,SXXND
icpprf_acnt2269,Intuit@!123,RRJJT
icpprf_acnt2270,Intuit@!123,HFFQZ
icpprf_acnt2271,Intuit@!123,MVGXW
icpprf_acnt2272,Intuit@!123,JVPMP
icpprf_acnt2273,Intuit@!123,GZJOW
icpprf_acnt2274,Intuit@!123,CPKLJ
icpprf_acnt2275,Intuit@!123,RDDNQ
icpprf_acnt2276,Intuit@!123,RKJVV
icpprf_acnt2277,Intuit@!123,LCQFY
icpprf_acnt2278,Intuit@!123,DGYQB
icpprf_acnt2279,Intuit@!123,PBPCU
icpprf_acnt2280,Intuit@!123,SHEMU
icpprf_acnt2281,Intuit@!123,CYCYC
icpprf_acnt2282,Intuit@!123,TDIJG
icpprf_acnt2283,Intuit@!123,EBAFX
icpprf_acnt2284,Intuit@!123,UMUYG
icpprf_acnt2285,Intuit@!123,LPSEQ
icpprf_acnt2286,Intuit@!123,HLYUV
icpprf_acnt2287,Intuit@!123,WPSPQ
icpprf_acnt2288,Intuit@!123,MGYWN
icpprf_acnt2289,Intuit@!123,ISDUB
icpprf_acnt2290,Intuit@!123,RUFAM
icpprf_acnt2291,Intuit@!123,VSLVO
icpprf_acnt2292,Intuit@!123,ETUKZ
icpprf_acnt2293,Intuit@!123,CZLNF
icpprf_acnt2294,Intuit@!123,FURSO
icpprf_acnt2295,Intuit@!123,HHMPR
icpprf_acnt2296,Intuit@!123,DDAHT
icpprf_acnt2297,Intuit@!123,EWSHH
icpprf_acnt2298,Intuit@!123,WJVJN
icpprf_acnt2299,Intuit@!123,EGACN
icpprf_acnt2300,Intuit@!123,RGKQY
icpprf_acnt2301,Intuit@!123,TRDMA
icpprf_acnt2302,Intuit@!123,PSQLT
icpprf_acnt2303,Intuit@!123,GJKDI
icpprf_acnt2304,Intuit@!123,NBOCU
icpprf_acnt2305,Intuit@!123,FVPSB
icpprf_acnt2306,Intuit@!123,CXXQD
icpprf_acnt2307,Intuit@!123,YPOXG
icpprf_acnt2308,Intuit@!123,SWXYN
icpprf_acnt2309,Intuit@!123,CYUQO
icpprf_acnt2310,Intuit@!123,ECKUN
icpprf_acnt2311,Intuit@!123,BVYHK
icpprf_acnt2312,Intuit@!123,SNWHN
icpprf_acnt2313,Intuit@!123,CWLSZ
icpprf_acnt2314,Intuit@!123,ENDDL
icpprf_acnt2315,Intuit@!123,WSIUP
icpprf_acnt2316,Intuit@!123,FXZLH
icpprf_acnt2317,Intuit@!123,MMVBQ
icpprf_acnt2318,Intuit@!123,CJPED
icpprf_acnt2319,Intuit@!123,HSCON
icpprf_acnt2320,Intuit@!123,YRAUF
icpprf_acnt2321,Intuit@!123,XMECQ
icpprf_acnt2322,Intuit@!123,JDKJN
icpprf_acnt2323,Intuit@!123,UGUKE
icpprf_acnt2324,Intuit@!123,AVGFJ
icpprf_acnt2325,Intuit@!123,AEJPP
icpprf_acnt2326,Intuit@!123,HIXFE
icpprf_acnt2327,Intuit@!123,MWOTM
icpprf_acnt2328,Intuit@!123,TCMPC
icpprf_acnt2329,Intuit@!123,RHDTJ
icpprf_acnt2330,Intuit@!123,IBGDN
icpprf_acnt2331,Intuit@!123,ICSNI
icpprf_acnt2332,Intuit@!123,IUFFR
icpprf_acnt2333,Intuit@!123,CBHHP
icpprf_acnt2334,Intuit@!123,SWLFY
icpprf_acnt2335,Intuit@!123,AEIFH
icpprf_acnt2336,Intuit@!123,MNWBR
icpprf_acnt2337,Intuit@!123,JYEJH
icpprf_acnt2338,Intuit@!123,CIGBV
icpprf_acnt2339,Intuit@!123,WHXVQ
icpprf_acnt2340,Intuit@!123,ZZJEL
icpprf_acnt2341,Intuit@!123,MPZWC
icpprf_acnt2342,Intuit@!123,RTTDE
icpprf_acnt2343,Intuit@!123,JBMAX
icpprf_acnt2344,Intuit@!123,RJEON
icpprf_acnt2345,Intuit@!123,WDNQT
icpprf_acnt2346,Intuit@!123,AWYIA
icpprf_acnt2347,Intuit@!123,CQXOH
icpprf_acnt2348,Intuit@!123,QJRBD
icpprf_acnt2349,Intuit@!123,CUAFA
icpprf_acnt2350,Intuit@!123,EUJUG
icpprf_acnt2351,Intuit@!123,DWMJL
icpprf_acnt2352,Intuit@!123,FTILM
icpprf_acnt2353,Intuit@!123,QPCJC
icpprf_acnt2354,Intuit@!123,WSJWT
icpprf_acnt2355,Intuit@!123,TCGTJ
icpprf_acnt2356,Intuit@!123,GQIYY
icpprf_acnt2357,Intuit@!123,CTKBL
icpprf_acnt2358,Intuit@!123,HWIBR
icpprf_acnt2359,Intuit@!123,RBQFN
icpprf_acnt2360,Intuit@!123,FSRVS
icpprf_acnt2361,Intuit@!123,MCFSF
icpprf_acnt2362,Intuit@!123,JEUNB
icpprf_acnt2363,Intuit@!123,PZGPT
icpprf_acnt2364,Intuit@!123,QQMEU
icpprf_acnt2365,Intuit@!123,PFRCO
icpprf_acnt2366,Intuit@!123,XGTBZ
icpprf_acnt2367,Intuit@!123,DDZMA
icpprf_acnt2368,Intuit@!123,AKPQJ
icpprf_acnt2369,Intuit@!123,VUGUG
icpprf_acnt2370,Intuit@!123,ANCBI
icpprf_acnt2371,Intuit@!123,QCCIR
icpprf_acnt2372,Intuit@!123,AEDAT
icpprf_acnt2373,Intuit@!123,HWJPP
icpprf_acnt2374,Intuit@!123,MSBVW
icpprf_acnt2375,Intuit@!123,XDMNT
icpprf_acnt2376,Intuit@!123,PKNBH
icpprf_acnt2377,Intuit@!123,TRDHY
icpprf_acnt2378,Intuit@!123,MFBVJ
icpprf_acnt2379,Intuit@!123,HNGJZ
icpprf_acnt2380,Intuit@!123,GSCLW
icpprf_acnt2381,Intuit@!123,COQJL
icpprf_acnt2382,Intuit@!123,TWYKG
icpprf_acnt2383,Intuit@!123,EWSXD
icpprf_acnt2384,Intuit@!123,PGKSP
icpprf_acnt2385,Intuit@!123,PTWIN
icpprf_acnt2386,Intuit@!123,QHAWB
icpprf_acnt2387,Intuit@!123,IGLLP
icpprf_acnt2388,Intuit@!123,UAVQX
icpprf_acnt2389,Intuit@!123,DQLQW
icpprf_acnt2390,Intuit@!123,RFXYT
icpprf_acnt2391,Intuit@!123,ICUMQ
icpprf_acnt2392,Intuit@!123,FHBZR
icpprf_acnt2393,Intuit@!123,YDNXI
icpprf_acnt2394,Intuit@!123,BLIUW
icpprf_acnt2395,Intuit@!123,KTTEL
icpprf_acnt2396,Intuit@!123,ABKJB
icpprf_acnt2397,Intuit@!123,LDKYE
icpprf_acnt2398,Intuit@!123,TRSBA
icpprf_acnt2399,Intuit@!123,TYEAQ
icpprf_acnt2400,Intuit@!123,EHINL
icpprf_acnt2401,Intuit@!123,NHIHZ
icpprf_acnt2402,Intuit@!123,PPGUN
icpprf_acnt2403,Intuit@!123,HOBXQ
icpprf_acnt2404,Intuit@!123,CORJT
icpprf_acnt2405,Intuit@!123,AATHL
icpprf_acnt2406,Intuit@!123,VAPKU
icpprf_acnt2407,Intuit@!123,HGTHL
icpprf_acnt2408,Intuit@!123,SCLCT
icpprf_acnt2409,Intuit@!123,LBTDM
icpprf_acnt2410,Intuit@!123,VVKQF
icpprf_acnt2411,Intuit@!123,IAPJC
icpprf_acnt2412,Intuit@!123,IBRUC
icpprf_acnt2413,Intuit@!123,ZTFMS
icpprf_acnt2414,Intuit@!123,ZDWGJ
icpprf_acnt2415,Intuit@!123,JHIEY
icpprf_acnt2416,Intuit@!123,WVAZY
icpprf_acnt2417,Intuit@!123,PXVIG
icpprf_acnt2418,Intuit@!123,OVDAS
icpprf_acnt2419,Intuit@!123,ZXVXW
icpprf_acnt2420,Intuit@!123,IXIFL
icpprf_acnt2421,Intuit@!123,RQVZH
icpprf_acnt2422,Intuit@!123,RSWBB
icpprf_acnt2423,Intuit@!123,JQJQQ
icpprf_acnt2424,Intuit@!123,VGUYJ
icpprf_acnt2425,Intuit@!123,SMKMU
icpprf_acnt2426,Intuit@!123,KZPPX
icpprf_acnt2427,Intuit@!123,RQVOT
icpprf_acnt2428,Intuit@!123,KEGEI
icpprf_acnt2429,Intuit@!123,LXXCV
icpprf_acnt2430,Intuit@!123,EIMVB
icpprf_acnt2431,Intuit@!123,HEBKY
icpprf_acnt2432,Intuit@!123,PVSCL
icpprf_acnt2433,Intuit@!123,VVSVA
icpprf_acnt2434,Intuit@!123,ONPAT
icpprf_acnt2435,Intuit@!123,UZYHG
icpprf_acnt2436,Intuit@!123,TZAVA
icpprf_acnt2437,Intuit@!123,VUFWV
icpprf_acnt2438,Intuit@!123,NNWCW
icpprf_acnt2439,Intuit@!123,XTELG
icpprf_acnt2440,Intuit@!123,IUOFO
icpprf_acnt2441,Intuit@!123,DEKMM
icpprf_acnt2442,Intuit@!123,IYNAP
icpprf_acnt2443,Intuit@!123,GGQWI
icpprf_acnt2444,Intuit@!123,LNMIE
icpprf_acnt2445,Intuit@!123,GFJET
icpprf_acnt2446,Intuit@!123,VRZZB
icpprf_acnt2447,Intuit@!123,JZXFW
icpprf_acnt2448,Intuit@!123,IYVDG
icpprf_acnt2449,Intuit@!123,SGHRM
icpprf_acnt2450,Intuit@!123,CUFXN
icpprf_acnt2451,Intuit@!123,YSQBM
icpprf_acnt2452,Intuit@!123,OWXTQ
icpprf_acnt2453,Intuit@!123,FBCHG
icpprf_acnt2454,Intuit@!123,HEKTI
icpprf_acnt2455,Intuit@!123,IWZDZ
icpprf_acnt2456,Intuit@!123,AHHTC
icpprf_acnt2457,Intuit@!123,VQSMC
icpprf_acnt2458,Intuit@!123,USBGU
icpprf_acnt2459,Intuit@!123,ZNTGT
icpprf_acnt2460,Intuit@!123,HWHPM
icpprf_acnt2461,Intuit@!123,QBLYX
icpprf_acnt2462,Intuit@!123,ESTMR
icpprf_acnt2463,Intuit@!123,WLZRH
icpprf_acnt2464,Intuit@!123,SIQYH
icpprf_acnt2465,Intuit@!123,TCOHP
icpprf_acnt2466,Intuit@!123,XMJLN
icpprf_acnt2467,Intuit@!123,YHMIP
icpprf_acnt2468,Intuit@!123,AWATE
icpprf_acnt2469,Intuit@!123,UJWOU
icpprf_acnt2470,Intuit@!123,MHACT
icpprf_acnt2471,Intuit@!123,RGBBS
icpprf_acnt2472,Intuit@!123,WNUNZ
icpprf_acnt2473,Intuit@!123,JNBIS
icpprf_acnt2474,Intuit@!123,GWTAC
icpprf_acnt2475,Intuit@!123,WIGNO
icpprf_acnt2476,Intuit@!123,MRSSM
icpprf_acnt2477,Intuit@!123,RUFJF
icpprf_acnt2478,Intuit@!123,WVAOT
icpprf_acnt2479,Intuit@!123,TAAHH
icpprf_acnt2480,Intuit@!123,YJEGA
icpprf_acnt2481,Intuit@!123,PMDGN
icpprf_acnt2482,Intuit@!123,CNMUL
icpprf_acnt2483,Intuit@!123,CMUOH
icpprf_acnt2484,Intuit@!123,HQNFP
icpprf_acnt2485,Intuit@!123,ALDBE
icpprf_acnt2486,Intuit@!123,LCWFD
icpprf_acnt2487,Intuit@!123,EMQNR
icpprf_acnt2488,Intuit@!123,JXMMA
icpprf_acnt2489,Intuit@!123,FIXTC
icpprf_acnt2490,Intuit@!123,LRRUE
icpprf_acnt2491,Intuit@!123,NSZWO
icpprf_acnt2492,Intuit@!123,NWSRQ
icpprf_acnt2493,Intuit@!123,LOCDH
icpprf_acnt2494,Intuit@!123,OOIYQ
icpprf_acnt2495,Intuit@!123,YHLSF
icpprf_acnt2496,Intuit@!123,HIPWS
icpprf_acnt2497,Intuit@!123,MFRNT
icpprf_acnt2498,Intuit@!123,DACKD
icpprf_acnt2499,Intuit@!123,JIXPA
icpprf_acnt2500,Intuit@!123,OYBQS
icpprf_acnt2501,Intuit@!123,MMOHS
icpprf_acnt2502,Intuit@!123,PSYKB
icpprf_acnt2503,Intuit@!123,YIZWT
icpprf_acnt2504,Intuit@!123,MQJUB
icpprf_acnt2505,Intuit@!123,KGDXA
icpprf_acnt2506,Intuit@!123,GRHRE
icpprf_acnt2507,Intuit@!123,IBYOF
icpprf_acnt2508,Intuit@!123,BFDOX
icpprf_acnt2509,Intuit@!123,NJBRW
icpprf_acnt2510,Intuit@!123,RCTIO
icpprf_acnt2511,Intuit@!123,QDONL
icpprf_acnt2512,Intuit@!123,VGZXY
icpprf_acnt2513,Intuit@!123,BZARG
icpprf_acnt2514,Intuit@!123,ZBHLL
icpprf_acnt2515,Intuit@!123,KSAZV
icpprf_acnt2516,Intuit@!123,PXLIV
icpprf_acnt2517,Intuit@!123,FOADH
icpprf_acnt2518,Intuit@!123,DYTQD
icpprf_acnt2519,Intuit@!123,VUXEP
icpprf_acnt2520,Intuit@!123,UVFCE
icpprf_acnt2521,Intuit@!123,VRFRW
icpprf_acnt2522,Intuit@!123,BAZVN
icpprf_acnt2523,Intuit@!123,MHANR
icpprf_acnt2524,Intuit@!123,JPKPE
icpprf_acnt2525,Intuit@!123,JYOMC
icpprf_acnt2526,Intuit@!123,VDRZC
icpprf_acnt2527,Intuit@!123,VYESY
icpprf_acnt2528,Intuit@!123,BRMIK
icpprf_acnt2529,Intuit@!123,UXIKP
icpprf_acnt2530,Intuit@!123,ZTQBP
icpprf_acnt2531,Intuit@!123,GHBSH
icpprf_acnt2532,Intuit@!123,SOIYI
icpprf_acnt2533,Intuit@!123,XGFDA
icpprf_acnt2534,Intuit@!123,LJXKE
icpprf_acnt2535,Intuit@!123,FIAAU
icpprf_acnt2536,Intuit@!123,LRQEJ
icpprf_acnt2537,Intuit@!123,ZYDFZ
icpprf_acnt2538,Intuit@!123,JPYNL
icpprf_acnt2539,Intuit@!123,BQMLH
icpprf_acnt2540,Intuit@!123,KJUAO
icpprf_acnt2541,Intuit@!123,WDGJI
icpprf_acnt2542,Intuit@!123,YQSLL
icpprf_acnt2543,Intuit@!123,LRUGV
icpprf_acnt2544,Intuit@!123,AXTTF
icpprf_acnt2545,Intuit@!123,DHYSK
icpprf_acnt2546,Intuit@!123,GCMWK
icpprf_acnt2547,Intuit@!123,BXIEI
icpprf_acnt2548,Intuit@!123,DBBFQ
icpprf_acnt2549,Intuit@!123,UTUSE
icpprf_acnt2550,Intuit@!123,TBKPF
icpprf_acnt2551,Intuit@!123,CVQFQ
icpprf_acnt2552,Intuit@!123,UVLBO
icpprf_acnt2553,Intuit@!123,HENNS
icpprf_acnt2554,Intuit@!123,UUEED
icpprf_acnt2555,Intuit@!123,RVSUF
icpprf_acnt2556,Intuit@!123,RFNXO
icpprf_acnt2557,Intuit@!123,TBVXE
icpprf_acnt2558,Intuit@!123,JXLVG
icpprf_acnt2559,Intuit@!123,NGVAB
icpprf_acnt2560,Intuit@!123,STMCW
icpprf_acnt2561,Intuit@!123,KFKDC
icpprf_acnt2562,Intuit@!123,VXMMW
icpprf_acnt2563,Intuit@!123,FHWOZ
icpprf_acnt2564,Intuit@!123,OFOVS
icpprf_acnt2565,Intuit@!123,VUHVI
icpprf_acnt2566,Intuit@!123,AIDHS
icpprf_acnt2567,Intuit@!123,IVZCN
icpprf_acnt2568,Intuit@!123,PVHSG
icpprf_acnt2569,Intuit@!123,EGTND
icpprf_acnt2570,Intuit@!123,CPKEY
icpprf_acnt2571,Intuit@!123,USPTI
icpprf_acnt2572,Intuit@!123,IXXNF
icpprf_acnt2573,Intuit@!123,OXKQW
icpprf_acnt2574,Intuit@!123,WMJPA
icpprf_acnt2575,Intuit@!123,WPLJA
icpprf_acnt2576,Intuit@!123,GOIDR
icpprf_acnt2577,Intuit@!123,QZMQW
icpprf_acnt2578,Intuit@!123,QPYOM
icpprf_acnt2579,Intuit@!123,XDSID
icpprf_acnt2580,Intuit@!123,CZWHV
icpprf_acnt2581,Intuit@!123,GOUIP
icpprf_acnt2582,Intuit@!123,BQDKC
icpprf_acnt2583,Intuit@!123,UUGVA
icpprf_acnt2584,Intuit@!123,UVEMR
icpprf_acnt2585,Intuit@!123,AHADA
icpprf_acnt2586,Intuit@!123,SFNZG
icpprf_acnt2587,Intuit@!123,HBOZL
icpprf_acnt2588,Intuit@!123,QADXT
icpprf_acnt2589,Intuit@!123,CGNNP
icpprf_acnt2590,Intuit@!123,XXPVE
icpprf_acnt2591,Intuit@!123,FVYMC
icpprf_acnt2592,Intuit@!123,AJAWF
icpprf_acnt2593,Intuit@!123,KMLGQ
icpprf_acnt2594,Intuit@!123,RFNZI
icpprf_acnt2595,Intuit@!123,EZXZB
icpprf_acnt2596,Intuit@!123,AYUFI
icpprf_acnt2597,Intuit@!123,TDORZ
icpprf_acnt2598,Intuit@!123,BWVFJ
icpprf_acnt2599,Intuit@!123,SLOMG
icpprf_acnt2600,Intuit@!123,RDEVC
icpprf_acnt2601,Intuit@!123,RXHIH
icpprf_acnt2602,Intuit@!123,OQSTE
icpprf_acnt2603,Intuit@!123,ZXHZS
icpprf_acnt2604,Intuit@!123,SUKVT
icpprf_acnt2605,Intuit@!123,HWQTF
icpprf_acnt2606,Intuit@!123,RBSWW
icpprf_acnt2607,Intuit@!123,QJKSP
icpprf_acnt2608,Intuit@!123,DRDJF
icpprf_acnt2609,Intuit@!123,LFNYX
icpprf_acnt2610,Intuit@!123,RETSO
icpprf_acnt2611,Intuit@!123,SXQGR
icpprf_acnt2612,Intuit@!123,CCAZE
icpprf_acnt2613,Intuit@!123,ZSZAX
icpprf_acnt2614,Intuit@!123,HFHJJ
icpprf_acnt2615,Intuit@!123,WQWYB
icpprf_acnt2616,Intuit@!123,TKGJV
icpprf_acnt2617,Intuit@!123,PFJRE
icpprf_acnt2618,Intuit@!123,MVQAX
icpprf_acnt2619,Intuit@!123,SLHHI
icpprf_acnt2620,Intuit@!123,UYPRB
icpprf_acnt2621,Intuit@!123,HTFBC
icpprf_acnt2622,Intuit@!123,IDWXN
icpprf_acnt2623,Intuit@!123,WPBYY
icpprf_acnt2624,Intuit@!123,LWRJT
icpprf_acnt2625,Intuit@!123,DBMLQ
icpprf_acnt2626,Intuit@!123,FVUUS
icpprf_acnt2627,Intuit@!123,ZVIBP
icpprf_acnt2628,Intuit@!123,JHISS
icpprf_acnt2629,Intuit@!123,QNGZP
icpprf_acnt2630,Intuit@!123,CZKIP
icpprf_acnt2631,Intuit@!123,CVJQF
icpprf_acnt2632,Intuit@!123,EMWAL
icpprf_acnt2633,Intuit@!123,DAJPB
icpprf_acnt2634,Intuit@!123,TQELW
icpprf_acnt2635,Intuit@!123,VAZCA
icpprf_acnt2636,Intuit@!123,SICLO
icpprf_acnt2637,Intuit@!123,MWJMG
icpprf_acnt2638,Intuit@!123,SJOBP
icpprf_acnt2639,Intuit@!123,OXPHR
icpprf_acnt2640,Intuit@!123,SJJLP
icpprf_acnt2641,Intuit@!123,YGZBY
icpprf_acnt2642,Intuit@!123,KBDBQ
icpprf_acnt2643,Intuit@!123,GFSKU
icpprf_acnt2644,Intuit@!123,RSALR
icpprf_acnt2645,Intuit@!123,SFGQJ
icpprf_acnt2646,Intuit@!123,KWJVY
icpprf_acnt2647,Intuit@!123,AICXE
icpprf_acnt2648,Intuit@!123,MWLHI
icpprf_acnt2649,Intuit@!123,EIVLQ
icpprf_acnt2650,Intuit@!123,PELJI
icpprf_acnt2651,Intuit@!123,KZXOQ
icpprf_acnt2652,Intuit@!123,VWZHC
icpprf_acnt2653,Intuit@!123,LFKBJ
icpprf_acnt2654,Intuit@!123,UBQCX
icpprf_acnt2655,Intuit@!123,VCHEX
icpprf_acnt2656,Intuit@!123,GYORQ
icpprf_acnt2657,Intuit@!123,VWWJS
icpprf_acnt2658,Intuit@!123,EWHFV
icpprf_acnt2659,Intuit@!123,MTMYQ
icpprf_acnt2660,Intuit@!123,WXFCX
icpprf_acnt2661,Intuit@!123,RYLCQ
icpprf_acnt2662,Intuit@!123,XHRZY
icpprf_acnt2663,Intuit@!123,CZPYG
icpprf_acnt2664,Intuit@!123,YIVHZ
icpprf_acnt2665,Intuit@!123,DTTRF
icpprf_acnt2666,Intuit@!123,WBDSK
icpprf_acnt2667,Intuit@!123,BPBLI
icpprf_acnt2668,Intuit@!123,ISATY
icpprf_acnt2669,Intuit@!123,IGENB
icpprf_acnt2670,Intuit@!123,SKIPO
icpprf_acnt2671,Intuit@!123,DRTWW
icpprf_acnt2672,Intuit@!123,VRHKX
icpprf_acnt2673,Intuit@!123,XXEYR
icpprf_acnt2674,Intuit@!123,ASOMD
icpprf_acnt2675,Intuit@!123,XBFXT
icpprf_acnt2676,Intuit@!123,YTGGJ
icpprf_acnt2677,Intuit@!123,GLGEM
icpprf_acnt2678,Intuit@!123,IDOWG
icpprf_acnt2679,Intuit@!123,DMQCX
icpprf_acnt2680,Intuit@!123,JKKKQ
icpprf_acnt2681,Intuit@!123,DDJGS
icpprf_acnt2682,Intuit@!123,KIUUK
icpprf_acnt2683,Intuit@!123,YMJRL
icpprf_acnt2684,Intuit@!123,BJECB
icpprf_acnt2685,Intuit@!123,AVVKD
icpprf_acnt2686,Intuit@!123,XZGHD
icpprf_acnt2687,Intuit@!123,ZWCVS
icpprf_acnt2688,Intuit@!123,LQCTB
icpprf_acnt2689,Intuit@!123,HUFXO
icpprf_acnt2690,Intuit@!123,EXQRE
icpprf_acnt2691,Intuit@!123,OGOXS
icpprf_acnt2692,Intuit@!123,JMZHP
icpprf_acnt2693,Intuit@!123,LEZQW
icpprf_acnt2694,Intuit@!123,PTCLQ
icpprf_acnt2695,Intuit@!123,EEOIV
icpprf_acnt2696,Intuit@!123,JAWZG
icpprf_acnt2697,Intuit@!123,ZAJKU
icpprf_acnt2698,Intuit@!123,MWBTV
icpprf_acnt2699,Intuit@!123,GNILI
icpprf_acnt2700,Intuit@!123,QJJZN
icpprf_acnt2701,Intuit@!123,JCINK
icpprf_acnt2702,Intuit@!123,OTJIT
icpprf_acnt2703,Intuit@!123,DCFLH
icpprf_acnt2704,Intuit@!123,SPRLI
icpprf_acnt2705,Intuit@!123,CMFLI
icpprf_acnt2706,Intuit@!123,XJRFS
icpprf_acnt2707,Intuit@!123,NMBTQ
icpprf_acnt2708,Intuit@!123,DIHLL
icpprf_acnt2709,Intuit@!123,RABME
icpprf_acnt2710,Intuit@!123,CPKMQ
icpprf_acnt2711,Intuit@!123,WJOBT
icpprf_acnt2712,Intuit@!123,WTRSX
icpprf_acnt2713,Intuit@!123,PTKOU
icpprf_acnt2714,Intuit@!123,ORXSR
icpprf_acnt2715,Intuit@!123,VDIEG
icpprf_acnt2716,Intuit@!123,ALSFF
icpprf_acnt2717,Intuit@!123,BFPQM
icpprf_acnt2718,Intuit@!123,KONXZ
icpprf_acnt2719,Intuit@!123,ETKXE
icpprf_acnt2720,Intuit@!123,KCUPS
icpprf_acnt2721,Intuit@!123,FILGP
icpprf_acnt2722,Intuit@!123,MZQPM
icpprf_acnt2723,Intuit@!123,NHVLW
icpprf_acnt2724,Intuit@!123,MGBET
icpprf_acnt2725,Intuit@!123,IZJNW
icpprf_acnt2726,Intuit@!123,AXZKG
icpprf_acnt2727,Intuit@!123,ORTTU
icpprf_acnt2728,Intuit@!123,AUDBH
icpprf_acnt2729,Intuit@!123,FXSEG
icpprf_acnt2730,Intuit@!123,YAGYZ
icpprf_acnt2731,Intuit@!123,IRTAK
icpprf_acnt2732,Intuit@!123,TAPNM
icpprf_acnt2733,Intuit@!123,CACRS
icpprf_acnt2734,Intuit@!123,PRNCC
icpprf_acnt2735,Intuit@!123,VSMDB
icpprf_acnt2736,Intuit@!123,UVEMS
icpprf_acnt2737,Intuit@!123,GPJJP
icpprf_acnt2738,Intuit@!123,LUUAT
icpprf_acnt2739,Intuit@!123,YSXUN
icpprf_acnt2740,Intuit@!123,SBUHT
icpprf_acnt2741,Intuit@!123,DOTYZ
icpprf_acnt2742,Intuit@!123,JZZWH
icpprf_acnt2743,Intuit@!123,BYFMY
icpprf_acnt2744,Intuit@!123,PAJKD
icpprf_acnt2745,Intuit@!123,FERBA
icpprf_acnt2746,Intuit@!123,VREQN
icpprf_acnt2747,Intuit@!123,AFBKS
icpprf_acnt2748,Intuit@!123,DUQGD
icpprf_acnt2749,Intuit@!123,TXLXT
icpprf_acnt2750,Intuit@!123,CMLGQ
icpprf_acnt2751,Intuit@!123,FHJUY
icpprf_acnt2752,Intuit@!123,JLZNH
icpprf_acnt2753,Intuit@!123,RFWAA
icpprf_acnt2754,Intuit@!123,VWBMS
icpprf_acnt2755,Intuit@!123,AYPNR
icpprf_acnt2756,Intuit@!123,MWRAU
icpprf_acnt2757,Intuit@!123,BFNRA
icpprf_acnt2758,Intuit@!123,FUCFV
icpprf_acnt2759,Intuit@!123,VQFBG
icpprf_acnt2760,Intuit@!123,ABPDK
icpprf_acnt2761,Intuit@!123,VTSEQ
icpprf_acnt2762,Intuit@!123,XXLRF
icpprf_acnt2763,Intuit@!123,LTLXD
icpprf_acnt2764,Intuit@!123,RFCBK
icpprf_acnt2765,Intuit@!123,ADBAY
icpprf_acnt2766,Intuit@!123,LDAHX
icpprf_acnt2767,Intuit@!123,SVBKO
icpprf_acnt2768,Intuit@!123,PKBEU
icpprf_acnt2769,Intuit@!123,TGKUV
icpprf_acnt2770,Intuit@!123,XKWEQ
icpprf_acnt2771,Intuit@!123,XUXZS
icpprf_acnt2772,Intuit@!123,VIRBJ
icpprf_acnt2773,Intuit@!123,QZTKK
icpprf_acnt2774,Intuit@!123,NWBQD
icpprf_acnt2775,Intuit@!123,DJGOJ
icpprf_acnt2776,Intuit@!123,BBRLL
icpprf_acnt2777,Intuit@!123,CAYHF
icpprf_acnt2778,Intuit@!123,IEEJO
icpprf_acnt2779,Intuit@!123,MFALE
icpprf_acnt2780,Intuit@!123,YXSBB
icpprf_acnt2781,Intuit@!123,BHQQK
icpprf_acnt2782,Intuit@!123,LFIGJ
icpprf_acnt2783,Intuit@!123,EGHGE
icpprf_acnt2784,Intuit@!123,VFNLE
icpprf_acnt2785,Intuit@!123,NDTDH
icpprf_acnt2786,Intuit@!123,IWPLG
icpprf_acnt2787,Intuit@!123,VDUHY
icpprf_acnt2788,Intuit@!123,VFQXV
icpprf_acnt2789,Intuit@!123,UMVFA
icpprf_acnt2790,Intuit@!123,EUJGZ
icpprf_acnt2791,Intuit@!123,HUGIN
icpprf_acnt2792,Intuit@!123,FZSHW
icpprf_acnt2793,Intuit@!123,IHPVA
icpprf_acnt2794,Intuit@!123,AABWI
icpprf_acnt2795,Intuit@!123,ZOFWT
icpprf_acnt2796,Intuit@!123,QQGOQ
icpprf_acnt2797,Intuit@!123,QTBYU
icpprf_acnt2798,Intuit@!123,OMBOT
icpprf_acnt2799,Intuit@!123,KTTAQ
icpprf_acnt2800,Intuit@!123,MOAEM
icpprf_acnt2801,Intuit@!123,OQFMB
icpprf_acnt2802,Intuit@!123,BLQED
icpprf_acnt2803,Intuit@!123,QLDEA
icpprf_acnt2804,Intuit@!123,COYEU
icpprf_acnt2805,Intuit@!123,HWGRS
icpprf_acnt2806,Intuit@!123,TQZUT
icpprf_acnt2807,Intuit@!123,KVRCO
icpprf_acnt2808,Intuit@!123,EIYUO
icpprf_acnt2809,Intuit@!123,BTBEP
icpprf_acnt2810,Intuit@!123,YATKV
icpprf_acnt2811,Intuit@!123,SNGRJ
icpprf_acnt2812,Intuit@!123,PZMRS
icpprf_acnt2813,Intuit@!123,ZZJFI
icpprf_acnt2814,Intuit@!123,SOCKI
icpprf_acnt2815,Intuit@!123,ZYECR
icpprf_acnt2816,Intuit@!123,QQAOS
icpprf_acnt2817,Intuit@!123,BMJGR
icpprf_acnt2818,Intuit@!123,UMFAZ
icpprf_acnt2819,Intuit@!123,ZQQOZ
icpprf_acnt2820,Intuit@!123,RNNVO
icpprf_acnt2821,Intuit@!123,HXYKB
icpprf_acnt2822,Intuit@!123,ROJFV
icpprf_acnt2823,Intuit@!123,HWTIM
icpprf_acnt2824,Intuit@!123,QSJCF
icpprf_acnt2825,Intuit@!123,JAGAB
icpprf_acnt2826,Intuit@!123,ULQWV
icpprf_acnt2827,Intuit@!123,PNEIF
icpprf_acnt2828,Intuit@!123,ZMABD
icpprf_acnt2829,Intuit@!123,PARLZ
icpprf_acnt2830,Intuit@!123,VWGHG
icpprf_acnt2831,Intuit@!123,PTAPF
icpprf_acnt2832,Intuit@!123,EXQFV
icpprf_acnt2833,Intuit@!123,PZKRZ
icpprf_acnt2834,Intuit@!123,MYUMI
icpprf_acnt2835,Intuit@!123,VGJNJ
icpprf_acnt2836,Intuit@!123,ODJMU
icpprf_acnt2837,Intuit@!123,IBPRO
icpprf_acnt2838,Intuit@!123,IMEZI
icpprf_acnt2839,Intuit@!123,CXOLZ
icpprf_acnt2840,Intuit@!123,QQDFI
icpprf_acnt2841,Intuit@!123,NTZZI
icpprf_acnt2842,Intuit@!123,QNSML
icpprf_acnt2843,Intuit@!123,VAPWK
icpprf_acnt2844,Intuit@!123,BFXHE
icpprf_acnt2845,Intuit@!123,TBPHV
icpprf_acnt2846,Intuit@!123,DFUAM
icpprf_acnt2847,Intuit@!123,NGQHK
icpprf_acnt2848,Intuit@!123,JKBPD
icpprf_acnt2849,Intuit@!123,QYJHS
icpprf_acnt2850,Intuit@!123,YTXPG
icpprf_acnt2851,Intuit@!123,JJVSZ
icpprf_acnt2852,Intuit@!123,ISOJF
icpprf_acnt2853,Intuit@!123,JUZRC
icpprf_acnt2854,Intuit@!123,IIOOK
icpprf_acnt2855,Intuit@!123,GYTUI
icpprf_acnt2856,Intuit@!123,QHIVS
icpprf_acnt2857,Intuit@!123,URLZW
icpprf_acnt2858,Intuit@!123,CUVHG
icpprf_acnt2859,Intuit@!123,CBANH
icpprf_acnt2860,Intuit@!123,SSEOG
icpprf_acnt2861,Intuit@!123,IQZMH
icpprf_acnt2862,Intuit@!123,AUCPD
icpprf_acnt2863,Intuit@!123,ANJRL
icpprf_acnt2864,Intuit@!123,AESFN
icpprf_acnt2865,Intuit@!123,RMVET
icpprf_acnt2866,Intuit@!123,HYNNB
icpprf_acnt2867,Intuit@!123,MDTYG
icpprf_acnt2868,Intuit@!123,NCSSN
icpprf_acnt2869,Intuit@!123,EDCDQ
icpprf_acnt2870,Intuit@!123,NKOOM
icpprf_acnt2871,Intuit@!123,OCFBG
icpprf_acnt2872,Intuit@!123,HTFKQ
icpprf_acnt2873,Intuit@!123,GQZCQ
icpprf_acnt2874,Intuit@!123,OJURF
icpprf_acnt2875,Intuit@!123,WHDEK
icpprf_acnt2876,Intuit@!123,DSPQB
icpprf_acnt2877,Intuit@!123,EZIRB
icpprf_acnt2878,Intuit@!123,SAAKC
icpprf_acnt2879,Intuit@!123,LTHYC
icpprf_acnt2880,Intuit@!123,YYATK
icpprf_acnt2881,Intuit@!123,OLKII
icpprf_acnt2882,Intuit@!123,KVOSS
icpprf_acnt2883,Intuit@!123,GINSL
icpprf_acnt2884,Intuit@!123,FHNXN
icpprf_acnt2885,Intuit@!123,UCNFP
icpprf_acnt2886,Intuit@!123,BVNHT
icpprf_acnt2887,Intuit@!123,NEMZR
icpprf_acnt2888,Intuit@!123,KJDRJ
icpprf_acnt2889,Intuit@!123,SRLPS
icpprf_acnt2890,Intuit@!123,FPODS
icpprf_acnt2891,Intuit@!123,JGYKJ
icpprf_acnt2892,Intuit@!123,MXAPV
icpprf_acnt2893,Intuit@!123,MDMGS
icpprf_acnt2894,Intuit@!123,UTNJU
icpprf_acnt2895,Intuit@!123,PIEEI
icpprf_acnt2896,Intuit@!123,PLQFI
icpprf_acnt2897,Intuit@!123,SQHEX
icpprf_acnt2898,Intuit@!123,HHBXO
icpprf_acnt2899,Intuit@!123,MPXPP
icpprf_acnt2900,Intuit@!123,PGMLQ
icpprf_acnt2901,Intuit@!123,KXTDV
icpprf_acnt2902,Intuit@!123,CRDZR
icpprf_acnt2903,Intuit@!123,YUEZL
icpprf_acnt2904,Intuit@!123,JCBSB
icpprf_acnt2905,Intuit@!123,NXYUP
icpprf_acnt2906,Intuit@!123,MPHXN
icpprf_acnt2907,Intuit@!123,ACEIN
icpprf_acnt2908,Intuit@!123,ATQFV
icpprf_acnt2909,Intuit@!123,GTSIZ
icpprf_acnt2910,Intuit@!123,GXNLI
icpprf_acnt2911,Intuit@!123,QWQEE
icpprf_acnt2912,Intuit@!123,QYXBG
icpprf_acnt2913,Intuit@!123,MXIDK
icpprf_acnt2914,Intuit@!123,DQHEK
icpprf_acnt2915,Intuit@!123,PEQYW
icpprf_acnt2916,Intuit@!123,CMLFY
icpprf_acnt2917,Intuit@!123,RJYNC
icpprf_acnt2918,Intuit@!123,LQZPT
icpprf_acnt2919,Intuit@!123,DCXFZ
icpprf_acnt2920,Intuit@!123,DVPGT
icpprf_acnt2921,Intuit@!123,NNVYA
icpprf_acnt2922,Intuit@!123,WBVAR
icpprf_acnt2923,Intuit@!123,PSOQJ
icpprf_acnt2924,Intuit@!123,MLMZT
icpprf_acnt2925,Intuit@!123,VTPDN
icpprf_acnt2926,Intuit@!123,RZXKN
icpprf_acnt2927,Intuit@!123,XWELM
icpprf_acnt2928,Intuit@!123,GOVBB
icpprf_acnt2929,Intuit@!123,VBORP
icpprf_acnt2930,Intuit@!123,LEOTD
icpprf_acnt2931,Intuit@!123,FTGWC
icpprf_acnt2932,Intuit@!123,URXJS
icpprf_acnt2933,Intuit@!123,TDGYP
icpprf_acnt2934,Intuit@!123,DYKJM
icpprf_acnt2935,Intuit@!123,OSJIH
icpprf_acnt2936,Intuit@!123,ADVDB
icpprf_acnt2937,Intuit@!123,ATFWL
icpprf_acnt2938,Intuit@!123,EHJJQ
icpprf_acnt2939,Intuit@!123,VORXL
icpprf_acnt2940,Intuit@!123,IKPFZ
icpprf_acnt2941,Intuit@!123,FKQWF
icpprf_acnt2942,Intuit@!123,TYAFL
icpprf_acnt2943,Intuit@!123,JVZMX
icpprf_acnt2944,Intuit@!123,CDJTE
icpprf_acnt2945,Intuit@!123,XFPPI
icpprf_acnt2946,Intuit@!123,WLUPI
icpprf_acnt2947,Intuit@!123,CJTIX
icpprf_acnt2948,Intuit@!123,RDGJU
icpprf_acnt2949,Intuit@!123,NQNWM
icpprf_acnt2950,Intuit@!123,QZUPN
icpprf_acnt2951,Intuit@!123,DVVGR
icpprf_acnt2952,Intuit@!123,UTFAP
icpprf_acnt2953,Intuit@!123,BWVHL
icpprf_acnt2954,Intuit@!123,NLKKO
icpprf_acnt2955,Intuit@!123,QIOMA
icpprf_acnt2956,Intuit@!123,SOLTD
icpprf_acnt2957,Intuit@!123,ELKSD
icpprf_acnt2958,Intuit@!123,ORQYO
icpprf_acnt2959,Intuit@!123,HSXUZ
icpprf_acnt2960,Intuit@!123,RLTRF
icpprf_acnt2961,Intuit@!123,LNATV
icpprf_acnt2962,Intuit@!123,PQQMW
icpprf_acnt2963,Intuit@!123,PMAUH
icpprf_acnt2964,Intuit@!123,JJZLW
icpprf_acnt2965,Intuit@!123,OAURE
icpprf_acnt2966,Intuit@!123,CGQGY
icpprf_acnt2967,Intuit@!123,JCNYS
icpprf_acnt2968,Intuit@!123,WROEV
icpprf_acnt2969,Intuit@!123,NEWEV
icpprf_acnt2970,Intuit@!123,TVORF
icpprf_acnt2971,Intuit@!123,QYTPS
icpprf_acnt2972,Intuit@!123,CEEQR
icpprf_acnt2973,Intuit@!123,IYNZM
icpprf_acnt2974,Intuit@!123,AECKA
icpprf_acnt2975,Intuit@!123,TRUEV
icpprf_acnt2976,Intuit@!123,ALUDL
icpprf_acnt2977,Intuit@!123,UWWEQ
icpprf_acnt2978,Intuit@!123,IFTCB
icpprf_acnt2979,Intuit@!123,NPZCU
icpprf_acnt2980,Intuit@!123,GVUQV
icpprf_acnt2981,Intuit@!123,SWQCW
icpprf_acnt2982,Intuit@!123,ECUAQ
icpprf_acnt2983,Intuit@!123,FAJIE
icpprf_acnt2984,Intuit@!123,RUJPE
icpprf_acnt2985,Intuit@!123,GEEWT
icpprf_acnt2986,Intuit@!123,WIDGZ
icpprf_acnt2987,Intuit@!123,JPMYX
icpprf_acnt2988,Intuit@!123,KQAQP
icpprf_acnt2989,Intuit@!123,QYGXX
icpprf_acnt2990,Intuit@!123,DBHPO
icpprf_acnt2991,Intuit@!123,JGKNL
icpprf_acnt2992,Intuit@!123,PUVHF
icpprf_acnt2993,Intuit@!123,FECCD
icpprf_acnt2994,Intuit@!123,MYVDZ
icpprf_acnt2995,Intuit@!123,EAQMW
icpprf_acnt2996,Intuit@!123,TCSGA
icpprf_acnt2997,Intuit@!123,QDFMP
icpprf_acnt2998,Intuit@!123,HGGMK
icpprf_acnt2999,Intuit@!123,NXRRN
icpprf_acnt3000,Intuit@!123,MWBLI
icpprf_acnt3001,Intuit@!123,CSTEO
icpprf_acnt3002,Intuit@!123,SXEPT
icpprf_acnt3003,Intuit@!123,XXOEX