icpprf_acnt1,Intuit@!123,9.74E+15,HGGMK,TJWWS,QAGJJ
icpprf_acnt2,Intuit@!123,9.64E+15,NXRRN,PWCRZ,FATMF
icpprf_acnt3,Intuit@!123,9.64E+15,MWBLI,YKNUM,ABHTW
icpprf_acnt4,Intuit@!123,9.75E+15,CSTEO,JTZEZ,KJQOT
icpprf_acnt5,Intuit@!123,9.75E+15,SXEPT,NZZRS,ELZIU
icpprf_acnt6,Intuit@!123,9.65E+15,XXOEX,ZGCQK,NEGGE
icpprf_acnt7,Intuit@!123,9.74E+15,DKTQO,BJGCT,OVAII
icpprf_acnt8,Intuit@!123,9.75E+15,FBRXW,MVYFE,LLRGC
icpprf_acnt9,Intuit@!123,9.75E+15,CMKNP,YINHZ,UIMPN
icpprf_acnt10,Intuit@!123,9.75E+15,YDVYO,IIIMI,CYDXX
icpprf_acnt11,Intuit@!123,9.74E+15,BREDS,NNWAP,HLWGJ
icpprf_acnt12,Intuit@!123,9.75E+15,KWVTM,HHZDI,BOFZH
icpprf_acnt13,Intuit@!123,9.75E+15,YOGPJ,LYSCF,YSMZG
icpprf_acnt14,Intuit@!123,9.64E+15,LDMIE,ORQXV,IGORS
icpprf_acnt15,Intuit@!123,9.65E+15,SOGPK,PBORT,BKSBQ
icpprf_acnt16,Intuit@!123,9.74E+15,OVDPO,KLKNZ,RKSGQ
icpprf_acnt17,Intuit@!123,9.64E+15,GZERS,EIRHX,VLDZU
icpprf_acnt18,Intuit@!123,9.64E+15,RPLGQ,PYLLB,IYHHY
icpprf_acnt19,Intuit@!123,9.75E+15,AZKNG,ILWAP,HCNUS
icpprf_acnt20,Intuit@!123,9.75E+15,KSSEP,LETLM,URVWS
icpprf_acnt21,Intuit@!123,9.65E+15,LNRQD,SZWKH,LPFRR
icpprf_acnt22,Intuit@!123,9.74E+15,DRQGW,XKAEF,MPITY
icpprf_acnt23,Intuit@!123,9.75E+15,VWUWL,UUVLN,LSHVA
icpprf_acnt24,Intuit@!123,9.75E+15,LBGPQ,UGLVC,XGPBV
icpprf_acnt25,Intuit@!123,9.75E+15,JXOJA,HQQXD,GJVXS
icpprf_acnt26,Intuit@!123,9.74E+15,CVVKI,DUNHL,BIHIP
icpprf_acnt27,Intuit@!123,9.75E+15,ZXSCU,MZRID,OSLJK
icpprf_acnt28,Intuit@!123,9.75E+15,TLUFF,TKXHC,VPAAM
icpprf_acnt29,Intuit@!123,9.64E+15,VMXWX,JSFKA,FENCH
icpprf_acnt30,Intuit@!123,9.65E+15,RSPSB,YHCKW,XJPEM
icpprf_acnt31,Intuit@!123,9.74E+15,ESXHP,NFFTF,QUCMQ
icpprf_acnt32,Intuit@!123,9.64E+15,QASJJ,MBMXF,JLAJJ
icpprf_acnt33,Intuit@!123,9.64E+15,FQKMY,JKSXW,AUCBG
icpprf_acnt34,Intuit@!123,9.75E+15,NITJM,EJQEL,MTSFM
icpprf_acnt35,Intuit@!123,9.75E+15,DPYZA,YZPWC,ZOEQN
icpprf_acnt36,Intuit@!123,9.65E+15,PIZRY,THQGG,KJQGC
icpprf_acnt37,Intuit@!123,9.74E+15,NXCZW,CKUWC,FOXLO
icpprf_acnt38,Intuit@!123,9.75E+15,HHUME,FZHFO,LCCNE
icpprf_acnt39,Intuit@!123,9.75E+15,ZGSWB,ZHJHV,NEYCU
icpprf_acnt40,Intuit@!123,9.75E+15,FAZTR,JZREO,RJBJM
icpprf_acnt41,Intuit@!123,9.74E+15,LPVGE,SKTOC,RWPRN
icpprf_acnt42,Intuit@!123,9.75E+15,XRUFT,FLKTX,AGLWI
icpprf_acnt43,Intuit@!123,9.75E+15,JBFLZ,EBCYO,KGFCH
icpprf_acnt44,Intuit@!123,9.64E+15,VZUBI,BCQAZ,XQKSN
icpprf_acnt45,Intuit@!123,9.65E+15,SKDSC,JXVWK,YKUTO
icpprf_acnt46,Intuit@!123,9.74E+15,ERGEI,FOLIW,QCFMO
icpprf_acnt47,Intuit@!123,9.64E+15,GYOQQ,XZHBE,LITYH
icpprf_acnt48,Intuit@!123,9.64E+15,JXDQQ,EOWFN,UFTAU
icpprf_acnt49,Intuit@!123,9.75E+15,RXIIY,JWBJL,DUEYG
icpprf_acnt50,Intuit@!123,9.75E+15,ZJMDU,JAHJD,AWPFN
icpprf_acnt51,Intuit@!123,9.65E+15,GTCDG,XVWLP,AIJIX
icpprf_acnt52,Intuit@!123,9.74E+15,GLCDN,PXGHP,SRGZZ
icpprf_acnt53,Intuit@!123,9.75E+15,FYLYL,MVIPO,IKXLM
icpprf_acnt54,Intuit@!123,9.75E+15,FDLQP,ORUKJ,LQQFW
icpprf_acnt55,Intuit@!123,9.75E+15,BNASF,MVOVN,PJQFN
icpprf_acnt56,Intuit@!123,9.74E+15,BNFWQ,LTVSC,CUJWK
icpprf_acnt57,Intuit@!123,9.75E+15,UQLCA,RDWOU,KRFQW
icpprf_acnt58,Intuit@!123,9.75E+15,ZXLXW,KWMBV,QYHXQ
icpprf_acnt59,Intuit@!123,9.64E+15,JRDIC,MSNCJ,TBUIO
icpprf_acnt60,Intuit@!123,9.65E+15,YURMA,ZFXWV,HVMCX
icpprf_acnt61,Intuit@!123,9.74E+15,WEXHY,LKPYQ,LHOYM
icpprf_acnt62,Intuit@!123,9.64E+15,MODUS,VSEFU,GOVYW
icpprf_acnt63,Intuit@!123,9.64E+15,JOWAD,BWTLB,ALGPO
icpprf_acnt64,Intuit@!123,9.75E+15,DTDWP,BTMWC,IONFC
icpprf_acnt65,Intuit@!123,9.75E+15,SOICF,QGYTZ,UHONP
icpprf_acnt66,Intuit@!123,9.65E+15,TSAVV,KPBET,TUNBE
icpprf_acnt67,Intuit@!123,9.74E+15,HNUHT,WEDBB,YHDBX
icpprf_acnt68,Intuit@!123,9.75E+15,BROMG,KSKIE,WVEKJ
icpprf_acnt69,Intuit@!123,9.75E+15,MJEFE,TYFGS,GJNNS
icpprf_acnt70,Intuit@!123,9.75E+15,CDITK,AGNQQ,VYQFU
icpprf_acnt71,Intuit@!123,9.74E+15,KDPNM,UMKZN,QJVZT
icpprf_acnt72,Intuit@!123,9.75E+15,OKSJW,QATXL,LKUTM
icpprf_acnt73,Intuit@!123,9.75E+15,IRDFD,DRKCE,QMFLT
icpprf_acnt74,Intuit@!123,9.64E+15,YSXHZ,QNFPB,LWITR
icpprf_acnt75,Intuit@!123,9.65E+15,MFFOD,OLVEP,TNZWX
icpprf_acnt76,Intuit@!123,9.74E+15,WBVPS,SJBAY,FRUFZ
icpprf_acnt77,Intuit@!123,9.64E+15,OJEGX,LYXJE,TWKNQ
icpprf_acnt78,Intuit@!123,9.64E+15,WRYBX,FAIVJ,UGWAV
icpprf_acnt79,Intuit@!123,9.75E+15,UZNEN,CPSXC,DPYGB
icpprf_acnt80,Intuit@!123,9.75E+15,RSLZK,TBQCA,JDJOK
icpprf_acnt81,Intuit@!123,9.65E+15,FUFBI,QWNFR,FTKUZ
icpprf_acnt82,Intuit@!123,9.74E+15,XKKKW,VTVWU,QCJZJ
icpprf_acnt83,Intuit@!123,9.75E+15,ODKGJ,SJEBS,WERCW
icpprf_acnt84,Intuit@!123,9.75E+15,KGDGL,WIZXQ,MMREU
icpprf_acnt85,Intuit@!123,9.75E+15,QGYDC,UBMQC,KPPEL
icpprf_acnt86,Intuit@!123,9.74E+15,XZPYF,YQIEW,WAMSR
icpprf_acnt87,Intuit@!123,9.75E+15,RCLGX,BMHUP,LZIGQ
icpprf_acnt88,Intuit@!123,9.75E+15,BMSSQ,TPFYQ,HHOKO
icpprf_acnt89,Intuit@!123,9.64E+15,SYYKT,UDZTS,MFZCG
icpprf_acnt90,Intuit@!123,9.65E+15,PLTBI,LDEQC,DUQNY
icpprf_acnt91,Intuit@!123,9.74E+15,OXVTB,MUJWI,UBVLZ
icpprf_acnt92,Intuit@!123,9.64E+15,HOAUG,ZWTZA,OQUUP
icpprf_acnt93,Intuit@!123,9.64E+15,CAQOB,ZQJPN,ZDLYQ
icpprf_acnt94,Intuit@!123,9.75E+15,WDGKW,PRCPE,AXHGN
icpprf_acnt95,Intuit@!123,9.75E+15,MRLAX,YEUSB,IIRWH
icpprf_acnt96,Intuit@!123,9.65E+15,IGAMM,ISGUP,AMOFC
icpprf_acnt97,Intuit@!123,9.74E+15,BLXLH,HTYLA,SZNQL
icpprf_acnt98,Intuit@!123,9.75E+15,KOLKI,DLKXT,NLBKE
icpprf_acnt99,Intuit@!123,9.75E+15,RUYCK,XSFXZ,BNYOT
icpprf_acnt100,Intuit@!123,9.75E+15,ZITMG,SNHTH,TCWKV
icpprf_acnt101,Intuit@!123,9.74E+15,UQTXU,TMMZS,VBOHE
icpprf_acnt102,Intuit@!123,9.75E+15,FBTQX,MLPCG,XIUPB
icpprf_acnt103,Intuit@!123,9.75E+15,NMJXA,YMRQR,MLKWT
icpprf_acnt104,Intuit@!123,9.64E+15,MXDWD,QELLZ,DWUTO
icpprf_acnt105,Intuit@!123,9.65E+15,FLUPA,XQOGA,CMLYL
icpprf_acnt106,Intuit@!123,9.74E+15,OXYOW,OWXIL,PTKHT
icpprf_acnt107,Intuit@!123,9.64E+15,LMRIF,STRAH,XJNML
icpprf_acnt108,Intuit@!123,9.64E+15,CBSCK,HANWI,RIHQU
icpprf_acnt109,Intuit@!123,9.75E+15,RJHYP,IEHWC,WFQSJ
icpprf_acnt110,Intuit@!123,9.75E+15,IJQOP,MQQFD,MFFSN
icpprf_acnt111,Intuit@!123,9.65E+15,DDYBD,VTCQF,LOGEM
icpprf_acnt112,Intuit@!123,9.74E+15,ANDZD,SNFBK,UMPCO
icpprf_acnt113,Intuit@!123,9.75E+15,HPLKU,NWIYL,SVXMB
icpprf_acnt114,Intuit@!123,9.75E+15,QMJUM,GWQGV,PHQZV
icpprf_acnt115,Intuit@!123,9.75E+15,KKVKJ,PWQFF,JSVSJ
icpprf_acnt116,Intuit@!123,9.74E+15,IZEYU,DQFHJ,PXZCM
icpprf_acnt117,Intuit@!123,9.75E+15,JRJUZ,BISZU,VFCMG
icpprf_acnt118,Intuit@!123,9.75E+15,CEGAO,SYHXK,HGLYF
icpprf_acnt119,Intuit@!123,9.64E+15,GIJPE,ZSWNR,ZGTOK
icpprf_acnt120,Intuit@!123,9.65E+15,YULJE,PRQJR,DSUBQ
icpprf_acnt121,Intuit@!123,9.74E+15,BPYKS,NOFFC,USCIP
icpprf_acnt122,Intuit@!123,9.64E+15,EZLYF,RSGHX,TUGTW
icpprf_acnt123,Intuit@!123,9.64E+15,OLNLQ,TEDVE,VXZXJ
icpprf_acnt124,Intuit@!123,9.75E+15,WPWTI,DCNXN,SFMOE
icpprf_acnt125,Intuit@!123,9.75E+15,OIXKW,RHOYS,DUBWT
icpprf_acnt126,Intuit@!123,9.65E+15,QHVRP,GAJZG,BCIAM
icpprf_acnt127,Intuit@!123,9.74E+15,JKBVS,PNRSB,IUWNF
icpprf_acnt128,Intuit@!123,9.75E+15,WPZLS,GZRXE,AXXVL
icpprf_acnt129,Intuit@!123,9.75E+15,PNCAF,FADJZ,FOKDF
icpprf_acnt130,Intuit@!123,9.75E+15,OSLDK,ZHCQX,TTLLB
icpprf_acnt131,Intuit@!123,9.74E+15,KKSLO,QZAUS,JTNHJ
icpprf_acnt132,Intuit@!123,9.75E+15,VZWBP,YHIEV,LLBGC
icpprf_acnt133,Intuit@!123,9.75E+15,ZJKCH,AOTEV,PCKMS
icpprf_acnt134,Intuit@!123,9.64E+15,QUZZG,CNAXP,PZIMM
icpprf_acnt135,Intuit@!123,9.65E+15,SCWKX,KFBSZ,JOKPZ
icpprf_acnt136,Intuit@!123,9.74E+15,DXSVN,NUNSY,PVSAG
icpprf_acnt137,Intuit@!123,9.64E+15,OZRTB,RDPLG,WNCWD
icpprf_acnt138,Intuit@!123,9.64E+15,VTRGD,OIGJX,QITOT
icpprf_acnt139,Intuit@!123,9.75E+15,PVJTM,MLWOO,NVGMH
icpprf_acnt140,Intuit@!123,9.75E+15,MQNTM,NBIPD,DTEVE
icpprf_acnt141,Intuit@!123,9.65E+15,JSYKS,LAFVD,HQLKW
icpprf_acnt142,Intuit@!123,9.74E+15,ULXJT,QOCYB,MGURQ
icpprf_acnt143,Intuit@!123,9.75E+15,FDGTO,JKOBX,LDUUJ
icpprf_acnt144,Intuit@!123,9.75E+15,URPJY,AIEBA,OOLIB
icpprf_acnt145,Intuit@!123,9.75E+15,ZOQMH,KLIRT,GDMML
icpprf_acnt146,Intuit@!123,9.74E+15,SQBFU,LKCSC,XLRCY
icpprf_acnt147,Intuit@!123,9.75E+15,VUFBF,NKIEF,LXTPR
icpprf_acnt148,Intuit@!123,9.75E+15,GOQJM,SMMCO,UQDTO
icpprf_acnt149,Intuit@!123,9.64E+15,TFJAI,BPFRN,OCNUI
icpprf_acnt150,Intuit@!123,9.65E+15,WRNFZ,TOILM,HUSHK
icpprf_acnt151,Intuit@!123,9.74E+15,HFSBO,DMMXF,QDUWX
icpprf_acnt152,Intuit@!123,9.64E+15,GSYLM,ZXKKM,ACXNJ
icpprf_acnt153,Intuit@!123,9.64E+15,ROCUG,FYFEZ,WJNPD
icpprf_acnt154,Intuit@!123,9.75E+15,ZNSVS,BHMHJ,QEMIT
icpprf_acnt155,Intuit@!123,9.75E+15,SNSOA,SBXNC,MMRRN
icpprf_acnt156,Intuit@!123,9.65E+15,ELYXA,UGKNL,TSBHO
icpprf_acnt157,Intuit@!123,9.74E+15,POPPU,CKJDJ,VMJFT
icpprf_acnt158,Intuit@!123,9.75E+15,QLXZP,KMCPG,XYXLD
icpprf_acnt159,Intuit@!123,9.75E+15,CZLNE,CBLJX,LQZMH
icpprf_acnt160,Intuit@!123,9.75E+15,MJLUD,DLXCF,YNQDT
icpprf_acnt161,Intuit@!123,9.74E+15,WZSUN,HEYHZ,YOPEA
icpprf_acnt162,Intuit@!123,9.75E+15,YLNHZ,OHVUZ,ETSUO
icpprf_acnt163,Intuit@!123,9.75E+15,FPNTJ,FOQBH,FZIDJ
icpprf_acnt164,Intuit@!123,9.64E+15,FAKIJ,RNBWV,EGAAB
icpprf_acnt165,Intuit@!123,9.65E+15,UNESV,JDGXT,WHUIM
icpprf_acnt166,Intuit@!123,9.74E+15,DEUBG,ASIXR,YTRXZ
icpprf_acnt167,Intuit@!123,9.64E+15,QIXUM,RZILN,WCFCU
icpprf_acnt168,Intuit@!123,9.64E+15,ZUFMA,HMQEW,TDSZJ
icpprf_acnt169,Intuit@!123,9.75E+15,QIKNN,MKLYV,QNTMN
icpprf_acnt170,Intuit@!123,9.75E+15,FVMXS,VFTVB,JXOLQ
icpprf_acnt171,Intuit@!123,9.65E+15,UTDMD,YFXRD,APXFJ
icpprf_acnt172,Intuit@!123,9.74E+15,EXUEW,FHOLJ,QIZRF
icpprf_acnt173,Intuit@!123,9.75E+15,YQUFX,FLLGH,ZCYWM
icpprf_acnt174,Intuit@!123,9.75E+15,OIVXZ,RTXUJ,KEQOY
icpprf_acnt175,Intuit@!123,9.75E+15,EUWAY,QWFBH,IAKTI
icpprf_acnt176,Intuit@!123,9.74E+15,PSENU,NBPMC,NJJUU
icpprf_acnt177,Intuit@!123,9.75E+15,VTDBV,HBRHQ,KZWMX
icpprf_acnt178,Intuit@!123,9.75E+15,XEVKQ,AHNQT,YGXZK
icpprf_acnt179,Intuit@!123,9.64E+15,WEGOE,BKXLG,UOQCN
icpprf_acnt180,Intuit@!123,9.65E+15,MKYLB,ZNCDK,UHTAF
icpprf_acnt181,Intuit@!123,9.74E+15,TZXJX,HTDHP,NPAXL
icpprf_acnt182,Intuit@!123,9.64E+15,VQVGX,GFAJN,TKOGE
icpprf_acnt183,Intuit@!123,9.64E+15,GJIFY,MVNGK,TBHKU
icpprf_acnt184,Intuit@!123,9.75E+15,LRZFL,MMJCB,ECXWX
icpprf_acnt185,Intuit@!123,9.75E+15,UDIRQ,XKHUD,WPZOG
icpprf_acnt186,Intuit@!123,9.65E+15,MWIHV,ZETQE,KUIBK
icpprf_acnt187,Intuit@!123,9.74E+15,IYEJE,RSWEM,WSDLP
icpprf_acnt188,Intuit@!123,9.75E+15,UPSGR,ARUVI,VPYVM
icpprf_acnt189,Intuit@!123,9.75E+15,NCAPW,QSILX,KTHEG
icpprf_acnt190,Intuit@!123,9.75E+15,MUCYW,ZUEZY,VSOKL
icpprf_acnt191,Intuit@!123,9.74E+15,LBKIT,XLHZD,VMGYB
icpprf_acnt192,Intuit@!123,9.75E+15,DYDBW,UZGYZ,LYCHT
icpprf_acnt193,Intuit@!123,9.75E+15,XRMYI,VCLSN,TNUCQ
icpprf_acnt194,Intuit@!123,9.64E+15,SVHRA,RFPBW,EIEHH
icpprf_acnt195,Intuit@!123,9.65E+15,FPCKL,QIULU,QUHQY
icpprf_acnt196,Intuit@!123,9.74E+15,SCHJH,UUEON,ISHWH
icpprf_acnt197,Intuit@!123,9.64E+15,WWPUD,ANCHV,KZUHM
icpprf_acnt198,Intuit@!123,9.64E+15,OHRSP,VYNSS,ENNOL
icpprf_acnt199,Intuit@!123,9.75E+15,INTMH,CXBNG,VQURH
icpprf_acnt200,Intuit@!123,9.75E+15,BAUZI,YLITL,KJMOY
icpprf_acnt201,Intuit@!123,9.65E+15,HIPDG,GPYIB,QKRHP
icpprf_acnt202,Intuit@!123,9.74E+15,EZEJW,BNHJG,SBVXS
icpprf_acnt203,Intuit@!123,9.75E+15,CFLLD,HVNNF,TXOIG
icpprf_acnt204,Intuit@!123,9.75E+15,GSPYZ,RHCVN,ZNAZK
icpprf_acnt205,Intuit@!123,9.75E+15,KYAQH,MSKBD,VERHP
icpprf_acnt206,Intuit@!123,9.74E+15,ZLFOM,AMPDL,DBEMC
icpprf_acnt207,Intuit@!123,9.75E+15,TRTFI,IBLDQ,EBUCE
icpprf_acnt208,Intuit@!123,9.75E+15,MDSQB,ILVRJ,VQVWJ
icpprf_acnt209,Intuit@!123,9.64E+15,AGOEN,MJDLL,UBCRT
icpprf_acnt210,Intuit@!123,9.65E+15,IEICG,VSNJF,NMNWD
icpprf_acnt211,Intuit@!123,9.74E+15,WWXWV,LAZPS,CBCDN
icpprf_acnt212,Intuit@!123,9.64E+15,TTKVD,XFWRB,ZZPTF
icpprf_acnt213,Intuit@!123,9.64E+15,XVBYK,WLEDC,TEQQQ
icpprf_acnt214,Intuit@!123,9.75E+15,YLRBN,XDCBN,OWGYC
icpprf_acnt215,Intuit@!123,9.75E+15,EBVPW,FLUJV,WBPFS
icpprf_acnt216,Intuit@!123,9.65E+15,FGPSD,UOYWX,RYIIC
icpprf_acnt217,Intuit@!123,9.74E+15,DDAGA,VTMTL,WDTMO
icpprf_acnt218,Intuit@!123,9.75E+15,QUGMH,CWBLP,VLWXD
icpprf_acnt219,Intuit@!123,9.75E+15,ZXSCH,ANNFN,PVTMV
icpprf_acnt220,Intuit@!123,9.75E+15,GIEAV,RUBND,YYJTR
icpprf_acnt221,Intuit@!123,9.74E+15,XCVGU,JFJND,VKMYY
icpprf_acnt222,Intuit@!123,9.75E+15,AVFYF,UCUTF,QUDDP
icpprf_acnt223,Intuit@!123,9.75E+15,WKNGW,YMNGH,HUEAC
icpprf_acnt224,Intuit@!123,9.64E+15,JVXTE,AULGL,CJKJX
icpprf_acnt225,Intuit@!123,9.65E+15,YQYIG,RUDWM,KSPKX
icpprf_acnt226,Intuit@!123,9.74E+15,UGKQQ,GJFTR,VZCSZ
icpprf_acnt227,Intuit@!123,9.64E+15,HWUYV,NCUYI,JLMOV
icpprf_acnt228,Intuit@!123,9.64E+15,OINNS,JDXFX,CFWHL
icpprf_acnt229,Intuit@!123,9.75E+15,MQEBC,GETTJ,EMCUG
icpprf_acnt230,Intuit@!123,9.75E+15,TANAM,KPAKO,AXHZF
icpprf_acnt231,Intuit@!123,9.65E+15,ZHPJF,FNLKB,UBLYG
icpprf_acnt232,Intuit@!123,9.74E+15,TRYOO,HHCDO,IAQID
icpprf_acnt233,Intuit@!123,9.75E+15,MLFFG,YONME,ZRYFS
icpprf_acnt234,Intuit@!123,9.75E+15,WRBZL,CRIYR,EJECJ
icpprf_acnt235,Intuit@!123,9.75E+15,NLIUV,ZAVAL,QGZQX
icpprf_acnt236,Intuit@!123,9.74E+15,ZOSRQ,XHCCR,SUCMW
icpprf_acnt237,Intuit@!123,9.75E+15,MGIZA,KCRGH,IWATU
icpprf_acnt238,Intuit@!123,9.75E+15,HYLVM,PBCVP,FTNMM
icpprf_acnt239,Intuit@!123,9.64E+15,NLOKB,YWKME,WRAHB
icpprf_acnt240,Intuit@!123,9.65E+15,ISYZK,LXJDK,DPDCL
icpprf_acnt241,Intuit@!123,9.74E+15,JIUWD,JPNVD,LHMLW
icpprf_acnt242,Intuit@!123,9.64E+15,TZGOJ,YVXAJ,WPGBN
icpprf_acnt243,Intuit@!123,9.64E+15,XXTKT,CHIUT,EYLTC
icpprf_acnt244,Intuit@!123,9.75E+15,DJFME,ZVXPZ,DDCQT
icpprf_acnt245,Intuit@!123,9.75E+15,DUGNQ,THVOS,TXWDM
icpprf_acnt246,Intuit@!123,9.65E+15,NTKOF,EWHHM,ZAPLP
icpprf_acnt247,Intuit@!123,9.74E+15,NHGCJ,STWYM,HVURY
icpprf_acnt248,Intuit@!123,9.75E+15,FKOCC,JBJJN,VKVOP
icpprf_acnt249,Intuit@!123,9.75E+15,RKKNH,PUFCG,ZIYYH
icpprf_acnt250,Intuit@!123,9.75E+15,CGXKU,CVCVN,MEHUY
icpprf_acnt251,Intuit@!123,9.74E+15,JDCHO,FLYFO,JATVC
icpprf_acnt252,Intuit@!123,9.75E+15,VCGIC,PJIRI,QSUIH
icpprf_acnt253,Intuit@!123,9.75E+15,FTQNH,AXMYN,XISHT
icpprf_acnt254,Intuit@!123,9.64E+15,THPJO,WYFYW,TWHRR
icpprf_acnt255,Intuit@!123,9.65E+15,WOEXI,RYZXQ,BHLUT
icpprf_acnt256,Intuit@!123,9.74E+15,BGVSP,POMMY,TMHIW
icpprf_acnt257,Intuit@!123,9.64E+15,VSFCR,XLYRC,LQLLL
icpprf_acnt258,Intuit@!123,9.64E+15,JNREP,RGYVP,LKXES
icpprf_acnt259,Intuit@!123,9.75E+15,RKSWH,INZZH,NRXFP
icpprf_acnt260,Intuit@!123,9.75E+15,QBFIT,QRITO,VCTMS
icpprf_acnt261,Intuit@!123,9.65E+15,UVPRG,MRQJO,UUWVP
icpprf_acnt262,Intuit@!123,9.74E+15,ITYPM,XGXZT,LJZQA
icpprf_acnt263,Intuit@!123,9.75E+15,LXJUE,IYJIP,RRNTB
icpprf_acnt264,Intuit@!123,9.75E+15,EIXXV,XOEUS,NYTNS
icpprf_acnt265,Intuit@!123,9.75E+15,NQJUU,TONHW,ZAOIN
icpprf_acnt266,Intuit@!123,9.74E+15,UURDP,UXTAQ,BNZBW
icpprf_acnt267,Intuit@!123,9.75E+15,FQQUB,MENFB,ZHEIL
icpprf_acnt268,Intuit@!123,9.75E+15,YNRYF,JMXGX,NFQAU
icpprf_acnt269,Intuit@!123,9.64E+15,NOHUJ,YBMQD,XQPHG
icpprf_acnt270,Intuit@!123,9.65E+15,SXXND,ZMCMW,BPNUR
icpprf_acnt271,Intuit@!123,9.74E+15,RRJJT,GWICF,TKQRI
icpprf_acnt272,Intuit@!123,9.64E+15,HFFQZ,BIZUE,ZQJUG
icpprf_acnt273,Intuit@!123,9.64E+15,MVGXW,IXXXS,IMQQK
icpprf_acnt274,Intuit@!123,9.75E+15,JVPMP,EOQXJ,YBQJT
icpprf_acnt275,Intuit@!123,9.75E+15,GZJOW,MIBRW,PHJDM
icpprf_acnt276,Intuit@!123,9.65E+15,CPKLJ,MWMLO,BQBUZ
icpprf_acnt277,Intuit@!123,9.74E+15,RDDNQ,SCNRM,WGLMJ
icpprf_acnt278,Intuit@!123,9.75E+15,RKJVV,IFUKF,IDWNP
icpprf_acnt279,Intuit@!123,9.75E+15,LCQFY,BNNDD,UVUNK
icpprf_acnt280,Intuit@!123,9.75E+15,DGYQB,KIBXE,CCBJA
icpprf_acnt281,Intuit@!123,9.74E+15,PBPCU,KUSCT,QZFGL
icpprf_acnt282,Intuit@!123,9.75E+15,SHEMU,ITDAB,VRFER
icpprf_acnt283,Intuit@!123,9.75E+15,CYCYC,KQIFJ,NJMNS
icpprf_acnt284,Intuit@!123,9.64E+15,TDIJG,EUXYV,QNPUY
icpprf_acnt285,Intuit@!123,9.65E+15,EBAFX,AILFE,YUPKM
icpprf_acnt286,Intuit@!123,9.74E+15,UMUYG,EJALS,LFVNM
icpprf_acnt287,Intuit@!123,9.64E+15,LPSEQ,VMMRR,XZFIQ
icpprf_acnt288,Intuit@!123,9.64E+15,HLYUV,VWMJP,FCGVK
icpprf_acnt289,Intuit@!123,9.75E+15,WPSPQ,WCTTY,ZRVLC
icpprf_acnt290,Intuit@!123,9.75E+15,MGYWN,IHHXA,PKBOL
icpprf_acnt291,Intuit@!123,9.65E+15,ISDUB,CUQCG,LIUTH
icpprf_acnt292,Intuit@!123,9.74E+15,RUFAM,PNCBY,JHOHY
icpprf_acnt293,Intuit@!123,9.75E+15,VSLVO,YGYEO,IRDAQ
icpprf_acnt294,Intuit@!123,9.75E+15,ETUKZ,AFJHT,PXLWQ
icpprf_acnt295,Intuit@!123,9.75E+15,CZLNF,LTNMD,KVQCU
icpprf_acnt296,Intuit@!123,9.74E+15,FURSO,ZQNSZ,YBFDV
icpprf_acnt297,Intuit@!123,9.75E+15,HHMPR,JKHLH,EUKXW
icpprf_acnt298,Intuit@!123,9.75E+15,DDAHT,TULZW,LFMDU
icpprf_acnt299,Intuit@!123,9.64E+15,EWSHH,OHAQQ,GTREQ
icpprf_acnt300,Intuit@!123,9.65E+15,WJVJN,MKVMV,NDYZQ
icpprf_acnt301,Intuit@!123,9.74E+15,EGACN,PZSAT,VQIVB
icpprf_acnt302,Intuit@!123,9.64E+15,RGKQY,GUZQH,JCWJQ
icpprf_acnt303,Intuit@!123,9.64E+15,TRDMA,XNULU,UHBLM
icpprf_acnt304,Intuit@!123,9.75E+15,PSQLT,OWIIO,BZWZC
icpprf_acnt305,Intuit@!123,9.75E+15,GJKDI,JDTXQ,QCWLR
icpprf_acnt306,Intuit@!123,9.65E+15,NBOCU,FOIWP,ACFKC
icpprf_acnt307,Intuit@!123,9.74E+15,FVPSB,GEFTB,YNOSK
icpprf_acnt308,Intuit@!123,9.75E+15,CXXQD,TYDGG,IFRLA
icpprf_acnt309,Intuit@!123,9.75E+15,YPOXG,URXSY,SUILM
icpprf_acnt310,Intuit@!123,9.75E+15,SWXYN,PZCPC,SOCCF
icpprf_acnt311,Intuit@!123,9.74E+15,CYUQO,GMKJA,LETRJ
icpprf_acnt312,Intuit@!123,9.75E+15,ECKUN,ALFIO,HQMUK
icpprf_acnt313,Intuit@!123,9.75E+15,BVYHK,WLRRW,AMOLL
icpprf_acnt314,Intuit@!123,9.64E+15,SNWHN,DSXBE,ICQUE
icpprf_acnt315,Intuit@!123,9.65E+15,CWLSZ,PEZHA,NGMOS
icpprf_acnt316,Intuit@!123,9.74E+15,ENDDL,MBQKB,NVSCT
icpprf_acnt317,Intuit@!123,9.64E+15,WSIUP,TFCFG,RCOVA
icpprf_acnt318,Intuit@!123,9.64E+15,FXZLH,WWVZA,OHBRS
icpprf_acnt319,Intuit@!123,9.75E+15,MMVBQ,IWNWX,PBHSJ
icpprf_acnt320,Intuit@!123,9.75E+15,CJPED,EABGV,SHHLJ
icpprf_acnt321,Intuit@!123,9.65E+15,HSCON,FVNKE,UTJRM
icpprf_acnt322,Intuit@!123,9.74E+15,YRAUF,SSICT,COQFP
icpprf_acnt323,Intuit@!123,9.75E+15,XMECQ,ROODW,SKSHY
icpprf_acnt324,Intuit@!123,9.75E+15,JDKJN,QRYLC,GJMYX
icpprf_acnt325,Intuit@!123,9.75E+15,UGUKE,KRNVL,HIHIC
icpprf_acnt326,Intuit@!123,9.74E+15,AVGFJ,MCARI,LNTBE
icpprf_acnt327,Intuit@!123,9.75E+15,AEJPP,CPIHB,TFUSW
icpprf_acnt328,Intuit@!123,9.75E+15,HIXFE,YAOWO,CKWNJ
icpprf_acnt329,Intuit@!123,9.64E+15,MWOTM,TOCXI,SLXAR
icpprf_acnt330,Intuit@!123,9.65E+15,TCMPC,OZIIJ,XZXSC
icpprf_acnt331,Intuit@!123,9.74E+15,RHDTJ,EJMKH,QZJKN
icpprf_acnt332,Intuit@!123,9.64E+15,IBGDN,SCUJD,XJTMN
icpprf_acnt333,Intuit@!123,9.64E+15,ICSNI,GYKCZ,HBDZJ
icpprf_acnt334,Intuit@!123,9.75E+15,IUFFR,QQKRK,MIWCX
icpprf_acnt335,Intuit@!123,9.75E+15,CBHHP,XOCIU,LPCDD
icpprf_acnt336,Intuit@!123,9.65E+15,SWLFY,NKGJY,FQJBO
icpprf_acnt337,Intuit@!123,9.74E+15,AEIFH,YCECU,XDCEH
icpprf_acnt338,Intuit@!123,9.75E+15,MNWBR,XEDRR,EUYSA
icpprf_acnt339,Intuit@!123,9.75E+15,JYEJH,HBYVO,KALMS
icpprf_acnt340,Intuit@!123,9.75E+15,CIGBV,VHOMA,PUHPV
icpprf_acnt341,Intuit@!123,9.74E+15,WHXVQ,VYQIZ,HAVHY
icpprf_acnt342,Intuit@!123,9.75E+15,ZZJEL,EAMXU,OKPUM
icpprf_acnt343,Intuit@!123,9.75E+15,MPZWC,TBQVW,PKLQL
icpprf_acnt344,Intuit@!123,9.64E+15,RTTDE,BFKZU,UCQSM
icpprf_acnt345,Intuit@!123,9.65E+15,JBMAX,KWNVT,LBAYR
icpprf_acnt346,Intuit@!123,9.74E+15,RJEON,JPHUM,TJNRJ
icpprf_acnt347,Intuit@!123,9.64E+15,WDNQT,UDBZW,NITSR
icpprf_acnt348,Intuit@!123,9.64E+15,AWYIA,ZSFSD,FFSFG
icpprf_acnt349,Intuit@!123,9.75E+15,CQXOH,OMTIP,WHQJZ
icpprf_acnt350,Intuit@!123,9.75E+15,QJRBD,GCRGL,GSGTU
icpprf_acnt351,Intuit@!123,9.65E+15,CUAFA,GCGHG,TDCJJ
icpprf_acnt352,Intuit@!123,9.74E+15,EUJUG,VFAZM,GAKHP
icpprf_acnt353,Intuit@!123,9.75E+15,DWMJL,KORYC,BZEIC
icpprf_acnt354,Intuit@!123,9.75E+15,FTILM,XEYMF,KJHCA
icpprf_acnt355,Intuit@!123,9.75E+15,QPCJC,GVTFE,UKWOL
icpprf_acnt356,Intuit@!123,9.74E+15,WSJWT,ZRXHT,UBARE
icpprf_acnt357,Intuit@!123,9.75E+15,TCGTJ,JLSXL,HFCMF
icpprf_acnt358,Intuit@!123,9.75E+15,GQIYY,UPNTA,CCFQN
icpprf_acnt359,Intuit@!123,9.64E+15,CTKBL,QDAPI,NOJTY
icpprf_acnt360,Intuit@!123,9.65E+15,HWIBR,NBZVO,CORJS
icpprf_acnt361,Intuit@!123,9.74E+15,RBQFN,LWKOC,YAWMP
icpprf_acnt362,Intuit@!123,9.64E+15,FSRVS,ZFBLJ,OSOIA
icpprf_acnt363,Intuit@!123,9.64E+15,MCFSF,BRPUE,XEGIO
icpprf_acnt364,Intuit@!123,9.75E+15,JEUNB,VPQZU,MFKBC
icpprf_acnt365,Intuit@!123,9.75E+15,PZGPT,INCLV,KVEWC
icpprf_acnt366,Intuit@!123,9.65E+15,QQMEU,TNDXF,FYEBC
icpprf_acnt367,Intuit@!123,9.74E+15,PFRCO,NYNIY,ELNTQ
icpprf_acnt368,Intuit@!123,9.75E+15,XGTBZ,JUKVS,ZMPPF
icpprf_acnt369,Intuit@!123,9.75E+15,DDZMA,KQMVA,LZOTQ
icpprf_acnt370,Intuit@!123,9.75E+15,AKPQJ,MGMWX,AMYWP
icpprf_acnt371,Intuit@!123,9.74E+15,VUGUG,FWJIB,GWZKL
icpprf_acnt372,Intuit@!123,9.75E+15,ANCBI,LIQTZ,EIQOU
icpprf_acnt373,Intuit@!123,9.75E+15,QCCIR,OSOAH,UWNNA
icpprf_acnt374,Intuit@!123,9.64E+15,AEDAT,RHRUZ,WMFAJ
icpprf_acnt375,Intuit@!123,9.65E+15,HWJPP,YVKDU,CYPGA
icpprf_acnt376,Intuit@!123,9.74E+15,MSBVW,GLGPX,BSORO
icpprf_acnt377,Intuit@!123,9.64E+15,XDMNT,EOKKN,NXTJQ
icpprf_acnt378,Intuit@!123,9.64E+15,PKNBH,JYXVQ,YZOTR
icpprf_acnt379,Intuit@!123,9.75E+15,TRDHY,LSGIM,MMRAV
icpprf_acnt380,Intuit@!123,9.75E+15,MFBVJ,VZAEG,GPVJI
icpprf_acnt381,Intuit@!123,9.65E+15,HNGJZ,XTBYO,CATRR
icpprf_acnt382,Intuit@!123,9.74E+15,GSCLW,HBUPX,WNWCG
icpprf_acnt383,Intuit@!123,9.75E+15,COQJL,WLAZF,ZYAFE
icpprf_acnt384,Intuit@!123,9.75E+15,TWYKG,HKHUN,RTGRL
icpprf_acnt385,Intuit@!123,9.75E+15,EWSXD,WNZDX,ACSPY
icpprf_acnt386,Intuit@!123,9.74E+15,PGKSP,ZPUMK,BVGKF
icpprf_acnt387,Intuit@!123,9.75E+15,PTWIN,FQSRJ,PKKIC
icpprf_acnt388,Intuit@!123,9.75E+15,QHAWB,OKIJU,ZXJPH
icpprf_acnt389,Intuit@!123,9.64E+15,IGLLP,PFLYA,GPGHS
icpprf_acnt390,Intuit@!123,9.65E+15,UAVQX,IHKJP,TACWM
icpprf_acnt391,Intuit@!123,9.74E+15,DQLQW,PBUUH,BHUCK
icpprf_acnt392,Intuit@!123,9.64E+15,RFXYT,IZJWZ,DDWJH
icpprf_acnt393,Intuit@!123,9.64E+15,ICUMQ,PGNRG,VVYQL
icpprf_acnt394,Intuit@!123,9.75E+15,FHBZR,ASCCQ,RONFH
icpprf_acnt395,Intuit@!123,9.75E+15,YDNXI,CMJKZ,NNJCJ
icpprf_acnt396,Intuit@!123,9.65E+15,BLIUW,EKLKX,KJUYS
icpprf_acnt397,Intuit@!123,9.74E+15,KTTEL,HATXC,OGQLW
icpprf_acnt398,Intuit@!123,9.75E+15,ABKJB,UBENW,MOINF
icpprf_acnt399,Intuit@!123,9.75E+15,LDKYE,IYJUY,JXJFB
icpprf_acnt400,Intuit@!123,9.75E+15,TRSBA,MUMML,YNTBW
icpprf_acnt401,Intuit@!123,9.74E+15,TYEAQ,KOZPE,JVFNS
icpprf_acnt402,Intuit@!123,9.75E+15,EHINL,MTVXR,OQHAL
icpprf_acnt403,Intuit@!123,9.75E+15,NHIHZ,NIFTE,FDCQJ
icpprf_acnt404,Intuit@!123,9.64E+15,PPGUN,QWGWD,SJVPO
icpprf_acnt405,Intuit@!123,9.65E+15,HOBXQ,CQOJS,EIIME
icpprf_acnt406,Intuit@!123,9.74E+15,CORJT,QVXUS,KXIWA
icpprf_acnt407,Intuit@!123,9.64E+15,AATHL,LTNBK,GTFTF
icpprf_acnt408,Intuit@!123,9.64E+15,VAPKU,IYZAM,EEMEW
icpprf_acnt409,Intuit@!123,9.75E+15,HGTHL,HKLDG,LXGAW
icpprf_acnt410,Intuit@!123,9.75E+15,SCLCT,PYERS,SCNPW
icpprf_acnt411,Intuit@!123,9.65E+15,LBTDM,ACRFM,KHHWU
icpprf_acnt412,Intuit@!123,9.74E+15,VVKQF,EBILV,JMWYJ
icpprf_acnt413,Intuit@!123,9.75E+15,IAPJC,AJSUD,XYKZE
icpprf_acnt414,Intuit@!123,9.75E+15,IBRUC,HQAMK,JWGBN
icpprf_acnt415,Intuit@!123,9.75E+15,ZTFMS,UJOOK,IASZT
icpprf_acnt416,Intuit@!123,9.74E+15,ZDWGJ,LAMLJ,CNUDB
icpprf_acnt417,Intuit@!123,9.75E+15,JHIEY,RHGTS,XDJVZ
icpprf_acnt418,Intuit@!123,9.75E+15,WVAZY,KPGTG,UEPAQ
icpprf_acnt419,Intuit@!123,9.64E+15,PXVIG,IQDKH,DDITN
icpprf_acnt420,Intuit@!123,9.65E+15,OVDAS,GOGVI,XGUBP
icpprf_acnt421,Intuit@!123,9.74E+15,ZXVXW,GCRDW,STRET
icpprf_acnt422,Intuit@!123,9.64E+15,IXIFL,UWLCB,KHVDD
icpprf_acnt423,Intuit@!123,9.64E+15,RQVZH,LYGJL,JCCOE
icpprf_acnt424,Intuit@!123,9.75E+15,RSWBB,IKZDQ,BDMSD
icpprf_acnt425,Intuit@!123,9.75E+15,JQJQQ,KYCGZ,CBVBG
icpprf_acnt426,Intuit@!123,9.65E+15,VGUYJ,CWAPJ,OTKXV
icpprf_acnt427,Intuit@!123,9.74E+15,SMKMU,KVGIQ,DMVLX
icpprf_acnt428,Intuit@!123,9.75E+15,KZPPX,QIGGO,JTCZL
icpprf_acnt429,Intuit@!123,9.75E+15,RQVOT,DIBMT,ZUIEH
icpprf_acnt430,Intuit@!123,9.75E+15,KEGEI,JRNHC,DPLQH
icpprf_acnt431,Intuit@!123,9.74E+15,LXXCV,ZXNTO,VJZAV
icpprf_acnt432,Intuit@!123,9.75E+15,EIMVB,XJKNP,CVQWV
icpprf_acnt433,Intuit@!123,9.75E+15,HEBKY,ZVFIR,CYNOF
icpprf_acnt434,Intuit@!123,9.64E+15,PVSCL,BXHEG,DNQGM
icpprf_acnt435,Intuit@!123,9.65E+15,VVSVA,EZKGX,WYKJF
icpprf_acnt436,Intuit@!123,9.74E+15,ONPAT,BIGLU,RPZLJ
icpprf_acnt437,Intuit@!123,9.64E+15,UZYHG,JYVPO,OIVFY
icpprf_acnt438,Intuit@!123,9.64E+15,TZAVA,ZDXTH,KCBGG
icpprf_acnt439,Intuit@!123,9.75E+15,VUFWV,TAFZM,TDNCX
icpprf_acnt440,Intuit@!123,9.75E+15,NNWCW,OESFL,YBSQI
icpprf_acnt441,Intuit@!123,9.65E+15,XTELG,VLNNU,SYFEK
icpprf_acnt442,Intuit@!123,9.74E+15,IUOFO,IVPQN,XDUXY
icpprf_acnt443,Intuit@!123,9.75E+15,DEKMM,FHUPQ,NKYZE
icpprf_acnt444,Intuit@!123,9.75E+15,IYNAP,VJEFQ,FSMLH
icpprf_acnt445,Intuit@!123,9.75E+15,GGQWI,KGIVS,LXFLV
icpprf_acnt446,Intuit@!123,9.74E+15,LNMIE,AVCCJ,TQYVE
icpprf_acnt447,Intuit@!123,9.75E+15,GFJET,FUAVF,NIVSF
icpprf_acnt448,Intuit@!123,9.75E+15,VRZZB,KSCTH,GOEOH
icpprf_acnt449,Intuit@!123,9.64E+15,JZXFW,CJLWE,KHPVR
icpprf_acnt450,Intuit@!123,9.65E+15,IYVDG,UGFGL,GBLIZ
icpprf_acnt451,Intuit@!123,9.74E+15,SGHRM,RETBX,STIAR
icpprf_acnt452,Intuit@!123,9.64E+15,CUFXN,FYHPO,JGQVG
icpprf_acnt453,Intuit@!123,9.64E+15,YSQBM,QMXUK,EJKGY
icpprf_acnt454,Intuit@!123,9.75E+15,OWXTQ,UTRFZ,HZTZX
icpprf_acnt455,Intuit@!123,9.75E+15,FBCHG,QLHOQ,PDEPB
icpprf_acnt456,Intuit@!123,9.65E+15,HEKTI,LLDKF,UURWA
icpprf_acnt457,Intuit@!123,9.74E+15,IWZDZ,KAITZ,GPPMS
icpprf_acnt458,Intuit@!123,9.75E+15,AHHTC,XCFJL,OKWTO
icpprf_acnt459,Intuit@!123,9.75E+15,VQSMC,AVAHF,BIJPQ
icpprf_acnt460,Intuit@!123,9.75E+15,USBGU,LKODX,QPKKG
icpprf_acnt461,Intuit@!123,9.74E+15,ZNTGT,ISMGQ,XVDNI
icpprf_acnt462,Intuit@!123,9.75E+15,HWHPM,SFYDL,AKABS
icpprf_acnt463,Intuit@!123,9.75E+15,QBLYX,XEHKN,JUYYR
icpprf_acnt464,Intuit@!123,9.64E+15,ESTMR,JBUBZ,JFFGD
icpprf_acnt465,Intuit@!123,9.65E+15,WLZRH,CYGEA,LHJOJ
icpprf_acnt466,Intuit@!123,9.74E+15,SIQYH,IRYNH,IDSDT
icpprf_acnt467,Intuit@!123,9.64E+15,TCOHP,KHEWM,SSWQJ
icpprf_acnt468,Intuit@!123,9.64E+15,XMJLN,QAZER,HFQZI
icpprf_acnt469,Intuit@!123,9.75E+15,YHMIP,XZRPJ,GUPLR
icpprf_acnt470,Intuit@!123,9.75E+15,AWATE,LHVTT,RUMGL
icpprf_acnt471,Intuit@!123,9.65E+15,UJWOU,SCDUT,UZPIV
icpprf_acnt472,Intuit@!123,9.74E+15,MHACT,OIDEQ,ZBZYE
icpprf_acnt473,Intuit@!123,9.75E+15,RGBBS,KLAFR,FUFSH
icpprf_acnt474,Intuit@!123,9.75E+15,WNUNZ,CVNIK,FTULW
icpprf_acnt475,Intuit@!123,9.75E+15,JNBIS,TJRYN,JYFJF
icpprf_acnt476,Intuit@!123,9.74E+15,GWTAC,AIMEU,MBLDT
icpprf_acnt477,Intuit@!123,9.75E+15,WIGNO,YVCML,YJQSG
icpprf_acnt478,Intuit@!123,9.75E+15,MRSSM,DUYRF,BXQGN
icpprf_acnt479,Intuit@!123,9.64E+15,RUFJF,NONCD,NWMWZ
icpprf_acnt480,Intuit@!123,9.65E+15,WVAOT,EVTIA,YGIAD
icpprf_acnt481,Intuit@!123,9.74E+15,TAAHH,ARNOW,KBADR
icpprf_acnt482,Intuit@!123,9.64E+15,YJEGA,CPGXI,VQVYO
icpprf_acnt483,Intuit@!123,9.64E+15,PMDGN,KDIWK,ILWJL
icpprf_acnt484,Intuit@!123,9.75E+15,CNMUL,QRILF,JOYHJ
icpprf_acnt485,Intuit@!123,9.75E+15,CMUOH,PWDGS,EFGOE
icpprf_acnt486,Intuit@!123,9.65E+15,HQNFP,GXBCT,UIDQF
icpprf_acnt487,Intuit@!123,9.74E+15,ALDBE,SSTOR,JYKPA
icpprf_acnt488,Intuit@!123,9.75E+15,LCWFD,XSUAO,VMLUE
icpprf_acnt489,Intuit@!123,9.75E+15,EMQNR,YZRQQ,AGPSO
icpprf_acnt490,Intuit@!123,9.75E+15,JXMMA,XDBTN,FRWDS
icpprf_acnt491,Intuit@!123,9.74E+15,FIXTC,EKDMR,NLPKL
icpprf_acnt492,Intuit@!123,9.75E+15,LRRUE,VBWQA,MEBJN
icpprf_acnt493,Intuit@!123,9.75E+15,NSZWO,DWSSQ,TIIEP
icpprf_acnt494,Intuit@!123,9.64E+15,NWSRQ,ZOZYK,VGSYK
icpprf_acnt495,Intuit@!123,9.65E+15,LOCDH,RKPPD,QVHHO
icpprf_acnt496,Intuit@!123,9.74E+15,OOIYQ,DGAAJ,CIXQX
icpprf_acnt497,Intuit@!123,9.64E+15,YHLSF,PLIHX,ZYBYI
icpprf_acnt498,Intuit@!123,9.64E+15,HIPWS,MRKTC,BQYNN
icpprf_acnt499,Intuit@!123,9.75E+15,MFRNT,TCFPD,LNWDG
icpprf_acnt500,Intuit@!123,9.75E+15,DACKD,KBPZV,MBEQC
icpprf_acnt501,Intuit@!123,9.65E+15,JIXPA,SDRVU,FOOSZ
icpprf_acnt502,Intuit@!123,9.74E+15,OYBQS,OEYWD,UQPBS
icpprf_acnt503,Intuit@!123,9.75E+15,MMOHS,WOAKE,EUNTS
icpprf_acnt504,Intuit@!123,9.75E+15,PSYKB,PVTRK,WGODS
icpprf_acnt505,Intuit@!123,9.75E+15,YIZWT,JEXKP,BZLSQ
icpprf_acnt506,Intuit@!123,9.74E+15,MQJUB,GDPMP,VJSDM
icpprf_acnt507,Intuit@!123,9.75E+15,KGDXA,OZRCX,TNRBP
icpprf_acnt508,Intuit@!123,9.75E+15,GRHRE,RMGRF,XJHJM
icpprf_acnt509,Intuit@!123,9.64E+15,IBYOF,BBLXH,IUHFW
icpprf_acnt510,Intuit@!123,9.65E+15,BFDOX,UCZMO,WJOMP
icpprf_acnt511,Intuit@!123,9.74E+15,NJBRW,YSRVO,HCOUX
icpprf_acnt512,Intuit@!123,9.64E+15,RCTIO,MBPPO,DLHIT
icpprf_acnt513,Intuit@!123,9.64E+15,QDONL,KJDTX,XLEWM
icpprf_acnt514,Intuit@!123,9.75E+15,VGZXY,YQKAQ,UJIGB
icpprf_acnt515,Intuit@!123,9.75E+15,BZARG,BHQUV,WMANG
icpprf_acnt516,Intuit@!123,9.65E+15,ZBHLL,AJREF,JGVJU
icpprf_acnt517,Intuit@!123,9.74E+15,KSAZV,NQDIT,RHOSC
icpprf_acnt518,Intuit@!123,9.75E+15,PXLIV,XMGAA,JSMXF
icpprf_acnt519,Intuit@!123,9.75E+15,FOADH,IHVCP,XDNPP
icpprf_acnt520,Intuit@!123,9.75E+15,DYTQD,SKNBH,KJECU
icpprf_acnt521,Intuit@!123,9.74E+15,VUXEP,ENQHU,AFFOZ
icpprf_acnt522,Intuit@!123,9.75E+15,UVFCE,MAJUJ,VOUOE
icpprf_acnt523,Intuit@!123,9.75E+15,VRFRW,WDCUC,QFRVG
icpprf_acnt524,Intuit@!123,9.64E+15,BAZVN,FZVMU,CXDZI
icpprf_acnt525,Intuit@!123,9.65E+15,MHANR,GYCHC,XDQAL
icpprf_acnt526,Intuit@!123,9.74E+15,JPKPE,ZXYLD,XVFLV
icpprf_acnt527,Intuit@!123,9.64E+15,JYOMC,FGJDV,AQAGC
icpprf_acnt528,Intuit@!123,9.64E+15,VDRZC,PJEZI,BHIDD
icpprf_acnt529,Intuit@!123,9.75E+15,VYESY,HVJRV,FTMOC
icpprf_acnt530,Intuit@!123,9.75E+15,BRMIK,HSBZI,PYLWW
icpprf_acnt531,Intuit@!123,9.65E+15,UXIKP,ZYNUI,HQATV
icpprf_acnt532,Intuit@!123,9.74E+15,ZTQBP,QKGJJ,RHJXQ
icpprf_acnt533,Intuit@!123,9.75E+15,GHBSH,HIZAX,ICPXF
icpprf_acnt534,Intuit@!123,9.75E+15,SOIYI,DQPOM,DNRRD
icpprf_acnt535,Intuit@!123,9.75E+15,XGFDA,ZKGLE,QKDON
icpprf_acnt536,Intuit@!123,9.74E+15,LJXKE,QIJOF,MTRBX
icpprf_acnt537,Intuit@!123,9.75E+15,FIAAU,FEGAK,TCJZM
icpprf_acnt538,Intuit@!123,9.75E+15,LRQEJ,CTUGQ,LNJGW
icpprf_acnt539,Intuit@!123,9.64E+15,ZYDFZ,BHZNQ,DBGGR
icpprf_acnt540,Intuit@!123,9.65E+15,JPYNL,PTMDS,GLFRQ
icpprf_acnt541,Intuit@!123,9.74E+15,BQMLH,AUDYA,HEYYF
icpprf_acnt542,Intuit@!123,9.64E+15,KJUAO,NQOME,UZUSN
icpprf_acnt543,Intuit@!123,9.64E+15,WDGJI,VPGXD,UQPHP
icpprf_acnt544,Intuit@!123,9.75E+15,YQSLL,XUNAI,SMEBJ
icpprf_acnt545,Intuit@!123,9.75E+15,LRUGV,JDSZK,VTSUY
icpprf_acnt546,Intuit@!123,9.65E+15,AXTTF,XSEAU,WIJSY
icpprf_acnt547,Intuit@!123,9.74E+15,DHYSK,ATRCD,NLXRE
icpprf_acnt548,Intuit@!123,9.75E+15,GCMWK,FLCTL,DGPHI
icpprf_acnt549,Intuit@!123,9.75E+15,BXIEI,LNVDV,FNWFX
icpprf_acnt550,Intuit@!123,9.75E+15,DBBFQ,WMWIT,LXKGE
icpprf_acnt551,Intuit@!123,9.74E+15,UTUSE,TNHXB,FXSZK
icpprf_acnt552,Intuit@!123,9.75E+15,TBKPF,EKVKP,AUNJE
icpprf_acnt553,Intuit@!123,9.75E+15,CVQFQ,XYWVN,ACMWP
icpprf_acnt554,Intuit@!123,9.64E+15,UVLBO,SGPDK,QBDKU
icpprf_acnt555,Intuit@!123,9.65E+15,HENNS,LVRKE,ZLEFD
icpprf_acnt556,Intuit@!123,9.74E+15,UUEED,QAEEW,JMXJI
icpprf_acnt557,Intuit@!123,9.64E+15,RVSUF,FXSIH,PKIPS
icpprf_acnt558,Intuit@!123,9.64E+15,RFNXO,LIVIQ,VKKXZ
icpprf_acnt559,Intuit@!123,9.75E+15,TBVXE,TLKND,CXXBV
icpprf_acnt560,Intuit@!123,9.75E+15,JXLVG,KXHZK,QVQBR
icpprf_acnt561,Intuit@!123,9.65E+15,NGVAB,WLDHI,ZRSRV
icpprf_acnt562,Intuit@!123,9.74E+15,STMCW,ZBKHA,OTDPJ
icpprf_acnt563,Intuit@!123,9.75E+15,KFKDC,XSFMG,GUYMG
icpprf_acnt564,Intuit@!123,9.75E+15,VXMMW,VCSMQ,VPTHC
icpprf_acnt565,Intuit@!123,9.75E+15,FHWOZ,ZFHDF,DIUYP
icpprf_acnt566,Intuit@!123,9.74E+15,OFOVS,UROLO,LVSQK
icpprf_acnt567,Intuit@!123,9.75E+15,VUHVI,KQJUZ,KLLLW
icpprf_acnt568,Intuit@!123,9.75E+15,AIDHS,ZPACH,LPCLJ
icpprf_acnt569,Intuit@!123,9.64E+15,IVZCN,WQANW,JEAOK
icpprf_acnt570,Intuit@!123,9.65E+15,PVHSG,USETC,DVPPB
icpprf_acnt571,Intuit@!123,9.74E+15,EGTND,LCWTC,OAJUM
icpprf_acnt572,Intuit@!123,9.64E+15,CPKEY,WAEFV,CURHR
icpprf_acnt573,Intuit@!123,9.64E+15,USPTI,NPLTR,MGNCE
icpprf_acnt574,Intuit@!123,9.75E+15,IXXNF,SSADS,HNSJX
icpprf_acnt575,Intuit@!123,9.75E+15,OXKQW,XQOGK,AETSI
icpprf_acnt576,Intuit@!123,9.65E+15,WMJPA,KKVZM,HVWAW
icpprf_acnt577,Intuit@!123,9.74E+15,WPLJA,HITAP,DXRZU
icpprf_acnt578,Intuit@!123,9.75E+15,GOIDR,GRSTW,PDSQZ
icpprf_acnt579,Intuit@!123,9.75E+15,QZMQW,JUZNR,CCYDM
icpprf_acnt580,Intuit@!123,9.75E+15,QPYOM,GQYXY,OLAUB
icpprf_acnt581,Intuit@!123,9.74E+15,XDSID,JQWBJ,SLELM
icpprf_acnt582,Intuit@!123,9.75E+15,CZWHV,RRNBZ,SMAAP
icpprf_acnt583,Intuit@!123,9.75E+15,GOUIP,SLUDC,UANKY
icpprf_acnt584,Intuit@!123,9.64E+15,BQDKC,HEIDQ,YWZEJ
icpprf_acnt585,Intuit@!123,9.65E+15,UUGVA,NCVZZ,ZDOLR
icpprf_acnt586,Intuit@!123,9.74E+15,UVEMR,KIULN,GPVZI
icpprf_acnt587,Intuit@!123,9.64E+15,AHADA,JVJHP,CKSIW
icpprf_acnt588,Intuit@!123,9.64E+15,SFNZG,HBGHA,OKGTE
icpprf_acnt589,Intuit@!123,9.75E+15,HBOZL,LZHWE,WENHM
icpprf_acnt590,Intuit@!123,9.75E+15,QADXT,UFJAZ,HPHQC
icpprf_acnt591,Intuit@!123,9.65E+15,CGNNP,HZLAY,IBDXG
icpprf_acnt592,Intuit@!123,9.74E+15,XXPVE,QBCYM,WKXYA
icpprf_acnt593,Intuit@!123,9.75E+15,FVYMC,AFQZJ,JINEZ
icpprf_acnt594,Intuit@!123,9.75E+15,AJAWF,RGYDL,SUFKS
icpprf_acnt595,Intuit@!123,9.75E+15,KMLGQ,KFKDV,PWDJR
icpprf_acnt596,Intuit@!123,9.74E+15,RFNZI,BJRBZ,BIPGN
icpprf_acnt597,Intuit@!123,9.75E+15,EZXZB,BAIJD,PVNYF
icpprf_acnt598,Intuit@!123,9.75E+15,AYUFI,ZMBWI,XTWPM
icpprf_acnt599,Intuit@!123,9.64E+15,TDORZ,IFHQY,SMQEH
icpprf_acnt600,Intuit@!123,9.65E+15,BWVFJ,YDEUL,BUEEC
icpprf_acnt601,Intuit@!123,9.74E+15,SLOMG,XILIV,MWGIZ
icpprf_acnt602,Intuit@!123,9.64E+15,RDEVC,ZVZEW,QJJDI
icpprf_acnt603,Intuit@!123,9.64E+15,RXHIH,LMXUZ,LCRMR
icpprf_acnt604,Intuit@!123,9.75E+15,OQSTE,QEKOB,JPJBZ
icpprf_acnt605,Intuit@!123,9.75E+15,ZXHZS,XVDCQ,ETDXO
icpprf_acnt606,Intuit@!123,9.65E+15,SUKVT,KSRGU,KZNWK
icpprf_acnt607,Intuit@!123,9.74E+15,HWQTF,IXJHY,NTNUE
icpprf_acnt608,Intuit@!123,9.75E+15,RBSWW,OOWGI,CUEGN
icpprf_acnt609,Intuit@!123,9.75E+15,QJKSP,MGHID,EBHLC
icpprf_acnt610,Intuit@!123,9.75E+15,DRDJF,ADQXX,BMRHQ
icpprf_acnt611,Intuit@!123,9.74E+15,LFNYX,PEAPL,XRBYU
icpprf_acnt612,Intuit@!123,9.75E+15,RETSO,ENIWA,ZMYCE
icpprf_acnt613,Intuit@!123,9.75E+15,SXQGR,WOFZG,CZOTH
icpprf_acnt614,Intuit@!123,9.64E+15,CCAZE,MQNIO,IHZUV
icpprf_acnt615,Intuit@!123,9.65E+15,ZSZAX,IMTOP,ZJVGP
icpprf_acnt616,Intuit@!123,9.74E+15,HFHJJ,YHENM,CVFWX
icpprf_acnt617,Intuit@!123,9.64E+15,WQWYB,NZHJU,JQLMI
icpprf_acnt618,Intuit@!123,9.64E+15,TKGJV,CPPDK,AYJHE
icpprf_acnt619,Intuit@!123,9.75E+15,PFJRE,FUOYM,XOODO
icpprf_acnt620,Intuit@!123,9.75E+15,MVQAX,ZPFPL,OJTVX
icpprf_acnt621,Intuit@!123,9.65E+15,SLHHI,GMONR,RNHCD
icpprf_acnt622,Intuit@!123,9.74E+15,UYPRB,ZMQBB,RDBBV
icpprf_acnt623,Intuit@!123,9.75E+15,HTFBC,MHNJB,IVWDF
icpprf_acnt624,Intuit@!123,9.75E+15,IDWXN,ERZDL,JBSRG
icpprf_acnt625,Intuit@!123,9.75E+15,WPBYY,TRWGH,NXGZZ
icpprf_acnt626,Intuit@!123,9.74E+15,LWRJT,JBWCM,DCFIZ
icpprf_acnt627,Intuit@!123,9.75E+15,DBMLQ,EFHPM,BDBKZ
icpprf_acnt628,Intuit@!123,9.75E+15,FVUUS,FWEPC,SATRX
icpprf_acnt629,Intuit@!123,9.64E+15,ZVIBP,NNQPH,NUKHL
icpprf_acnt630,Intuit@!123,9.65E+15,JHISS,GCYAC,WOBRB
icpprf_acnt631,Intuit@!123,9.74E+15,QNGZP,UNBZX,LESKV
icpprf_acnt632,Intuit@!123,9.64E+15,CZKIP,HJBLB,JNOHD
icpprf_acnt633,Intuit@!123,9.64E+15,CVJQF,SUDKN,FYUGX
icpprf_acnt634,Intuit@!123,9.75E+15,EMWAL,QJJGP,YGDYH
icpprf_acnt635,Intuit@!123,9.75E+15,DAJPB,YBJZD,NDBHT
icpprf_acnt636,Intuit@!123,9.65E+15,TQELW,ILYEJ,ZTCLC
icpprf_acnt637,Intuit@!123,9.74E+15,VAZCA,USXJR,JKZFV
icpprf_acnt638,Intuit@!123,9.75E+15,SICLO,FEBJX,RDIGA
icpprf_acnt639,Intuit@!123,9.75E+15,MWJMG,PVGDL,GCEIH
icpprf_acnt640,Intuit@!123,9.75E+15,SJOBP,LBBVK,URMSV
icpprf_acnt641,Intuit@!123,9.74E+15,OXPHR,JFTED,FSQBX
icpprf_acnt642,Intuit@!123,9.75E+15,SJJLP,TYRKK,WNHHK
icpprf_acnt643,Intuit@!123,9.75E+15,YGZBY,INPQQ,LQJFY
icpprf_acnt644,Intuit@!123,9.64E+15,KBDBQ,CSVVR,JFFKP
icpprf_acnt645,Intuit@!123,9.65E+15,GFSKU,ZJKZQ,WVXJK
icpprf_acnt646,Intuit@!123,9.74E+15,RSALR,HHQTG,VDVOD
icpprf_acnt647,Intuit@!123,9.64E+15,SFGQJ,UZUEK,KQIHL
icpprf_acnt648,Intuit@!123,9.64E+15,KWJVY,RUAID,OGVEG
icpprf_acnt649,Intuit@!123,9.75E+15,AICXE,GCANG,YFVQJ
icpprf_acnt650,Intuit@!123,9.75E+15,MWLHI,RZQFQ,HMPRK
icpprf_acnt651,Intuit@!123,9.65E+15,EIVLQ,NOKFM,JUNDJ
icpprf_acnt652,Intuit@!123,9.74E+15,PELJI,QZNGF,LJZZM
icpprf_acnt653,Intuit@!123,9.75E+15,KZXOQ,OUEGV,YQKMK
icpprf_acnt654,Intuit@!123,9.75E+15,VWZHC,GSUDM,LDBNL
icpprf_acnt655,Intuit@!123,9.75E+15,LFKBJ,EQWFM,ADQQP
icpprf_acnt656,Intuit@!123,9.74E+15,UBQCX,PUQSF,HJKQA
icpprf_acnt657,Intuit@!123,9.75E+15,VCHEX,HVBEH,CKUSW
icpprf_acnt658,Intuit@!123,9.75E+15,GYORQ,MNIYJ,RRIPK
icpprf_acnt659,Intuit@!123,9.64E+15,VWWJS,VKAKZ,VLTDW
icpprf_acnt660,Intuit@!123,9.65E+15,EWHFV,BRWIX,QTKSQ
icpprf_acnt661,Intuit@!123,9.74E+15,MTMYQ,XDWFU,ALCUS
icpprf_acnt662,Intuit@!123,9.64E+15,WXFCX,RJMRP,JVKCL
icpprf_acnt663,Intuit@!123,9.64E+15,RYLCQ,BZQUJ,UZQLP
icpprf_acnt664,Intuit@!123,9.75E+15,XHRZY,RNEGQ,XWYWG
icpprf_acnt665,Intuit@!123,9.75E+15,CZPYG,XBXGW,FENWR
icpprf_acnt666,Intuit@!123,9.65E+15,YIVHZ,UOGYA,FEJOA
icpprf_acnt667,Intuit@!123,9.74E+15,DTTRF,WCOKO,VKZVB
icpprf_acnt668,Intuit@!123,9.75E+15,WBDSK,TEOZR,HWEAG
icpprf_acnt669,Intuit@!123,9.75E+15,BPBLI,SFWNV,AVYHC
icpprf_acnt670,Intuit@!123,9.75E+15,ISATY,CSSEN,IXWAF
icpprf_acnt671,Intuit@!123,9.74E+15,IGENB,EHKAH,NTNCI
icpprf_acnt672,Intuit@!123,9.75E+15,SKIPO,FOWLP,SWJOU
icpprf_acnt673,Intuit@!123,9.75E+15,DRTWW,YYSJD,AGTLY
icpprf_acnt674,Intuit@!123,9.64E+15,VRHKX,ODQQJ,QMLMR
icpprf_acnt675,Intuit@!123,9.65E+15,XXEYR,BHPEI,BKEWQ
icpprf_acnt676,Intuit@!123,9.74E+15,ASOMD,XVUTY,WZSLD
icpprf_acnt677,Intuit@!123,9.64E+15,XBFXT,RMYQM,SFKLB
icpprf_acnt678,Intuit@!123,9.64E+15,YTGGJ,KODPT,FEBKY
icpprf_acnt679,Intuit@!123,9.75E+15,GLGEM,AOXGD,NDMVP
icpprf_acnt680,Intuit@!123,9.75E+15,IDOWG,VQRRO,KGVYS
icpprf_acnt681,Intuit@!123,9.65E+15,DMQCX,TSTCP,HTVSH
icpprf_acnt682,Intuit@!123,9.74E+15,JKKKQ,VBORG,HETBL
icpprf_acnt683,Intuit@!123,9.75E+15,DDJGS,DJLCL,KBXKE
icpprf_acnt684,Intuit@!123,9.75E+15,KIUUK,YDEBO,VWLOE
icpprf_acnt685,Intuit@!123,9.75E+15,YMJRL,NVSUV,KSWHF
icpprf_acnt686,Intuit@!123,9.74E+15,BJECB,ZICEQ,YGSSJ
icpprf_acnt687,Intuit@!123,9.75E+15,AVVKD,VLWVX,CQPUN
icpprf_acnt688,Intuit@!123,9.75E+15,XZGHD,OKKPJ,VQZYS
icpprf_acnt689,Intuit@!123,9.64E+15,ZWCVS,OWQII,FAKIH
icpprf_acnt690,Intuit@!123,9.65E+15,LQCTB,LTEMW,WQMJQ
icpprf_acnt691,Intuit@!123,9.74E+15,HUFXO,ZRRXI,WPGRM
icpprf_acnt692,Intuit@!123,9.64E+15,EXQRE,JIASL,EFHMU
icpprf_acnt693,Intuit@!123,9.64E+15,OGOXS,TLSZR,IFZEO
icpprf_acnt694,Intuit@!123,9.75E+15,JMZHP,CKWFW,OCRZB
icpprf_acnt695,Intuit@!123,9.75E+15,LEZQW,GWJDY,RMCCD
icpprf_acnt696,Intuit@!123,9.65E+15,PTCLQ,DOGTP,OSLZP
icpprf_acnt697,Intuit@!123,9.74E+15,EEOIV,DAMNL,LVPTC
icpprf_acnt698,Intuit@!123,9.75E+15,JAWZG,UNTLE,EITTH
icpprf_acnt699,Intuit@!123,9.75E+15,ZAJKU,DLGAW,YMEUI
icpprf_acnt700,Intuit@!123,9.75E+15,MWBTV,WUUME,QSGKB
icpprf_acnt701,Intuit@!123,9.74E+15,GNILI,ZDSND,YCKBY
icpprf_acnt702,Intuit@!123,9.75E+15,QJJZN,YIMOQ,KWHBR
icpprf_acnt703,Intuit@!123,9.75E+15,JCINK,ARUVX,XGMIC
icpprf_acnt704,Intuit@!123,9.64E+15,OTJIT,UNDFV,NIUTO
icpprf_acnt705,Intuit@!123,9.65E+15,DCFLH,XMOQS,VRXIS
icpprf_acnt706,Intuit@!123,9.74E+15,SPRLI,FGMJP,MAETU
icpprf_acnt707,Intuit@!123,9.64E+15,CMFLI,GXLOJ,IBJQE
icpprf_acnt708,Intuit@!123,9.64E+15,XJRFS,OISZJ,ETVEF
icpprf_acnt709,Intuit@!123,9.75E+15,NMBTQ,EIMDE,ARGBM
icpprf_acnt710,Intuit@!123,9.75E+15,DIHLL,KXXQL,BDCLP
icpprf_acnt711,Intuit@!123,9.65E+15,RABME,UJVHH,BRECC
icpprf_acnt712,Intuit@!123,9.74E+15,CPKMQ,SLDDY,VIKDA
icpprf_acnt713,Intuit@!123,9.75E+15,WJOBT,GSXPO,XYBOI
icpprf_acnt714,Intuit@!123,9.75E+15,WTRSX,UMCSF,EHUBP
icpprf_acnt715,Intuit@!123,9.75E+15,PTKOU,FEJEM,MHUYZ
icpprf_acnt716,Intuit@!123,9.74E+15,ORXSR,MSSLF,POEYX
icpprf_acnt717,Intuit@!123,9.75E+15,VDIEG,ZIPAG,NYPYE
icpprf_acnt718,Intuit@!123,9.75E+15,ALSFF,NLUNU,VEDLO
icpprf_acnt719,Intuit@!123,9.64E+15,BFPQM,TIEPA,COFFQ
icpprf_acnt720,Intuit@!123,9.65E+15,KONXZ,YMYTC,GPKJC
icpprf_acnt721,Intuit@!123,9.74E+15,ETKXE,BGFGD,FQVOF
icpprf_acnt722,Intuit@!123,9.64E+15,KCUPS,NGGMF,DKFUJ
icpprf_acnt723,Intuit@!123,9.64E+15,FILGP,SQJLV,GJMKU
icpprf_acnt724,Intuit@!123,9.75E+15,MZQPM,LHBVI,PRQIZ
icpprf_acnt725,Intuit@!123,9.75E+15,NHVLW,RVFJG,PAICB
icpprf_acnt726,Intuit@!123,9.65E+15,MGBET,OTBBJ,YDDJD
icpprf_acnt727,Intuit@!123,9.74E+15,IZJNW,LIZOS,IBVJL
icpprf_acnt728,Intuit@!123,9.75E+15,AXZKG,YYXKR,LECAI
icpprf_acnt729,Intuit@!123,9.75E+15,ORTTU,ADQUA,QEXLG
icpprf_acnt730,Intuit@!123,9.75E+15,AUDBH,POOLV,SZOEY
icpprf_acnt731,Intuit@!123,9.74E+15,FXSEG,ODRJB,KEPXA
icpprf_acnt732,Intuit@!123,9.75E+15,YAGYZ,TLMYF,KXZGB
icpprf_acnt733,Intuit@!123,9.75E+15,IRTAK,QNCMR,KHQKJ
icpprf_acnt734,Intuit@!123,9.64E+15,TAPNM,SKMEQ,CQSEO
icpprf_acnt735,Intuit@!123,9.65E+15,CACRS,IEBHU,MMGUK
icpprf_acnt736,Intuit@!123,9.74E+15,PRNCC,YIAHN,QTRGD
icpprf_acnt737,Intuit@!123,9.64E+15,VSMDB,QLXCN,WMCSV
icpprf_acnt738,Intuit@!123,9.64E+15,UVEMS,ZKQJO,ATXTB
icpprf_acnt739,Intuit@!123,9.75E+15,GPJJP,OLTNG,JFHHE
icpprf_acnt740,Intuit@!123,9.75E+15,LUUAT,CHUDI,MYJMP
icpprf_acnt741,Intuit@!123,9.65E+15,YSXUN,TMJZX,EKESX
icpprf_acnt742,Intuit@!123,9.74E+15,SBUHT,KBJEG,VZJLK
icpprf_acnt743,Intuit@!123,9.75E+15,DOTYZ,TPBGZ,DCLZC
icpprf_acnt744,Intuit@!123,9.75E+15,JZZWH,SOOTT,HDZDS
icpprf_acnt745,Intuit@!123,9.75E+15,BYFMY,ZTTBH,JSTLB
icpprf_acnt746,Intuit@!123,9.74E+15,PAJKD,LWLIX,LGNYT
icpprf_acnt747,Intuit@!123,9.75E+15,FERBA,IXYKO,ZROTU
icpprf_acnt748,Intuit@!123,9.75E+15,VREQN,JXUKN,KABGE
icpprf_acnt749,Intuit@!123,9.64E+15,AFBKS,GYKFL,UULWA
icpprf_acnt750,Intuit@!123,9.65E+15,DUQGD,EKAUG,UYFCX
icpprf_acnt751,Intuit@!123,9.74E+15,TXLXT,UNQTK,XGRMW
icpprf_acnt752,Intuit@!123,9.64E+15,CMLGQ,KXSNW,KLJBJ
icpprf_acnt753,Intuit@!123,9.64E+15,FHJUY,HVPYK,OWHXI
icpprf_acnt754,Intuit@!123,9.75E+15,JLZNH,VKMVA,URTKR
icpprf_acnt755,Intuit@!123,9.75E+15,RFWAA,FGMAE,NVYFI
icpprf_acnt756,Intuit@!123,9.65E+15,VWBMS,JHFBM,FMBTP
icpprf_acnt757,Intuit@!123,9.74E+15,AYPNR,ZWTAX,OXFVC
icpprf_acnt758,Intuit@!123,9.75E+15,MWRAU,DNCGM,MZCJP
icpprf_acnt759,Intuit@!123,9.75E+15,BFNRA,HZNNT,WSNAT
icpprf_acnt760,Intuit@!123,9.75E+15,FUCFV,WZKDU,XGNDW
icpprf_acnt761,Intuit@!123,9.74E+15,VQFBG,PWVCY,OZBWS
icpprf_acnt762,Intuit@!123,9.75E+15,ABPDK,GWBOU,QXNAG
icpprf_acnt763,Intuit@!123,9.75E+15,VTSEQ,JJGQO,WJZBO
icpprf_acnt764,Intuit@!123,9.64E+15,XXLRF,KGFSE,KTVCH
icpprf_acnt765,Intuit@!123,9.65E+15,LTLXD,ERNSO,DFISI
icpprf_acnt766,Intuit@!123,9.74E+15,RFCBK,PHMNO,TNCSH
icpprf_acnt767,Intuit@!123,9.64E+15,ADBAY,YKOJE,AIQQD
icpprf_acnt768,Intuit@!123,9.64E+15,LDAHX,AGWHN,JXNHF
icpprf_acnt769,Intuit@!123,9.75E+15,SVBKO,JZSTN,NOEMJ
icpprf_acnt770,Intuit@!123,9.75E+15,PKBEU,NLJDA,GXYPF
icpprf_acnt771,Intuit@!123,9.65E+15,TGKUV,ICGOD,UTIQS
icpprf_acnt772,Intuit@!123,9.74E+15,XKWEQ,NTRIW,BCKBA
icpprf_acnt773,Intuit@!123,9.75E+15,XUXZS,EWZWG,SQFHN
icpprf_acnt774,Intuit@!123,9.75E+15,VIRBJ,LXZES,MEHWF
icpprf_acnt775,Intuit@!123,9.75E+15,QZTKK,JITMI,PXUCM
icpprf_acnt776,Intuit@!123,9.74E+15,NWBQD,EXUFR,NREWU
icpprf_acnt777,Intuit@!123,9.75E+15,DJGOJ,ZPTVX,WEXSN
icpprf_acnt778,Intuit@!123,9.75E+15,BBRLL,VMEOF,VHRES
icpprf_acnt779,Intuit@!123,9.64E+15,CAYHF,HDZTL,TFHSG
icpprf_acnt780,Intuit@!123,9.65E+15,IEEJO,DVJER,JBTMH
icpprf_acnt781,Intuit@!123,9.74E+15,MFALE,AMEJT,TUPQR
icpprf_acnt782,Intuit@!123,9.64E+15,YXSBB,ROXGW,FUEJT
icpprf_acnt783,Intuit@!123,9.64E+15,BHQQK,WUATY,YYGJI
icpprf_acnt784,Intuit@!123,9.75E+15,LFIGJ,UINVE,WHUPA
icpprf_acnt785,Intuit@!123,9.75E+15,EGHGE,VOXAZ,TBTWP
icpprf_acnt786,Intuit@!123,9.65E+15,VFNLE,VTIOS,GUMZA
icpprf_acnt787,Intuit@!123,9.74E+15,NDTDH,VAKOX,QRRZQ
icpprf_acnt788,Intuit@!123,9.75E+15,IWPLG,AMGEI,BQXGZ
icpprf_acnt789,Intuit@!123,9.75E+15,VDUHY,TNKHP,CCXIO
icpprf_acnt790,Intuit@!123,9.75E+15,VFQXV,UYLYZ,KLNAX
icpprf_acnt791,Intuit@!123,9.74E+15,UMVFA,VQJUW,RGWVV
icpprf_acnt792,Intuit@!123,9.75E+15,EUJGZ,SGVMC,IXZUT
icpprf_acnt793,Intuit@!123,9.75E+15,HUGIN,SWKXD,DWASY
icpprf_acnt794,Intuit@!123,9.64E+15,FZSHW,SDSFV,GARPS
icpprf_acnt795,Intuit@!123,9.65E+15,IHPVA,QNUNS,SSGVX
icpprf_acnt796,Intuit@!123,9.74E+15,AABWI,FLNNG,OVPRP
icpprf_acnt797,Intuit@!123,9.64E+15,ZOFWT,ZUGQM,LNSRQ
icpprf_acnt798,Intuit@!123,9.64E+15,QQGOQ,FSAKR,RAFST
icpprf_acnt799,Intuit@!123,9.75E+15,QTBYU,LXCFD,PEOCE
icpprf_acnt800,Intuit@!123,9.75E+15,OMBOT,ZQDXR,FJFKA
icpprf_acnt801,Intuit@!123,9.65E+15,KTTAQ,MKMTW,MFYOC
icpprf_acnt802,Intuit@!123,9.74E+15,MOAEM,RTUWR,VNLOW
icpprf_acnt803,Intuit@!123,9.75E+15,OQFMB,VODKE,TATWQ
icpprf_acnt804,Intuit@!123,9.75E+15,BLQED,YEPBT,ACGEM
icpprf_acnt805,Intuit@!123,9.75E+15,QLDEA,HPKTZ,IAXSI
icpprf_acnt806,Intuit@!123,9.74E+15,COYEU,JWEBM,EGRTS
icpprf_acnt807,Intuit@!123,9.75E+15,HWGRS,HBMIR,SGNEY
icpprf_acnt808,Intuit@!123,9.75E+15,TQZUT,ZMCNR,KWCEJ
icpprf_acnt809,Intuit@!123,9.64E+15,KVRCO,AJMYF,BHEYY
icpprf_acnt810,Intuit@!123,9.65E+15,EIYUO,TNFYE,ABVCA
icpprf_acnt811,Intuit@!123,9.74E+15,BTBEP,PDFCE,EDLYL
icpprf_acnt812,Intuit@!123,9.64E+15,YATKV,XPEJB,GSXBH
icpprf_acnt813,Intuit@!123,9.64E+15,SNGRJ,XQKFZ,FURLL
icpprf_acnt814,Intuit@!123,9.75E+15,PZMRS,DQSOO,SWMVV
icpprf_acnt815,Intuit@!123,9.75E+15,ZZJFI,YAVFH,SWLBN
icpprf_acnt816,Intuit@!123,9.65E+15,SOCKI,GREDO,DOSPH
icpprf_acnt817,Intuit@!123,9.74E+15,ZYECR,NEUDZ,NARLP
icpprf_acnt818,Intuit@!123,9.75E+15,QQAOS,BGDPG,TJECD
icpprf_acnt819,Intuit@!123,9.75E+15,BMJGR,TQFXQ,PTVAP
icpprf_acnt820,Intuit@!123,9.75E+15,UMFAZ,BPLNI,LWTYC
icpprf_acnt821,Intuit@!123,9.74E+15,ZQQOZ,IRCIW,YWYQO
icpprf_acnt822,Intuit@!123,9.75E+15,RNNVO,NACWW,CKWQL
icpprf_acnt823,Intuit@!123,9.75E+15,HXYKB,FEICX,JBSKL
icpprf_acnt824,Intuit@!123,9.64E+15,ROJFV,ERPBY,NOXRJ
icpprf_acnt825,Intuit@!123,9.65E+15,HWTIM,XQBZP,RYUBX
icpprf_acnt826,Intuit@!123,9.74E+15,QSJCF,UPSTV,MDEWM
icpprf_acnt827,Intuit@!123,9.64E+15,JAGAB,DJTBH,TUIJN
icpprf_acnt828,Intuit@!123,9.64E+15,ULQWV,WTTYI,UXKDF
icpprf_acnt829,Intuit@!123,9.75E+15,PNEIF,BTUJP,DAGWL
icpprf_acnt830,Intuit@!123,9.75E+15,ZMABD,AZRZE,LOYII
icpprf_acnt831,Intuit@!123,9.65E+15,PARLZ,DBHEP,NRTEK
icpprf_acnt832,Intuit@!123,9.74E+15,VWGHG,VIBRW,HSQZW
icpprf_acnt833,Intuit@!123,9.75E+15,PTAPF,WAXOD,IBTTN
icpprf_acnt834,Intuit@!123,9.75E+15,EXQFV,QCDTV,NWQZC
icpprf_acnt835,Intuit@!123,9.75E+15,PZKRZ,TRNMG,BJZRB
icpprf_acnt836,Intuit@!123,9.74E+15,MYUMI,PRZUE,FCQKQ
icpprf_acnt837,Intuit@!123,9.75E+15,VGJNJ,LSGLN,MIRGG
icpprf_acnt838,Intuit@!123,9.75E+15,ODJMU,UKMFN,ULOQA
icpprf_acnt839,Intuit@!123,9.64E+15,IBPRO,DLBGC,FVPFG
icpprf_acnt840,Intuit@!123,9.65E+15,IMEZI,ONJHA,UGYUS
icpprf_acnt841,Intuit@!123,9.74E+15,CXOLZ,ZGCGA,FJBQI
icpprf_acnt842,Intuit@!123,9.64E+15,QQDFI,AVQUJ,LXCGQ
icpprf_acnt843,Intuit@!123,9.64E+15,NTZZI,XJNCF,WWTWO
icpprf_acnt844,Intuit@!123,9.75E+15,QNSML,LDHYU,LMTMQ
icpprf_acnt845,Intuit@!123,9.75E+15,VAPWK,QYGOI,WPENE
icpprf_acnt846,Intuit@!123,9.65E+15,BFXHE,BWNZY,SFEKW
icpprf_acnt847,Intuit@!123,9.74E+15,TBPHV,OUSNO,KJJSR
icpprf_acnt848,Intuit@!123,9.75E+15,DFUAM,OSGJF,THJPK
icpprf_acnt849,Intuit@!123,9.75E+15,NGQHK,AZOBH,BPUCS
icpprf_acnt850,Intuit@!123,9.75E+15,JKBPD,EJPUC,QRUJA
icpprf_acnt851,Intuit@!123,9.74E+15,QYJHS,FSVYM,VGBEK
icpprf_acnt852,Intuit@!123,9.75E+15,YTXPG,YYPXI,MXLUC
icpprf_acnt853,Intuit@!123,9.75E+15,JJVSZ,HVIPC,GNIBL
icpprf_acnt854,Intuit@!123,9.64E+15,ISOJF,QEAKN,WIQDX
icpprf_acnt855,Intuit@!123,9.65E+15,JUZRC,LMBFR,RCBGJ
icpprf_acnt856,Intuit@!123,9.74E+15,IIOOK,WUPWQ,UVNYZ
icpprf_acnt857,Intuit@!123,9.64E+15,GYTUI,JQCTT,HSDEB
icpprf_acnt858,Intuit@!123,9.64E+15,QHIVS,JNGSO,HIQAH
icpprf_acnt859,Intuit@!123,9.75E+15,URLZW,OGJYM,OXMCQ
icpprf_acnt860,Intuit@!123,9.75E+15,CUVHG,WSKKR,QLNEO
icpprf_acnt861,Intuit@!123,9.65E+15,CBANH,BMOMI,XOFZY
icpprf_acnt862,Intuit@!123,9.74E+15,SSEOG,XOCRN,WQJLL
icpprf_acnt863,Intuit@!123,9.75E+15,IQZMH,IRZJR,GHKNK
icpprf_acnt864,Intuit@!123,9.75E+15,AUCPD,CHRLF,ADOSO
icpprf_acnt865,Intuit@!123,9.75E+15,ANJRL,XVWIX,CPDGM
icpprf_acnt866,Intuit@!123,9.74E+15,AESFN,IKEPM,BFGLD
icpprf_acnt867,Intuit@!123,9.75E+15,RMVET,NOQYY,KHISK
icpprf_acnt868,Intuit@!123,9.75E+15,HYNNB,WKPDU,XWQDB
icpprf_acnt869,Intuit@!123,9.64E+15,MDTYG,MSLNI,WMLBO
icpprf_acnt870,Intuit@!123,9.65E+15,NCSSN,FCRXF,WSSVQ
icpprf_acnt871,Intuit@!123,9.74E+15,EDCDQ,ZEQBF,RGAKA
icpprf_acnt872,Intuit@!123,9.64E+15,NKOOM,JHTTV,HSNRD
icpprf_acnt873,Intuit@!123,9.64E+15,OCFBG,ABNQA,OAUJW
icpprf_acnt874,Intuit@!123,9.75E+15,HTFKQ,JSBZN,GGEQI
icpprf_acnt875,Intuit@!123,9.75E+15,GQZCQ,JUWTR,LCNCD
icpprf_acnt876,Intuit@!123,9.65E+15,OJURF,HEWJD,WBYGX
icpprf_acnt877,Intuit@!123,9.74E+15,WHDEK,CZREI,JZNLY
icpprf_acnt878,Intuit@!123,9.75E+15,DSPQB,ZKKJL,VOYXQ
icpprf_acnt879,Intuit@!123,9.75E+15,EZIRB,MVKWI,CJXRA
icpprf_acnt880,Intuit@!123,9.75E+15,SAAKC,BDQCT,NTFOC
icpprf_acnt881,Intuit@!123,9.74E+15,LTHYC,DSZSW,WDJNR
icpprf_acnt882,Intuit@!123,9.75E+15,YYATK,MNZOI,IBETU
icpprf_acnt883,Intuit@!123,9.75E+15,OLKII,PWYLN,QJVVQ
icpprf_acnt884,Intuit@!123,9.64E+15,KVOSS,KNCYR,OVTXR
icpprf_acnt885,Intuit@!123,9.65E+15,GINSL,JVILE,NMITC
icpprf_acnt886,Intuit@!123,9.74E+15,FHNXN,XBCQA,UIACW
icpprf_acnt887,Intuit@!123,9.64E+15,UCNFP,RCESR,MYDBS
icpprf_acnt888,Intuit@!123,9.64E+15,BVNHT,PHILH,CMMKO
icpprf_acnt889,Intuit@!123,9.75E+15,NEMZR,RWETV,OPBDZ
icpprf_acnt890,Intuit@!123,9.75E+15,KJDRJ,RVEAF,BJPMW
icpprf_acnt891,Intuit@!123,9.65E+15,SRLPS,LQIHP,BOOYD
icpprf_acnt892,Intuit@!123,9.74E+15,FPODS,KTFGI,SOFNH
icpprf_acnt893,Intuit@!123,9.75E+15,JGYKJ,ONCBC,JIOUY
icpprf_acnt894,Intuit@!123,9.75E+15,MXAPV,QGPUD,INBWO
icpprf_acnt895,Intuit@!123,9.75E+15,MDMGS,VSPWE,MTDZW
icpprf_acnt896,Intuit@!123,9.74E+15,UTNJU,PCSXI,YFAHV
icpprf_acnt897,Intuit@!123,9.75E+15,PIEEI,ZSHZL,EBXKI
icpprf_acnt898,Intuit@!123,9.75E+15,PLQFI,RTBMX,UERSP
icpprf_acnt899,Intuit@!123,9.64E+15,SQHEX,AYTUR,CCWEI
icpprf_acnt900,Intuit@!123,9.65E+15,HHBXO,WPDMU,SMBZN
icpprf_acnt901,Intuit@!123,9.74E+15,MPXPP,SCVZE,NHGZL
icpprf_acnt902,Intuit@!123,9.64E+15,PGMLQ,CURGH,MERKE
icpprf_acnt903,Intuit@!123,9.64E+15,KXTDV,LVPTH,IYGWJ
icpprf_acnt904,Intuit@!123,9.75E+15,CRDZR,LQSGX,OAIRA
icpprf_acnt905,Intuit@!123,9.75E+15,YUEZL,JZFOX,KCMUH
icpprf_acnt906,Intuit@!123,9.65E+15,JCBSB,GAWGR,OCEFU
icpprf_acnt907,Intuit@!123,9.74E+15,NXYUP,ZBJCA,TDQQR
icpprf_acnt908,Intuit@!123,9.75E+15,MPHXN,XFQGF,SYLAE
icpprf_acnt909,Intuit@!123,9.75E+15,ACEIN,VMVAD,JLQPQ
icpprf_acnt910,Intuit@!123,9.75E+15,ATQFV,JNSXW,GHRGD
icpprf_acnt911,Intuit@!123,9.74E+15,GTSIZ,TULDK,UCIOZ
icpprf_acnt912,Intuit@!123,9.75E+15,GXNLI,TVJOQ,ZZFQE
icpprf_acnt913,Intuit@!123,9.75E+15,QWQEE,QNPGA,ACIQS
icpprf_acnt914,Intuit@!123,9.64E+15,QYXBG,DNPXC,HAFCK
icpprf_acnt915,Intuit@!123,9.65E+15,MXIDK,HMDFT,HIXUT
icpprf_acnt916,Intuit@!123,9.74E+15,DQHEK,FSTDH,AOBRX
icpprf_acnt917,Intuit@!123,9.64E+15,PEQYW,QFIMV,PXVQJ
icpprf_acnt918,Intuit@!123,9.64E+15,CMLFY,HFVVZ,BOSVB
icpprf_acnt919,Intuit@!123,9.75E+15,RJYNC,WXYHH,XBOPW
icpprf_acnt920,Intuit@!123,9.75E+15,LQZPT,HSEMA,MXBFN
icpprf_acnt921,Intuit@!123,9.65E+15,DCXFZ,JJILQ,AUEFC
icpprf_acnt922,Intuit@!123,9.74E+15,DVPGT,QCIKX,BXRCF
icpprf_acnt923,Intuit@!123,9.75E+15,NNVYA,MAMLV,EPTTU
icpprf_acnt924,Intuit@!123,9.75E+15,WBVAR,WHPEK,QWENH
icpprf_acnt925,Intuit@!123,9.75E+15,PSOQJ,GJHKQ,HJANE
icpprf_acnt926,Intuit@!123,9.74E+15,MLMZT,OZGNN,XXYYG
icpprf_acnt927,Intuit@!123,9.75E+15,VTPDN,OFAAV,MOYPG
icpprf_acnt928,Intuit@!123,9.75E+15,RZXKN,OBBXA,KNWYG
icpprf_acnt929,Intuit@!123,9.64E+15,XWELM,LOAIT,WFOYB
icpprf_acnt930,Intuit@!123,9.65E+15,GOVBB,XKIVG,AHHZT
icpprf_acnt931,Intuit@!123,9.74E+15,VBORP,IGNTB,BFVXD
icpprf_acnt932,Intuit@!123,9.64E+15,LEOTD,PRLLG,WDIIR
icpprf_acnt933,Intuit@!123,9.64E+15,FTGWC,ZEPLE,YZOXO
icpprf_acnt934,Intuit@!123,9.75E+15,URXJS,QBYFV,JHNHF
icpprf_acnt935,Intuit@!123,9.75E+15,TDGYP,JBDZV,DFVDJ
icpprf_acnt936,Intuit@!123,9.65E+15,DYKJM,PXLRF,NTAPZ
icpprf_acnt937,Intuit@!123,9.74E+15,OSJIH,VMBMW,JSWUV
icpprf_acnt938,Intuit@!123,9.75E+15,ADVDB,ZZCAK,QHNAY
icpprf_acnt939,Intuit@!123,9.75E+15,ATFWL,JFQKU,FQNUJ
icpprf_acnt940,Intuit@!123,9.75E+15,EHJJQ,RDBEE,EJRZO
icpprf_acnt941,Intuit@!123,9.74E+15,VORXL,NDJZL,AFCVM
icpprf_acnt942,Intuit@!123,9.75E+15,IKPFZ,OFRTF,AVBSU
icpprf_acnt943,Intuit@!123,9.75E+15,FKQWF,BHQXH,JJGCO
icpprf_acnt944,Intuit@!123,9.64E+15,TYAFL,ODBII,BFQFE
icpprf_acnt945,Intuit@!123,9.65E+15,JVZMX,ZPNLD,ETJHN
icpprf_acnt946,Intuit@!123,9.74E+15,CDJTE,QEWOA,ZHOXT
icpprf_acnt947,Intuit@!123,9.64E+15,XFPPI,WLJJH,KRVRC
icpprf_acnt948,Intuit@!123,9.64E+15,WLUPI,ZHDQQ,CWJYR
icpprf_acnt949,Intuit@!123,9.75E+15,CJTIX,RDTVW,COKKB
icpprf_acnt950,Intuit@!123,9.75E+15,RDGJU,NRNPE,ZPTPT
icpprf_acnt951,Intuit@!123,9.65E+15,NQNWM,RYEUJ,LSWED
icpprf_acnt952,Intuit@!123,9.74E+15,QZUPN,CXRKM,ZMQZP
icpprf_acnt953,Intuit@!123,9.75E+15,DVVGR,RUZLA,FFCVB
icpprf_acnt954,Intuit@!123,9.75E+15,UTFAP,CIDWX,JWRST
icpprf_acnt955,Intuit@!123,9.75E+15,BWVHL,UXGPX,FNEJH
icpprf_acnt956,Intuit@!123,9.74E+15,NLKKO,DYDVY,HTRRF
icpprf_acnt957,Intuit@!123,9.75E+15,QIOMA,UKNLR,JHOLH
icpprf_acnt958,Intuit@!123,9.75E+15,SOLTD,DEDZE,RSVSH
icpprf_acnt959,Intuit@!123,9.64E+15,ELKSD,RARQI,FIRMJ
icpprf_acnt960,Intuit@!123,9.65E+15,ORQYO,ULPYZ,DSCLU
icpprf_acnt961,Intuit@!123,9.74E+15,HSXUZ,YVYYB,TDNFQ
icpprf_acnt962,Intuit@!123,9.64E+15,RLTRF,BROCS,HODJC
icpprf_acnt963,Intuit@!123,9.64E+15,LNATV,ZPPEP,IISOF
icpprf_acnt964,Intuit@!123,9.75E+15,PQQMW,XMXUG,FEJZR
icpprf_acnt965,Intuit@!123,9.75E+15,PMAUH,BWMHP,SLVEJ
icpprf_acnt966,Intuit@!123,9.65E+15,JJZLW,NQOVT,SOBSH
icpprf_acnt967,Intuit@!123,9.74E+15,OAURE,HSEIV,JBHNH
icpprf_acnt968,Intuit@!123,9.75E+15,CGQGY,IYQNG,EGWAA
icpprf_acnt969,Intuit@!123,9.75E+15,JCNYS,TFASJ,MKSQY
icpprf_acnt970,Intuit@!123,9.75E+15,WROEV,BTPGD,ACSPM
icpprf_acnt971,Intuit@!123,9.74E+15,NEWEV,YROSD,QTHNH
icpprf_acnt972,Intuit@!123,9.75E+15,TVORF,JICTP,SWACO
icpprf_acnt973,Intuit@!123,9.75E+15,QYTPS,BGMZV,RBJCB
icpprf_acnt974,Intuit@!123,9.64E+15,CEEQR,CKDDC,VZOMO
icpprf_acnt975,Intuit@!123,9.65E+15,IYNZM,JVPCN,RPJDD
icpprf_acnt976,Intuit@!123,9.74E+15,AECKA,GBDEG,PXGOZ
icpprf_acnt977,Intuit@!123,9.64E+15,TRUEV,JPSNB,FEVFO
icpprf_acnt978,Intuit@!123,9.64E+15,ALUDL,SEDYB,TGKOX
icpprf_acnt979,Intuit@!123,9.75E+15,UWWEQ,HSCVC,ATMJC
icpprf_acnt980,Intuit@!123,9.75E+15,IFTCB,WICQZ,JFDMC
icpprf_acnt981,Intuit@!123,9.65E+15,NPZCU,ERNJZ,KJYZV
icpprf_acnt982,Intuit@!123,9.74E+15,GVUQV,RZWLN,ZVTQZ
icpprf_acnt983,Intuit@!123,9.75E+15,SWQCW,MTDVA,KCRHS
icpprf_acnt984,Intuit@!123,9.75E+15,ECUAQ,GEUYU,INLHM
icpprf_acnt985,Intuit@!123,9.75E+15,FAJIE,FWVSZ,PVUCV
icpprf_acnt986,Intuit@!123,9.74E+15,RUJPE,OIKQQ,LRIZN
icpprf_acnt987,Intuit@!123,9.75E+15,GEEWT,OITPI,JXNRH
icpprf_acnt988,Intuit@!123,9.75E+15,WIDGZ,ANNUH,WIYZY
icpprf_acnt989,Intuit@!123,9.64E+15,JPMYX,OAULH,SDYJA
icpprf_acnt990,Intuit@!123,9.65E+15,KQAQP,DYPQL,NNEAI
icpprf_acnt991,Intuit@!123,9.74E+15,QYGXX,JBPQV,GZZXK
icpprf_acnt992,Intuit@!123,9.64E+15,DBHPO,EXFJT,LBUYA
icpprf_acnt993,Intuit@!123,9.64E+15,JGKNL,CKOUV,QVGXA
icpprf_acnt994,Intuit@!123,9.75E+15,PUVHF,YTDXG,UZKFD
icpprf_acnt995,Intuit@!123,9.75E+15,FECCD,RLMPT,PBVPZ
icpprf_acnt996,Intuit@!123,9.65E+15,MYVDZ,CCJGB,PPMEO
icpprf_acnt997,Intuit@!123,9.74E+15,EAQMW,NZTJI,KPFGL
icpprf_acnt998,Intuit@!123,9.75E+15,TCSGA,PTCAU,FHOQP
icpprf_acnt999,Intuit@!123,9.75E+15,QDFMP,OILVI,QDNCQ
icpprf_acnt1000,Intuit@!123,9.75E+15,WXXKC,QOMBP,ALMJS