icpprf_acnt48001,Intuit@!123,OVDPO
icpprf_acnt48002,Intuit@!123,GZERS
icpprf_acnt48003,Intuit@!123,RPLGQ
icpprf_acnt48004,Intuit@!123,AZKNG
icpprf_acnt48005,Intuit@!123,KSSEP
icpprf_acnt48006,Intuit@!123,LNRQD
icpprf_acnt48007,Intuit@!123,DRQGW
icpprf_acnt48008,Intuit@!123,VWUWL
icpprf_acnt48009,Intuit@!123,LBGPQ
icpprf_acnt48010,Intuit@!123,JXOJA
icpprf_acnt48011,Intuit@!123,CVVKI
icpprf_acnt48012,Intuit@!123,ZXSCU
icpprf_acnt48013,Intuit@!123,TLUFF
icpprf_acnt48014,Intuit@!123,VMXWX
icpprf_acnt48015,Intuit@!123,RSPSB
icpprf_acnt48016,Intuit@!123,ESXHP
icpprf_acnt48017,Intuit@!123,QASJJ
icpprf_acnt48018,Intuit@!123,FQKMY
icpprf_acnt48019,Intuit@!123,NITJM
icpprf_acnt48020,Intuit@!123,DPYZA
icpprf_acnt48021,Intuit@!123,PIZRY
icpprf_acnt48022,Intuit@!123,NXCZW
icpprf_acnt48023,Intuit@!123,HHUME
icpprf_acnt48024,Intuit@!123,ZGSWB
icpprf_acnt48025,Intuit@!123,FAZTR
icpprf_acnt48026,Intuit@!123,LPVGE
icpprf_acnt48027,Intuit@!123,XRUFT
icpprf_acnt48028,Intuit@!123,JBFLZ
icpprf_acnt48029,Intuit@!123,VZUBI
icpprf_acnt48030,Intuit@!123,SKDSC
icpprf_acnt48031,Intuit@!123,ERGEI
icpprf_acnt48032,Intuit@!123,GYOQQ
icpprf_acnt48033,Intuit@!123,JXDQQ
icpprf_acnt48034,Intuit@!123,RXIIY
icpprf_acnt48035,Intuit@!123,ZJMDU
icpprf_acnt48036,Intuit@!123,GTCDG
icpprf_acnt48037,Intuit@!123,GLCDN
icpprf_acnt48038,Intuit@!123,FYLYL
icpprf_acnt48039,Intuit@!123,FDLQP
icpprf_acnt48040,Intuit@!123,BNASF
icpprf_acnt48041,Intuit@!123,BNFWQ
icpprf_acnt48042,Intuit@!123,UQLCA
icpprf_acnt48043,Intuit@!123,ZXLXW
icpprf_acnt48044,Intuit@!123,JRDIC
icpprf_acnt48045,Intuit@!123,YURMA
icpprf_acnt48046,Intuit@!123,WEXHY
icpprf_acnt48047,Intuit@!123,MODUS
icpprf_acnt48048,Intuit@!123,JOWAD
icpprf_acnt48049,Intuit@!123,DTDWP
icpprf_acnt48050,Intuit@!123,SOICF
icpprf_acnt48051,Intuit@!123,TSAVV
icpprf_acnt48052,Intuit@!123,HNUHT
icpprf_acnt48053,Intuit@!123,BROMG
icpprf_acnt48054,Intuit@!123,MJEFE
icpprf_acnt48055,Intuit@!123,CDITK
icpprf_acnt48056,Intuit@!123,KDPNM
icpprf_acnt48057,Intuit@!123,OKSJW
icpprf_acnt48058,Intuit@!123,IRDFD
icpprf_acnt48059,Intuit@!123,YSXHZ
icpprf_acnt48060,Intuit@!123,MFFOD
icpprf_acnt48061,Intuit@!123,WBVPS
icpprf_acnt48062,Intuit@!123,OJEGX
icpprf_acnt48063,Intuit@!123,WRYBX
icpprf_acnt48064,Intuit@!123,UZNEN
icpprf_acnt48065,Intuit@!123,RSLZK
icpprf_acnt48066,Intuit@!123,FUFBI
icpprf_acnt48067,Intuit@!123,XKKKW
icpprf_acnt48068,Intuit@!123,ODKGJ
icpprf_acnt48069,Intuit@!123,KGDGL
icpprf_acnt48070,Intuit@!123,QGYDC
icpprf_acnt48071,Intuit@!123,XZPYF
icpprf_acnt48072,Intuit@!123,RCLGX
icpprf_acnt48073,Intuit@!123,BMSSQ
icpprf_acnt48074,Intuit@!123,SYYKT
icpprf_acnt48075,Intuit@!123,PLTBI
icpprf_acnt48076,Intuit@!123,OXVTB
icpprf_acnt48077,Intuit@!123,HOAUG
icpprf_acnt48078,Intuit@!123,CAQOB
icpprf_acnt48079,Intuit@!123,WDGKW
icpprf_acnt48080,Intuit@!123,MRLAX
icpprf_acnt48081,Intuit@!123,IGAMM
icpprf_acnt48082,Intuit@!123,BLXLH
icpprf_acnt48083,Intuit@!123,KOLKI
icpprf_acnt48084,Intuit@!123,RUYCK
icpprf_acnt48085,Intuit@!123,ZITMG
icpprf_acnt48086,Intuit@!123,UQTXU
icpprf_acnt48087,Intuit@!123,FBTQX
icpprf_acnt48088,Intuit@!123,NMJXA
icpprf_acnt48089,Intuit@!123,MXDWD
icpprf_acnt48090,Intuit@!123,FLUPA
icpprf_acnt48091,Intuit@!123,OXYOW
icpprf_acnt48092,Intuit@!123,LMRIF
icpprf_acnt48093,Intuit@!123,CBSCK
icpprf_acnt48094,Intuit@!123,RJHYP
icpprf_acnt48095,Intuit@!123,IJQOP
icpprf_acnt48096,Intuit@!123,DDYBD
icpprf_acnt48097,Intuit@!123,ANDZD
icpprf_acnt48098,Intuit@!123,HPLKU
icpprf_acnt48099,Intuit@!123,QMJUM
icpprf_acnt48100,Intuit@!123,KKVKJ
icpprf_acnt48101,Intuit@!123,IZEYU
icpprf_acnt48102,Intuit@!123,JRJUZ
icpprf_acnt48103,Intuit@!123,CEGAO
icpprf_acnt48104,Intuit@!123,GIJPE
icpprf_acnt48105,Intuit@!123,YULJE
icpprf_acnt48106,Intuit@!123,BPYKS
icpprf_acnt48107,Intuit@!123,EZLYF
icpprf_acnt48108,Intuit@!123,OLNLQ
icpprf_acnt48109,Intuit@!123,WPWTI
icpprf_acnt48110,Intuit@!123,OIXKW
icpprf_acnt48111,Intuit@!123,QHVRP
icpprf_acnt48112,Intuit@!123,JKBVS
icpprf_acnt48113,Intuit@!123,WPZLS
icpprf_acnt48114,Intuit@!123,PNCAF
icpprf_acnt48115,Intuit@!123,OSLDK
icpprf_acnt48116,Intuit@!123,KKSLO
icpprf_acnt48117,Intuit@!123,VZWBP
icpprf_acnt48118,Intuit@!123,ZJKCH
icpprf_acnt48119,Intuit@!123,QUZZG
icpprf_acnt48120,Intuit@!123,SCWKX
icpprf_acnt48121,Intuit@!123,DXSVN
icpprf_acnt48122,Intuit@!123,OZRTB
icpprf_acnt48123,Intuit@!123,VTRGD
icpprf_acnt48124,Intuit@!123,PVJTM
icpprf_acnt48125,Intuit@!123,MQNTM
icpprf_acnt48126,Intuit@!123,JSYKS
icpprf_acnt48127,Intuit@!123,ULXJT
icpprf_acnt48128,Intuit@!123,FDGTO
icpprf_acnt48129,Intuit@!123,URPJY
icpprf_acnt48130,Intuit@!123,ZOQMH
icpprf_acnt48131,Intuit@!123,SQBFU
icpprf_acnt48132,Intuit@!123,VUFBF
icpprf_acnt48133,Intuit@!123,GOQJM
icpprf_acnt48134,Intuit@!123,TFJAI
icpprf_acnt48135,Intuit@!123,WRNFZ
icpprf_acnt48136,Intuit@!123,HFSBO
icpprf_acnt48137,Intuit@!123,GSYLM
icpprf_acnt48138,Intuit@!123,ROCUG
icpprf_acnt48139,Intuit@!123,ZNSVS
icpprf_acnt48140,Intuit@!123,SNSOA
icpprf_acnt48141,Intuit@!123,ELYXA
icpprf_acnt48142,Intuit@!123,POPPU
icpprf_acnt48143,Intuit@!123,QLXZP
icpprf_acnt48144,Intuit@!123,CZLNE
icpprf_acnt48145,Intuit@!123,MJLUD
icpprf_acnt48146,Intuit@!123,WZSUN
icpprf_acnt48147,Intuit@!123,YLNHZ
icpprf_acnt48148,Intuit@!123,FPNTJ
icpprf_acnt48149,Intuit@!123,FAKIJ
icpprf_acnt48150,Intuit@!123,UNESV
icpprf_acnt48151,Intuit@!123,DEUBG
icpprf_acnt48152,Intuit@!123,QIXUM
icpprf_acnt48153,Intuit@!123,ZUFMA
icpprf_acnt48154,Intuit@!123,QIKNN
icpprf_acnt48155,Intuit@!123,FVMXS
icpprf_acnt48156,Intuit@!123,UTDMD
icpprf_acnt48157,Intuit@!123,EXUEW
icpprf_acnt48158,Intuit@!123,YQUFX
icpprf_acnt48159,Intuit@!123,OIVXZ
icpprf_acnt48160,Intuit@!123,EUWAY
icpprf_acnt48161,Intuit@!123,PSENU
icpprf_acnt48162,Intuit@!123,VTDBV
icpprf_acnt48163,Intuit@!123,XEVKQ
icpprf_acnt48164,Intuit@!123,WEGOE
icpprf_acnt48165,Intuit@!123,MKYLB
icpprf_acnt48166,Intuit@!123,TZXJX
icpprf_acnt48167,Intuit@!123,VQVGX
icpprf_acnt48168,Intuit@!123,GJIFY
icpprf_acnt48169,Intuit@!123,LRZFL
icpprf_acnt48170,Intuit@!123,UDIRQ
icpprf_acnt48171,Intuit@!123,MWIHV
icpprf_acnt48172,Intuit@!123,IYEJE
icpprf_acnt48173,Intuit@!123,UPSGR
icpprf_acnt48174,Intuit@!123,NCAPW
icpprf_acnt48175,Intuit@!123,MUCYW
icpprf_acnt48176,Intuit@!123,LBKIT
icpprf_acnt48177,Intuit@!123,DYDBW
icpprf_acnt48178,Intuit@!123,XRMYI
icpprf_acnt48179,Intuit@!123,SVHRA
icpprf_acnt48180,Intuit@!123,FPCKL
icpprf_acnt48181,Intuit@!123,SCHJH
icpprf_acnt48182,Intuit@!123,WWPUD
icpprf_acnt48183,Intuit@!123,OHRSP
icpprf_acnt48184,Intuit@!123,INTMH
icpprf_acnt48185,Intuit@!123,BAUZI
icpprf_acnt48186,Intuit@!123,HIPDG
icpprf_acnt48187,Intuit@!123,EZEJW
icpprf_acnt48188,Intuit@!123,CFLLD
icpprf_acnt48189,Intuit@!123,GSPYZ
icpprf_acnt48190,Intuit@!123,KYAQH
icpprf_acnt48191,Intuit@!123,ZLFOM
icpprf_acnt48192,Intuit@!123,TRTFI
icpprf_acnt48193,Intuit@!123,MDSQB
icpprf_acnt48194,Intuit@!123,AGOEN
icpprf_acnt48195,Intuit@!123,IEICG
icpprf_acnt48196,Intuit@!123,WWXWV
icpprf_acnt48197,Intuit@!123,TTKVD
icpprf_acnt48198,Intuit@!123,XVBYK
icpprf_acnt48199,Intuit@!123,YLRBN
icpprf_acnt48200,Intuit@!123,EBVPW
icpprf_acnt48201,Intuit@!123,FGPSD
icpprf_acnt48202,Intuit@!123,DDAGA
icpprf_acnt48203,Intuit@!123,QUGMH
icpprf_acnt48204,Intuit@!123,ZXSCH
icpprf_acnt48205,Intuit@!123,GIEAV
icpprf_acnt48206,Intuit@!123,XCVGU
icpprf_acnt48207,Intuit@!123,AVFYF
icpprf_acnt48208,Intuit@!123,WKNGW
icpprf_acnt48209,Intuit@!123,JVXTE
icpprf_acnt48210,Intuit@!123,YQYIG
icpprf_acnt48211,Intuit@!123,UGKQQ
icpprf_acnt48212,Intuit@!123,HWUYV
icpprf_acnt48213,Intuit@!123,OINNS
icpprf_acnt48214,Intuit@!123,MQEBC
icpprf_acnt48215,Intuit@!123,TANAM
icpprf_acnt48216,Intuit@!123,ZHPJF
icpprf_acnt48217,Intuit@!123,TRYOO
icpprf_acnt48218,Intuit@!123,MLFFG
icpprf_acnt48219,Intuit@!123,WRBZL
icpprf_acnt48220,Intuit@!123,NLIUV
icpprf_acnt48221,Intuit@!123,ZOSRQ
icpprf_acnt48222,Intuit@!123,MGIZA
icpprf_acnt48223,Intuit@!123,HYLVM
icpprf_acnt48224,Intuit@!123,NLOKB
icpprf_acnt48225,Intuit@!123,ISYZK
icpprf_acnt48226,Intuit@!123,JIUWD
icpprf_acnt48227,Intuit@!123,TZGOJ
icpprf_acnt48228,Intuit@!123,XXTKT
icpprf_acnt48229,Intuit@!123,DJFME
icpprf_acnt48230,Intuit@!123,DUGNQ
icpprf_acnt48231,Intuit@!123,NTKOF
icpprf_acnt48232,Intuit@!123,NHGCJ
icpprf_acnt48233,Intuit@!123,FKOCC
icpprf_acnt48234,Intuit@!123,RKKNH
icpprf_acnt48235,Intuit@!123,CGXKU
icpprf_acnt48236,Intuit@!123,JDCHO
icpprf_acnt48237,Intuit@!123,VCGIC
icpprf_acnt48238,Intuit@!123,FTQNH
icpprf_acnt48239,Intuit@!123,THPJO
icpprf_acnt48240,Intuit@!123,WOEXI
icpprf_acnt48241,Intuit@!123,BGVSP
icpprf_acnt48242,Intuit@!123,VSFCR
icpprf_acnt48243,Intuit@!123,JNREP
icpprf_acnt48244,Intuit@!123,RKSWH
icpprf_acnt48245,Intuit@!123,QBFIT
icpprf_acnt48246,Intuit@!123,UVPRG
icpprf_acnt48247,Intuit@!123,ITYPM
icpprf_acnt48248,Intuit@!123,LXJUE
icpprf_acnt48249,Intuit@!123,EIXXV
icpprf_acnt48250,Intuit@!123,NQJUU
icpprf_acnt48251,Intuit@!123,UURDP
icpprf_acnt48252,Intuit@!123,FQQUB
icpprf_acnt48253,Intuit@!123,YNRYF
icpprf_acnt48254,Intuit@!123,NOHUJ
icpprf_acnt48255,Intuit@!123,SXXND
icpprf_acnt48256,Intuit@!123,RRJJT
icpprf_acnt48257,Intuit@!123,HFFQZ
icpprf_acnt48258,Intuit@!123,MVGXW
icpprf_acnt48259,Intuit@!123,JVPMP
icpprf_acnt48260,Intuit@!123,GZJOW
icpprf_acnt48261,Intuit@!123,CPKLJ
icpprf_acnt48262,Intuit@!123,RDDNQ
icpprf_acnt48263,Intuit@!123,RKJVV
icpprf_acnt48264,Intuit@!123,LCQFY
icpprf_acnt48265,Intuit@!123,DGYQB
icpprf_acnt48266,Intuit@!123,PBPCU
icpprf_acnt48267,Intuit@!123,SHEMU
icpprf_acnt48268,Intuit@!123,CYCYC
icpprf_acnt48269,Intuit@!123,TDIJG
icpprf_acnt48270,Intuit@!123,EBAFX
icpprf_acnt48271,Intuit@!123,UMUYG
icpprf_acnt48272,Intuit@!123,LPSEQ
icpprf_acnt48273,Intuit@!123,HLYUV
icpprf_acnt48274,Intuit@!123,WPSPQ
icpprf_acnt48275,Intuit@!123,MGYWN
icpprf_acnt48276,Intuit@!123,ISDUB
icpprf_acnt48277,Intuit@!123,RUFAM
icpprf_acnt48278,Intuit@!123,VSLVO
icpprf_acnt48279,Intuit@!123,ETUKZ
icpprf_acnt48280,Intuit@!123,CZLNF
icpprf_acnt48281,Intuit@!123,FURSO
icpprf_acnt48282,Intuit@!123,HHMPR
icpprf_acnt48283,Intuit@!123,DDAHT
icpprf_acnt48284,Intuit@!123,EWSHH
icpprf_acnt48285,Intuit@!123,WJVJN
icpprf_acnt48286,Intuit@!123,EGACN
icpprf_acnt48287,Intuit@!123,RGKQY
icpprf_acnt48288,Intuit@!123,TRDMA
icpprf_acnt48289,Intuit@!123,PSQLT
icpprf_acnt48290,Intuit@!123,GJKDI
icpprf_acnt48291,Intuit@!123,NBOCU
icpprf_acnt48292,Intuit@!123,FVPSB
icpprf_acnt48293,Intuit@!123,CXXQD
icpprf_acnt48294,Intuit@!123,YPOXG
icpprf_acnt48295,Intuit@!123,SWXYN
icpprf_acnt48296,Intuit@!123,CYUQO
icpprf_acnt48297,Intuit@!123,ECKUN
icpprf_acnt48298,Intuit@!123,BVYHK
icpprf_acnt48299,Intuit@!123,SNWHN
icpprf_acnt48300,Intuit@!123,CWLSZ
icpprf_acnt48301,Intuit@!123,ENDDL
icpprf_acnt48302,Intuit@!123,WSIUP
icpprf_acnt48303,Intuit@!123,FXZLH
icpprf_acnt48304,Intuit@!123,MMVBQ
icpprf_acnt48305,Intuit@!123,CJPED
icpprf_acnt48306,Intuit@!123,HSCON
icpprf_acnt48307,Intuit@!123,YRAUF
icpprf_acnt48308,Intuit@!123,XMECQ
icpprf_acnt48309,Intuit@!123,JDKJN
icpprf_acnt48310,Intuit@!123,UGUKE
icpprf_acnt48311,Intuit@!123,AVGFJ
icpprf_acnt48312,Intuit@!123,AEJPP
icpprf_acnt48313,Intuit@!123,HIXFE
icpprf_acnt48314,Intuit@!123,MWOTM
icpprf_acnt48315,Intuit@!123,TCMPC
icpprf_acnt48316,Intuit@!123,RHDTJ
icpprf_acnt48317,Intuit@!123,IBGDN
icpprf_acnt48318,Intuit@!123,ICSNI
icpprf_acnt48319,Intuit@!123,IUFFR
icpprf_acnt48320,Intuit@!123,CBHHP
icpprf_acnt48321,Intuit@!123,SWLFY
icpprf_acnt48322,Intuit@!123,AEIFH
icpprf_acnt48323,Intuit@!123,MNWBR
icpprf_acnt48324,Intuit@!123,JYEJH
icpprf_acnt48325,Intuit@!123,CIGBV
icpprf_acnt48326,Intuit@!123,WHXVQ
icpprf_acnt48327,Intuit@!123,ZZJEL
icpprf_acnt48328,Intuit@!123,MPZWC
icpprf_acnt48329,Intuit@!123,RTTDE
icpprf_acnt48330,Intuit@!123,JBMAX
icpprf_acnt48331,Intuit@!123,RJEON
icpprf_acnt48332,Intuit@!123,WDNQT
icpprf_acnt48333,Intuit@!123,AWYIA
icpprf_acnt48334,Intuit@!123,CQXOH
icpprf_acnt48335,Intuit@!123,QJRBD
icpprf_acnt48336,Intuit@!123,CUAFA
icpprf_acnt48337,Intuit@!123,EUJUG
icpprf_acnt48338,Intuit@!123,DWMJL
icpprf_acnt48339,Intuit@!123,FTILM
icpprf_acnt48340,Intuit@!123,QPCJC
icpprf_acnt48341,Intuit@!123,WSJWT
icpprf_acnt48342,Intuit@!123,TCGTJ
icpprf_acnt48343,Intuit@!123,GQIYY
icpprf_acnt48344,Intuit@!123,CTKBL
icpprf_acnt48345,Intuit@!123,HWIBR
icpprf_acnt48346,Intuit@!123,RBQFN
icpprf_acnt48347,Intuit@!123,FSRVS
icpprf_acnt48348,Intuit@!123,MCFSF
icpprf_acnt48349,Intuit@!123,JEUNB
icpprf_acnt48350,Intuit@!123,PZGPT
icpprf_acnt48351,Intuit@!123,QQMEU
icpprf_acnt48352,Intuit@!123,PFRCO
icpprf_acnt48353,Intuit@!123,XGTBZ
icpprf_acnt48354,Intuit@!123,DDZMA
icpprf_acnt48355,Intuit@!123,AKPQJ
icpprf_acnt48356,Intuit@!123,VUGUG
icpprf_acnt48357,Intuit@!123,ANCBI
icpprf_acnt48358,Intuit@!123,QCCIR
icpprf_acnt48359,Intuit@!123,AEDAT
icpprf_acnt48360,Intuit@!123,HWJPP
icpprf_acnt48361,Intuit@!123,MSBVW
icpprf_acnt48362,Intuit@!123,XDMNT
icpprf_acnt48363,Intuit@!123,PKNBH
icpprf_acnt48364,Intuit@!123,TRDHY
icpprf_acnt48365,Intuit@!123,MFBVJ
icpprf_acnt48366,Intuit@!123,HNGJZ
icpprf_acnt48367,Intuit@!123,GSCLW
icpprf_acnt48368,Intuit@!123,COQJL
icpprf_acnt48369,Intuit@!123,TWYKG
icpprf_acnt48370,Intuit@!123,EWSXD
icpprf_acnt48371,Intuit@!123,PGKSP
icpprf_acnt48372,Intuit@!123,PTWIN
icpprf_acnt48373,Intuit@!123,QHAWB
icpprf_acnt48374,Intuit@!123,IGLLP
icpprf_acnt48375,Intuit@!123,UAVQX
icpprf_acnt48376,Intuit@!123,DQLQW
icpprf_acnt48377,Intuit@!123,RFXYT
icpprf_acnt48378,Intuit@!123,ICUMQ
icpprf_acnt48379,Intuit@!123,FHBZR
icpprf_acnt48380,Intuit@!123,YDNXI
icpprf_acnt48381,Intuit@!123,BLIUW
icpprf_acnt48382,Intuit@!123,KTTEL
icpprf_acnt48383,Intuit@!123,ABKJB
icpprf_acnt48384,Intuit@!123,LDKYE
icpprf_acnt48385,Intuit@!123,TRSBA
icpprf_acnt48386,Intuit@!123,TYEAQ
icpprf_acnt48387,Intuit@!123,EHINL
icpprf_acnt48388,Intuit@!123,NHIHZ
icpprf_acnt48389,Intuit@!123,PPGUN
icpprf_acnt48390,Intuit@!123,HOBXQ
icpprf_acnt48391,Intuit@!123,CORJT
icpprf_acnt48392,Intuit@!123,AATHL
icpprf_acnt48393,Intuit@!123,VAPKU
icpprf_acnt48394,Intuit@!123,HGTHL
icpprf_acnt48395,Intuit@!123,SCLCT
icpprf_acnt48396,Intuit@!123,LBTDM
icpprf_acnt48397,Intuit@!123,VVKQF
icpprf_acnt48398,Intuit@!123,IAPJC
icpprf_acnt48399,Intuit@!123,IBRUC
icpprf_acnt48400,Intuit@!123,ZTFMS
icpprf_acnt48401,Intuit@!123,ZDWGJ
icpprf_acnt48402,Intuit@!123,JHIEY
icpprf_acnt48403,Intuit@!123,WVAZY
icpprf_acnt48404,Intuit@!123,PXVIG
icpprf_acnt48405,Intuit@!123,OVDAS
icpprf_acnt48406,Intuit@!123,ZXVXW
icpprf_acnt48407,Intuit@!123,IXIFL
icpprf_acnt48408,Intuit@!123,RQVZH
icpprf_acnt48409,Intuit@!123,RSWBB
icpprf_acnt48410,Intuit@!123,JQJQQ
icpprf_acnt48411,Intuit@!123,VGUYJ
icpprf_acnt48412,Intuit@!123,SMKMU
icpprf_acnt48413,Intuit@!123,KZPPX
icpprf_acnt48414,Intuit@!123,RQVOT
icpprf_acnt48415,Intuit@!123,KEGEI
icpprf_acnt48416,Intuit@!123,LXXCV
icpprf_acnt48417,Intuit@!123,EIMVB
icpprf_acnt48418,Intuit@!123,HEBKY
icpprf_acnt48419,Intuit@!123,PVSCL
icpprf_acnt48420,Intuit@!123,VVSVA
icpprf_acnt48421,Intuit@!123,ONPAT
icpprf_acnt48422,Intuit@!123,UZYHG
icpprf_acnt48423,Intuit@!123,TZAVA
icpprf_acnt48424,Intuit@!123,VUFWV
icpprf_acnt48425,Intuit@!123,NNWCW
icpprf_acnt48426,Intuit@!123,XTELG
icpprf_acnt48427,Intuit@!123,IUOFO
icpprf_acnt48428,Intuit@!123,DEKMM
icpprf_acnt48429,Intuit@!123,IYNAP
icpprf_acnt48430,Intuit@!123,GGQWI
icpprf_acnt48431,Intuit@!123,LNMIE
icpprf_acnt48432,Intuit@!123,GFJET
icpprf_acnt48433,Intuit@!123,VRZZB
icpprf_acnt48434,Intuit@!123,JZXFW
icpprf_acnt48435,Intuit@!123,IYVDG
icpprf_acnt48436,Intuit@!123,SGHRM
icpprf_acnt48437,Intuit@!123,CUFXN
icpprf_acnt48438,Intuit@!123,YSQBM
icpprf_acnt48439,Intuit@!123,OWXTQ
icpprf_acnt48440,Intuit@!123,FBCHG
icpprf_acnt48441,Intuit@!123,HEKTI
icpprf_acnt48442,Intuit@!123,IWZDZ
icpprf_acnt48443,Intuit@!123,AHHTC
icpprf_acnt48444,Intuit@!123,VQSMC
icpprf_acnt48445,Intuit@!123,USBGU
icpprf_acnt48446,Intuit@!123,ZNTGT
icpprf_acnt48447,Intuit@!123,HWHPM
icpprf_acnt48448,Intuit@!123,QBLYX
icpprf_acnt48449,Intuit@!123,ESTMR
icpprf_acnt48450,Intuit@!123,WLZRH
icpprf_acnt48451,Intuit@!123,SIQYH
icpprf_acnt48452,Intuit@!123,TCOHP
icpprf_acnt48453,Intuit@!123,XMJLN
icpprf_acnt48454,Intuit@!123,YHMIP
icpprf_acnt48455,Intuit@!123,AWATE
icpprf_acnt48456,Intuit@!123,UJWOU
icpprf_acnt48457,Intuit@!123,MHACT
icpprf_acnt48458,Intuit@!123,RGBBS
icpprf_acnt48459,Intuit@!123,WNUNZ
icpprf_acnt48460,Intuit@!123,JNBIS
icpprf_acnt48461,Intuit@!123,GWTAC
icpprf_acnt48462,Intuit@!123,WIGNO
icpprf_acnt48463,Intuit@!123,MRSSM
icpprf_acnt48464,Intuit@!123,RUFJF
icpprf_acnt48465,Intuit@!123,WVAOT
icpprf_acnt48466,Intuit@!123,TAAHH
icpprf_acnt48467,Intuit@!123,YJEGA
icpprf_acnt48468,Intuit@!123,PMDGN
icpprf_acnt48469,Intuit@!123,CNMUL
icpprf_acnt48470,Intuit@!123,CMUOH
icpprf_acnt48471,Intuit@!123,HQNFP
icpprf_acnt48472,Intuit@!123,ALDBE
icpprf_acnt48473,Intuit@!123,LCWFD
icpprf_acnt48474,Intuit@!123,EMQNR
icpprf_acnt48475,Intuit@!123,JXMMA
icpprf_acnt48476,Intuit@!123,FIXTC
icpprf_acnt48477,Intuit@!123,LRRUE
icpprf_acnt48478,Intuit@!123,NSZWO
icpprf_acnt48479,Intuit@!123,NWSRQ
icpprf_acnt48480,Intuit@!123,LOCDH
icpprf_acnt48481,Intuit@!123,OOIYQ
icpprf_acnt48482,Intuit@!123,YHLSF
icpprf_acnt48483,Intuit@!123,HIPWS
icpprf_acnt48484,Intuit@!123,MFRNT
icpprf_acnt48485,Intuit@!123,DACKD
icpprf_acnt48486,Intuit@!123,JIXPA
icpprf_acnt48487,Intuit@!123,OYBQS
icpprf_acnt48488,Intuit@!123,MMOHS
icpprf_acnt48489,Intuit@!123,PSYKB
icpprf_acnt48490,Intuit@!123,YIZWT
icpprf_acnt48491,Intuit@!123,MQJUB
icpprf_acnt48492,Intuit@!123,KGDXA
icpprf_acnt48493,Intuit@!123,GRHRE
icpprf_acnt48494,Intuit@!123,IBYOF
icpprf_acnt48495,Intuit@!123,BFDOX
icpprf_acnt48496,Intuit@!123,NJBRW
icpprf_acnt48497,Intuit@!123,RCTIO
icpprf_acnt48498,Intuit@!123,QDONL
icpprf_acnt48499,Intuit@!123,VGZXY
icpprf_acnt48500,Intuit@!123,BZARG
icpprf_acnt48501,Intuit@!123,ZBHLL
icpprf_acnt48502,Intuit@!123,KSAZV
icpprf_acnt48503,Intuit@!123,PXLIV
icpprf_acnt48504,Intuit@!123,FOADH
icpprf_acnt48505,Intuit@!123,DYTQD
icpprf_acnt48506,Intuit@!123,VUXEP
icpprf_acnt48507,Intuit@!123,UVFCE
icpprf_acnt48508,Intuit@!123,VRFRW
icpprf_acnt48509,Intuit@!123,BAZVN
icpprf_acnt48510,Intuit@!123,MHANR
icpprf_acnt48511,Intuit@!123,JPKPE
icpprf_acnt48512,Intuit@!123,JYOMC
icpprf_acnt48513,Intuit@!123,VDRZC
icpprf_acnt48514,Intuit@!123,VYESY
icpprf_acnt48515,Intuit@!123,BRMIK
icpprf_acnt48516,Intuit@!123,UXIKP
icpprf_acnt48517,Intuit@!123,ZTQBP
icpprf_acnt48518,Intuit@!123,GHBSH
icpprf_acnt48519,Intuit@!123,SOIYI
icpprf_acnt48520,Intuit@!123,XGFDA
icpprf_acnt48521,Intuit@!123,LJXKE
icpprf_acnt48522,Intuit@!123,FIAAU
icpprf_acnt48523,Intuit@!123,LRQEJ
icpprf_acnt48524,Intuit@!123,ZYDFZ
icpprf_acnt48525,Intuit@!123,JPYNL
icpprf_acnt48526,Intuit@!123,BQMLH
icpprf_acnt48527,Intuit@!123,KJUAO
icpprf_acnt48528,Intuit@!123,WDGJI
icpprf_acnt48529,Intuit@!123,YQSLL
icpprf_acnt48530,Intuit@!123,LRUGV
icpprf_acnt48531,Intuit@!123,AXTTF
icpprf_acnt48532,Intuit@!123,DHYSK
icpprf_acnt48533,Intuit@!123,GCMWK
icpprf_acnt48534,Intuit@!123,BXIEI
icpprf_acnt48535,Intuit@!123,DBBFQ
icpprf_acnt48536,Intuit@!123,UTUSE
icpprf_acnt48537,Intuit@!123,TBKPF
icpprf_acnt48538,Intuit@!123,CVQFQ
icpprf_acnt48539,Intuit@!123,UVLBO
icpprf_acnt48540,Intuit@!123,HENNS
icpprf_acnt48541,Intuit@!123,UUEED
icpprf_acnt48542,Intuit@!123,RVSUF
icpprf_acnt48543,Intuit@!123,RFNXO
icpprf_acnt48544,Intuit@!123,TBVXE
icpprf_acnt48545,Intuit@!123,JXLVG
icpprf_acnt48546,Intuit@!123,NGVAB
icpprf_acnt48547,Intuit@!123,STMCW
icpprf_acnt48548,Intuit@!123,KFKDC
icpprf_acnt48549,Intuit@!123,VXMMW
icpprf_acnt48550,Intuit@!123,FHWOZ
icpprf_acnt48551,Intuit@!123,OFOVS
icpprf_acnt48552,Intuit@!123,VUHVI
icpprf_acnt48553,Intuit@!123,AIDHS
icpprf_acnt48554,Intuit@!123,IVZCN
icpprf_acnt48555,Intuit@!123,PVHSG
icpprf_acnt48556,Intuit@!123,EGTND
icpprf_acnt48557,Intuit@!123,CPKEY
icpprf_acnt48558,Intuit@!123,USPTI
icpprf_acnt48559,Intuit@!123,IXXNF
icpprf_acnt48560,Intuit@!123,OXKQW
icpprf_acnt48561,Intuit@!123,WMJPA
icpprf_acnt48562,Intuit@!123,WPLJA
icpprf_acnt48563,Intuit@!123,GOIDR
icpprf_acnt48564,Intuit@!123,QZMQW
icpprf_acnt48565,Intuit@!123,QPYOM
icpprf_acnt48566,Intuit@!123,XDSID
icpprf_acnt48567,Intuit@!123,CZWHV
icpprf_acnt48568,Intuit@!123,GOUIP
icpprf_acnt48569,Intuit@!123,BQDKC
icpprf_acnt48570,Intuit@!123,UUGVA
icpprf_acnt48571,Intuit@!123,UVEMR
icpprf_acnt48572,Intuit@!123,AHADA
icpprf_acnt48573,Intuit@!123,SFNZG
icpprf_acnt48574,Intuit@!123,HBOZL
icpprf_acnt48575,Intuit@!123,QADXT
icpprf_acnt48576,Intuit@!123,CGNNP
icpprf_acnt48577,Intuit@!123,XXPVE
icpprf_acnt48578,Intuit@!123,FVYMC
icpprf_acnt48579,Intuit@!123,AJAWF
icpprf_acnt48580,Intuit@!123,KMLGQ
icpprf_acnt48581,Intuit@!123,RFNZI
icpprf_acnt48582,Intuit@!123,EZXZB
icpprf_acnt48583,Intuit@!123,AYUFI
icpprf_acnt48584,Intuit@!123,TDORZ
icpprf_acnt48585,Intuit@!123,BWVFJ
icpprf_acnt48586,Intuit@!123,SLOMG
icpprf_acnt48587,Intuit@!123,RDEVC
icpprf_acnt48588,Intuit@!123,RXHIH
icpprf_acnt48589,Intuit@!123,OQSTE
icpprf_acnt48590,Intuit@!123,ZXHZS
icpprf_acnt48591,Intuit@!123,SUKVT
icpprf_acnt48592,Intuit@!123,HWQTF
icpprf_acnt48593,Intuit@!123,RBSWW
icpprf_acnt48594,Intuit@!123,QJKSP
icpprf_acnt48595,Intuit@!123,DRDJF
icpprf_acnt48596,Intuit@!123,LFNYX
icpprf_acnt48597,Intuit@!123,RETSO
icpprf_acnt48598,Intuit@!123,SXQGR
icpprf_acnt48599,Intuit@!123,CCAZE
icpprf_acnt48600,Intuit@!123,ZSZAX
icpprf_acnt48601,Intuit@!123,HFHJJ
icpprf_acnt48602,Intuit@!123,WQWYB
icpprf_acnt48603,Intuit@!123,TKGJV
icpprf_acnt48604,Intuit@!123,PFJRE
icpprf_acnt48605,Intuit@!123,MVQAX
icpprf_acnt48606,Intuit@!123,SLHHI
icpprf_acnt48607,Intuit@!123,UYPRB
icpprf_acnt48608,Intuit@!123,HTFBC
icpprf_acnt48609,Intuit@!123,IDWXN
icpprf_acnt48610,Intuit@!123,WPBYY
icpprf_acnt48611,Intuit@!123,LWRJT
icpprf_acnt48612,Intuit@!123,DBMLQ
icpprf_acnt48613,Intuit@!123,FVUUS
icpprf_acnt48614,Intuit@!123,ZVIBP
icpprf_acnt48615,Intuit@!123,JHISS
icpprf_acnt48616,Intuit@!123,QNGZP
icpprf_acnt48617,Intuit@!123,CZKIP
icpprf_acnt48618,Intuit@!123,CVJQF
icpprf_acnt48619,Intuit@!123,EMWAL
icpprf_acnt48620,Intuit@!123,DAJPB
icpprf_acnt48621,Intuit@!123,TQELW
icpprf_acnt48622,Intuit@!123,VAZCA
icpprf_acnt48623,Intuit@!123,SICLO
icpprf_acnt48624,Intuit@!123,MWJMG
icpprf_acnt48625,Intuit@!123,SJOBP
icpprf_acnt48626,Intuit@!123,OXPHR
icpprf_acnt48627,Intuit@!123,SJJLP
icpprf_acnt48628,Intuit@!123,YGZBY
icpprf_acnt48629,Intuit@!123,KBDBQ
icpprf_acnt48630,Intuit@!123,GFSKU
icpprf_acnt48631,Intuit@!123,RSALR
icpprf_acnt48632,Intuit@!123,SFGQJ
icpprf_acnt48633,Intuit@!123,KWJVY
icpprf_acnt48634,Intuit@!123,AICXE
icpprf_acnt48635,Intuit@!123,MWLHI
icpprf_acnt48636,Intuit@!123,EIVLQ
icpprf_acnt48637,Intuit@!123,PELJI
icpprf_acnt48638,Intuit@!123,KZXOQ
icpprf_acnt48639,Intuit@!123,VWZHC
icpprf_acnt48640,Intuit@!123,LFKBJ
icpprf_acnt48641,Intuit@!123,UBQCX
icpprf_acnt48642,Intuit@!123,VCHEX
icpprf_acnt48643,Intuit@!123,GYORQ
icpprf_acnt48644,Intuit@!123,VWWJS
icpprf_acnt48645,Intuit@!123,EWHFV
icpprf_acnt48646,Intuit@!123,MTMYQ
icpprf_acnt48647,Intuit@!123,WXFCX
icpprf_acnt48648,Intuit@!123,RYLCQ
icpprf_acnt48649,Intuit@!123,XHRZY
icpprf_acnt48650,Intuit@!123,CZPYG
icpprf_acnt48651,Intuit@!123,YIVHZ
icpprf_acnt48652,Intuit@!123,DTTRF
icpprf_acnt48653,Intuit@!123,WBDSK
icpprf_acnt48654,Intuit@!123,BPBLI
icpprf_acnt48655,Intuit@!123,ISATY
icpprf_acnt48656,Intuit@!123,IGENB
icpprf_acnt48657,Intuit@!123,SKIPO
icpprf_acnt48658,Intuit@!123,DRTWW
icpprf_acnt48659,Intuit@!123,VRHKX
icpprf_acnt48660,Intuit@!123,XXEYR
icpprf_acnt48661,Intuit@!123,ASOMD
icpprf_acnt48662,Intuit@!123,XBFXT
icpprf_acnt48663,Intuit@!123,YTGGJ
icpprf_acnt48664,Intuit@!123,GLGEM
icpprf_acnt48665,Intuit@!123,IDOWG
icpprf_acnt48666,Intuit@!123,DMQCX
icpprf_acnt48667,Intuit@!123,JKKKQ
icpprf_acnt48668,Intuit@!123,DDJGS
icpprf_acnt48669,Intuit@!123,KIUUK
icpprf_acnt48670,Intuit@!123,YMJRL
icpprf_acnt48671,Intuit@!123,BJECB
icpprf_acnt48672,Intuit@!123,AVVKD
icpprf_acnt48673,Intuit@!123,XZGHD
icpprf_acnt48674,Intuit@!123,ZWCVS
icpprf_acnt48675,Intuit@!123,LQCTB
icpprf_acnt48676,Intuit@!123,HUFXO
icpprf_acnt48677,Intuit@!123,EXQRE
icpprf_acnt48678,Intuit@!123,OGOXS
icpprf_acnt48679,Intuit@!123,JMZHP
icpprf_acnt48680,Intuit@!123,LEZQW
icpprf_acnt48681,Intuit@!123,PTCLQ
icpprf_acnt48682,Intuit@!123,EEOIV
icpprf_acnt48683,Intuit@!123,JAWZG
icpprf_acnt48684,Intuit@!123,ZAJKU
icpprf_acnt48685,Intuit@!123,MWBTV
icpprf_acnt48686,Intuit@!123,GNILI
icpprf_acnt48687,Intuit@!123,QJJZN
icpprf_acnt48688,Intuit@!123,JCINK
icpprf_acnt48689,Intuit@!123,OTJIT
icpprf_acnt48690,Intuit@!123,DCFLH
icpprf_acnt48691,Intuit@!123,SPRLI
icpprf_acnt48692,Intuit@!123,CMFLI
icpprf_acnt48693,Intuit@!123,XJRFS
icpprf_acnt48694,Intuit@!123,NMBTQ
icpprf_acnt48695,Intuit@!123,DIHLL
icpprf_acnt48696,Intuit@!123,RABME
icpprf_acnt48697,Intuit@!123,CPKMQ
icpprf_acnt48698,Intuit@!123,WJOBT
icpprf_acnt48699,Intuit@!123,WTRSX
icpprf_acnt48700,Intuit@!123,PTKOU
icpprf_acnt48701,Intuit@!123,ORXSR
icpprf_acnt48702,Intuit@!123,VDIEG
icpprf_acnt48703,Intuit@!123,ALSFF
icpprf_acnt48704,Intuit@!123,BFPQM
icpprf_acnt48705,Intuit@!123,KONXZ
icpprf_acnt48706,Intuit@!123,ETKXE
icpprf_acnt48707,Intuit@!123,KCUPS
icpprf_acnt48708,Intuit@!123,FILGP
icpprf_acnt48709,Intuit@!123,MZQPM
icpprf_acnt48710,Intuit@!123,NHVLW
icpprf_acnt48711,Intuit@!123,MGBET
icpprf_acnt48712,Intuit@!123,IZJNW
icpprf_acnt48713,Intuit@!123,AXZKG
icpprf_acnt48714,Intuit@!123,ORTTU
icpprf_acnt48715,Intuit@!123,AUDBH
icpprf_acnt48716,Intuit@!123,FXSEG
icpprf_acnt48717,Intuit@!123,YAGYZ
icpprf_acnt48718,Intuit@!123,IRTAK
icpprf_acnt48719,Intuit@!123,TAPNM
icpprf_acnt48720,Intuit@!123,CACRS
icpprf_acnt48721,Intuit@!123,PRNCC
icpprf_acnt48722,Intuit@!123,VSMDB
icpprf_acnt48723,Intuit@!123,UVEMS
icpprf_acnt48724,Intuit@!123,GPJJP
icpprf_acnt48725,Intuit@!123,LUUAT
icpprf_acnt48726,Intuit@!123,YSXUN
icpprf_acnt48727,Intuit@!123,SBUHT
icpprf_acnt48728,Intuit@!123,DOTYZ
icpprf_acnt48729,Intuit@!123,JZZWH
icpprf_acnt48730,Intuit@!123,BYFMY
icpprf_acnt48731,Intuit@!123,PAJKD
icpprf_acnt48732,Intuit@!123,FERBA
icpprf_acnt48733,Intuit@!123,VREQN
icpprf_acnt48734,Intuit@!123,AFBKS
icpprf_acnt48735,Intuit@!123,DUQGD
icpprf_acnt48736,Intuit@!123,TXLXT
icpprf_acnt48737,Intuit@!123,CMLGQ
icpprf_acnt48738,Intuit@!123,FHJUY
icpprf_acnt48739,Intuit@!123,JLZNH
icpprf_acnt48740,Intuit@!123,RFWAA
icpprf_acnt48741,Intuit@!123,VWBMS
icpprf_acnt48742,Intuit@!123,AYPNR
icpprf_acnt48743,Intuit@!123,MWRAU
icpprf_acnt48744,Intuit@!123,BFNRA
icpprf_acnt48745,Intuit@!123,FUCFV
icpprf_acnt48746,Intuit@!123,VQFBG
icpprf_acnt48747,Intuit@!123,ABPDK
icpprf_acnt48748,Intuit@!123,VTSEQ
icpprf_acnt48749,Intuit@!123,XXLRF
icpprf_acnt48750,Intuit@!123,LTLXD
icpprf_acnt48751,Intuit@!123,RFCBK
icpprf_acnt48752,Intuit@!123,ADBAY
icpprf_acnt48753,Intuit@!123,LDAHX
icpprf_acnt48754,Intuit@!123,SVBKO
icpprf_acnt48755,Intuit@!123,PKBEU
icpprf_acnt48756,Intuit@!123,TGKUV
icpprf_acnt48757,Intuit@!123,XKWEQ
icpprf_acnt48758,Intuit@!123,XUXZS
icpprf_acnt48759,Intuit@!123,VIRBJ
icpprf_acnt48760,Intuit@!123,QZTKK
icpprf_acnt48761,Intuit@!123,NWBQD
icpprf_acnt48762,Intuit@!123,DJGOJ
icpprf_acnt48763,Intuit@!123,BBRLL
icpprf_acnt48764,Intuit@!123,CAYHF
icpprf_acnt48765,Intuit@!123,IEEJO
icpprf_acnt48766,Intuit@!123,MFALE
icpprf_acnt48767,Intuit@!123,YXSBB
icpprf_acnt48768,Intuit@!123,BHQQK
icpprf_acnt48769,Intuit@!123,LFIGJ
icpprf_acnt48770,Intuit@!123,EGHGE
icpprf_acnt48771,Intuit@!123,VFNLE
icpprf_acnt48772,Intuit@!123,NDTDH
icpprf_acnt48773,Intuit@!123,IWPLG
icpprf_acnt48774,Intuit@!123,VDUHY
icpprf_acnt48775,Intuit@!123,VFQXV
icpprf_acnt48776,Intuit@!123,UMVFA
icpprf_acnt48777,Intuit@!123,EUJGZ
icpprf_acnt48778,Intuit@!123,HUGIN
icpprf_acnt48779,Intuit@!123,FZSHW
icpprf_acnt48780,Intuit@!123,IHPVA
icpprf_acnt48781,Intuit@!123,AABWI
icpprf_acnt48782,Intuit@!123,ZOFWT
icpprf_acnt48783,Intuit@!123,QQGOQ
icpprf_acnt48784,Intuit@!123,QTBYU
icpprf_acnt48785,Intuit@!123,OMBOT
icpprf_acnt48786,Intuit@!123,KTTAQ
icpprf_acnt48787,Intuit@!123,MOAEM
icpprf_acnt48788,Intuit@!123,OQFMB
icpprf_acnt48789,Intuit@!123,BLQED
icpprf_acnt48790,Intuit@!123,QLDEA
icpprf_acnt48791,Intuit@!123,COYEU
icpprf_acnt48792,Intuit@!123,HWGRS
icpprf_acnt48793,Intuit@!123,TQZUT
icpprf_acnt48794,Intuit@!123,KVRCO
icpprf_acnt48795,Intuit@!123,EIYUO
icpprf_acnt48796,Intuit@!123,BTBEP
icpprf_acnt48797,Intuit@!123,YATKV
icpprf_acnt48798,Intuit@!123,SNGRJ
icpprf_acnt48799,Intuit@!123,PZMRS
icpprf_acnt48800,Intuit@!123,ZZJFI
icpprf_acnt48801,Intuit@!123,SOCKI
icpprf_acnt48802,Intuit@!123,ZYECR
icpprf_acnt48803,Intuit@!123,QQAOS
icpprf_acnt48804,Intuit@!123,BMJGR
icpprf_acnt48805,Intuit@!123,UMFAZ
icpprf_acnt48806,Intuit@!123,ZQQOZ
icpprf_acnt48807,Intuit@!123,RNNVO
icpprf_acnt48808,Intuit@!123,HXYKB
icpprf_acnt48809,Intuit@!123,ROJFV
icpprf_acnt48810,Intuit@!123,HWTIM
icpprf_acnt48811,Intuit@!123,QSJCF
icpprf_acnt48812,Intuit@!123,JAGAB
icpprf_acnt48813,Intuit@!123,ULQWV
icpprf_acnt48814,Intuit@!123,PNEIF
icpprf_acnt48815,Intuit@!123,ZMABD
icpprf_acnt48816,Intuit@!123,PARLZ
icpprf_acnt48817,Intuit@!123,VWGHG
icpprf_acnt48818,Intuit@!123,PTAPF
icpprf_acnt48819,Intuit@!123,EXQFV
icpprf_acnt48820,Intuit@!123,PZKRZ
icpprf_acnt48821,Intuit@!123,MYUMI
icpprf_acnt48822,Intuit@!123,VGJNJ
icpprf_acnt48823,Intuit@!123,ODJMU
icpprf_acnt48824,Intuit@!123,IBPRO
icpprf_acnt48825,Intuit@!123,IMEZI
icpprf_acnt48826,Intuit@!123,CXOLZ
icpprf_acnt48827,Intuit@!123,QQDFI
icpprf_acnt48828,Intuit@!123,NTZZI
icpprf_acnt48829,Intuit@!123,QNSML
icpprf_acnt48830,Intuit@!123,VAPWK
icpprf_acnt48831,Intuit@!123,BFXHE
icpprf_acnt48832,Intuit@!123,TBPHV
icpprf_acnt48833,Intuit@!123,DFUAM
icpprf_acnt48834,Intuit@!123,NGQHK
icpprf_acnt48835,Intuit@!123,JKBPD
icpprf_acnt48836,Intuit@!123,QYJHS
icpprf_acnt48837,Intuit@!123,YTXPG
icpprf_acnt48838,Intuit@!123,JJVSZ
icpprf_acnt48839,Intuit@!123,ISOJF
icpprf_acnt48840,Intuit@!123,JUZRC
icpprf_acnt48841,Intuit@!123,IIOOK
icpprf_acnt48842,Intuit@!123,GYTUI
icpprf_acnt48843,Intuit@!123,QHIVS
icpprf_acnt48844,Intuit@!123,URLZW
icpprf_acnt48845,Intuit@!123,CUVHG
icpprf_acnt48846,Intuit@!123,CBANH
icpprf_acnt48847,Intuit@!123,SSEOG
icpprf_acnt48848,Intuit@!123,IQZMH
icpprf_acnt48849,Intuit@!123,AUCPD
icpprf_acnt48850,Intuit@!123,ANJRL
icpprf_acnt48851,Intuit@!123,AESFN
icpprf_acnt48852,Intuit@!123,RMVET
icpprf_acnt48853,Intuit@!123,HYNNB
icpprf_acnt48854,Intuit@!123,MDTYG
icpprf_acnt48855,Intuit@!123,NCSSN
icpprf_acnt48856,Intuit@!123,EDCDQ
icpprf_acnt48857,Intuit@!123,NKOOM
icpprf_acnt48858,Intuit@!123,OCFBG
icpprf_acnt48859,Intuit@!123,HTFKQ
icpprf_acnt48860,Intuit@!123,GQZCQ
icpprf_acnt48861,Intuit@!123,OJURF
icpprf_acnt48862,Intuit@!123,WHDEK
icpprf_acnt48863,Intuit@!123,DSPQB
icpprf_acnt48864,Intuit@!123,EZIRB
icpprf_acnt48865,Intuit@!123,SAAKC
icpprf_acnt48866,Intuit@!123,LTHYC
icpprf_acnt48867,Intuit@!123,YYATK
icpprf_acnt48868,Intuit@!123,OLKII
icpprf_acnt48869,Intuit@!123,KVOSS
icpprf_acnt48870,Intuit@!123,GINSL
icpprf_acnt48871,Intuit@!123,FHNXN
icpprf_acnt48872,Intuit@!123,UCNFP
icpprf_acnt48873,Intuit@!123,BVNHT
icpprf_acnt48874,Intuit@!123,NEMZR
icpprf_acnt48875,Intuit@!123,KJDRJ
icpprf_acnt48876,Intuit@!123,SRLPS
icpprf_acnt48877,Intuit@!123,FPODS
icpprf_acnt48878,Intuit@!123,JGYKJ
icpprf_acnt48879,Intuit@!123,MXAPV
icpprf_acnt48880,Intuit@!123,MDMGS
icpprf_acnt48881,Intuit@!123,UTNJU
icpprf_acnt48882,Intuit@!123,PIEEI
icpprf_acnt48883,Intuit@!123,PLQFI
icpprf_acnt48884,Intuit@!123,SQHEX
icpprf_acnt48885,Intuit@!123,HHBXO
icpprf_acnt48886,Intuit@!123,MPXPP
icpprf_acnt48887,Intuit@!123,PGMLQ
icpprf_acnt48888,Intuit@!123,KXTDV
icpprf_acnt48889,Intuit@!123,CRDZR
icpprf_acnt48890,Intuit@!123,YUEZL
icpprf_acnt48891,Intuit@!123,JCBSB
icpprf_acnt48892,Intuit@!123,NXYUP
icpprf_acnt48893,Intuit@!123,MPHXN
icpprf_acnt48894,Intuit@!123,ACEIN
icpprf_acnt48895,Intuit@!123,ATQFV
icpprf_acnt48896,Intuit@!123,GTSIZ
icpprf_acnt48897,Intuit@!123,GXNLI
icpprf_acnt48898,Intuit@!123,QWQEE
icpprf_acnt48899,Intuit@!123,QYXBG
icpprf_acnt48900,Intuit@!123,MXIDK
icpprf_acnt48901,Intuit@!123,DQHEK
icpprf_acnt48902,Intuit@!123,PEQYW
icpprf_acnt48903,Intuit@!123,CMLFY
icpprf_acnt48904,Intuit@!123,RJYNC
icpprf_acnt48905,Intuit@!123,LQZPT
icpprf_acnt48906,Intuit@!123,DCXFZ
icpprf_acnt48907,Intuit@!123,DVPGT
icpprf_acnt48908,Intuit@!123,NNVYA
icpprf_acnt48909,Intuit@!123,WBVAR
icpprf_acnt48910,Intuit@!123,PSOQJ
icpprf_acnt48911,Intuit@!123,MLMZT
icpprf_acnt48912,Intuit@!123,VTPDN
icpprf_acnt48913,Intuit@!123,RZXKN
icpprf_acnt48914,Intuit@!123,XWELM
icpprf_acnt48915,Intuit@!123,GOVBB
icpprf_acnt48916,Intuit@!123,VBORP
icpprf_acnt48917,Intuit@!123,LEOTD
icpprf_acnt48918,Intuit@!123,FTGWC
icpprf_acnt48919,Intuit@!123,URXJS
icpprf_acnt48920,Intuit@!123,TDGYP
icpprf_acnt48921,Intuit@!123,DYKJM
icpprf_acnt48922,Intuit@!123,OSJIH
icpprf_acnt48923,Intuit@!123,ADVDB
icpprf_acnt48924,Intuit@!123,ATFWL
icpprf_acnt48925,Intuit@!123,EHJJQ
icpprf_acnt48926,Intuit@!123,VORXL
icpprf_acnt48927,Intuit@!123,IKPFZ
icpprf_acnt48928,Intuit@!123,FKQWF
icpprf_acnt48929,Intuit@!123,TYAFL
icpprf_acnt48930,Intuit@!123,JVZMX
icpprf_acnt48931,Intuit@!123,CDJTE
icpprf_acnt48932,Intuit@!123,XFPPI
icpprf_acnt48933,Intuit@!123,WLUPI
icpprf_acnt48934,Intuit@!123,CJTIX
icpprf_acnt48935,Intuit@!123,RDGJU
icpprf_acnt48936,Intuit@!123,NQNWM
icpprf_acnt48937,Intuit@!123,QZUPN
icpprf_acnt48938,Intuit@!123,DVVGR
icpprf_acnt48939,Intuit@!123,UTFAP
icpprf_acnt48940,Intuit@!123,BWVHL
icpprf_acnt48941,Intuit@!123,NLKKO
icpprf_acnt48942,Intuit@!123,QIOMA
icpprf_acnt48943,Intuit@!123,SOLTD
icpprf_acnt48944,Intuit@!123,ELKSD
icpprf_acnt48945,Intuit@!123,ORQYO
icpprf_acnt48946,Intuit@!123,HSXUZ
icpprf_acnt48947,Intuit@!123,RLTRF
icpprf_acnt48948,Intuit@!123,LNATV
icpprf_acnt48949,Intuit@!123,PQQMW
icpprf_acnt48950,Intuit@!123,PMAUH
icpprf_acnt48951,Intuit@!123,JJZLW
icpprf_acnt48952,Intuit@!123,OAURE
icpprf_acnt48953,Intuit@!123,CGQGY
icpprf_acnt48954,Intuit@!123,JCNYS
icpprf_acnt48955,Intuit@!123,WROEV
icpprf_acnt48956,Intuit@!123,NEWEV
icpprf_acnt48957,Intuit@!123,TVORF
icpprf_acnt48958,Intuit@!123,QYTPS
icpprf_acnt48959,Intuit@!123,CEEQR
icpprf_acnt48960,Intuit@!123,IYNZM
icpprf_acnt48961,Intuit@!123,AECKA
icpprf_acnt48962,Intuit@!123,TRUEV
icpprf_acnt48963,Intuit@!123,ALUDL
icpprf_acnt48964,Intuit@!123,UWWEQ
icpprf_acnt48965,Intuit@!123,IFTCB
icpprf_acnt48966,Intuit@!123,NPZCU
icpprf_acnt48967,Intuit@!123,GVUQV
icpprf_acnt48968,Intuit@!123,SWQCW
icpprf_acnt48969,Intuit@!123,ECUAQ
icpprf_acnt48970,Intuit@!123,FAJIE
icpprf_acnt48971,Intuit@!123,RUJPE
icpprf_acnt48972,Intuit@!123,GEEWT
icpprf_acnt48973,Intuit@!123,WIDGZ
icpprf_acnt48974,Intuit@!123,JPMYX
icpprf_acnt48975,Intuit@!123,KQAQP
icpprf_acnt48976,Intuit@!123,QYGXX
icpprf_acnt48977,Intuit@!123,DBHPO
icpprf_acnt48978,Intuit@!123,JGKNL
icpprf_acnt48979,Intuit@!123,PUVHF
icpprf_acnt48980,Intuit@!123,FECCD
icpprf_acnt48981,Intuit@!123,MYVDZ
icpprf_acnt48982,Intuit@!123,EAQMW
icpprf_acnt48983,Intuit@!123,TCSGA
icpprf_acnt48984,Intuit@!123,QDFMP
icpprf_acnt48985,Intuit@!123,HGGMK
icpprf_acnt48986,Intuit@!123,NXRRN
icpprf_acnt48987,Intuit@!123,MWBLI
icpprf_acnt48988,Intuit@!123,CSTEO
icpprf_acnt48989,Intuit@!123,SXEPT
icpprf_acnt48990,Intuit@!123,XXOEX
icpprf_acnt48991,Intuit@!123,DKTQO
icpprf_acnt48992,Intuit@!123,FBRXW
icpprf_acnt48993,Intuit@!123,CMKNP
icpprf_acnt48994,Intuit@!123,YDVYO
icpprf_acnt48995,Intuit@!123,BREDS
icpprf_acnt48996,Intuit@!123,KWVTM
icpprf_acnt48997,Intuit@!123,YOGPJ
icpprf_acnt48998,Intuit@!123,LDMIE
icpprf_acnt48999,Intuit@!123,SOGPK
icpprf_acnt49000,Intuit@!123,OVDPO
icpprf_acnt49001,Intuit@!123,GZERS
icpprf_acnt49002,Intuit@!123,RPLGQ
icpprf_acnt49003,Intuit@!123,AZKNG
icpprf_acnt49004,Intuit@!123,KSSEP
icpprf_acnt49005,Intuit@!123,LNRQD
icpprf_acnt49006,Intuit@!123,DRQGW
icpprf_acnt49007,Intuit@!123,VWUWL
icpprf_acnt49008,Intuit@!123,LBGPQ
icpprf_acnt49009,Intuit@!123,JXOJA
icpprf_acnt49010,Intuit@!123,CVVKI
icpprf_acnt49011,Intuit@!123,ZXSCU
icpprf_acnt49012,Intuit@!123,TLUFF
icpprf_acnt49013,Intuit@!123,VMXWX
icpprf_acnt49014,Intuit@!123,RSPSB
icpprf_acnt49015,Intuit@!123,ESXHP
icpprf_acnt49016,Intuit@!123,QASJJ
icpprf_acnt49017,Intuit@!123,FQKMY
icpprf_acnt49018,Intuit@!123,NITJM
icpprf_acnt49019,Intuit@!123,DPYZA
icpprf_acnt49020,Intuit@!123,PIZRY
icpprf_acnt49021,Intuit@!123,NXCZW
icpprf_acnt49022,Intuit@!123,HHUME
icpprf_acnt49023,Intuit@!123,ZGSWB
icpprf_acnt49024,Intuit@!123,FAZTR
icpprf_acnt49025,Intuit@!123,LPVGE
icpprf_acnt49026,Intuit@!123,XRUFT
icpprf_acnt49027,Intuit@!123,JBFLZ
icpprf_acnt49028,Intuit@!123,VZUBI
icpprf_acnt49029,Intuit@!123,SKDSC
icpprf_acnt49030,Intuit@!123,ERGEI
icpprf_acnt49031,Intuit@!123,GYOQQ
icpprf_acnt49032,Intuit@!123,JXDQQ
icpprf_acnt49033,Intuit@!123,RXIIY
icpprf_acnt49034,Intuit@!123,ZJMDU
icpprf_acnt49035,Intuit@!123,GTCDG
icpprf_acnt49036,Intuit@!123,GLCDN
icpprf_acnt49037,Intuit@!123,FYLYL
icpprf_acnt49038,Intuit@!123,FDLQP
icpprf_acnt49039,Intuit@!123,BNASF
icpprf_acnt49040,Intuit@!123,BNFWQ
icpprf_acnt49041,Intuit@!123,UQLCA
icpprf_acnt49042,Intuit@!123,ZXLXW
icpprf_acnt49043,Intuit@!123,JRDIC
icpprf_acnt49044,Intuit@!123,YURMA
icpprf_acnt49045,Intuit@!123,WEXHY
icpprf_acnt49046,Intuit@!123,MODUS
icpprf_acnt49047,Intuit@!123,JOWAD
icpprf_acnt49048,Intuit@!123,DTDWP
icpprf_acnt49049,Intuit@!123,SOICF
icpprf_acnt49050,Intuit@!123,TSAVV
icpprf_acnt49051,Intuit@!123,HNUHT
icpprf_acnt49052,Intuit@!123,BROMG
icpprf_acnt49053,Intuit@!123,MJEFE
icpprf_acnt49054,Intuit@!123,CDITK
icpprf_acnt49055,Intuit@!123,KDPNM
icpprf_acnt49056,Intuit@!123,OKSJW
icpprf_acnt49057,Intuit@!123,IRDFD
icpprf_acnt49058,Intuit@!123,YSXHZ
icpprf_acnt49059,Intuit@!123,MFFOD
icpprf_acnt49060,Intuit@!123,WBVPS
icpprf_acnt49061,Intuit@!123,OJEGX
icpprf_acnt49062,Intuit@!123,WRYBX
icpprf_acnt49063,Intuit@!123,UZNEN
icpprf_acnt49064,Intuit@!123,RSLZK
icpprf_acnt49065,Intuit@!123,FUFBI
icpprf_acnt49066,Intuit@!123,XKKKW
icpprf_acnt49067,Intuit@!123,ODKGJ
icpprf_acnt49068,Intuit@!123,KGDGL
icpprf_acnt49069,Intuit@!123,QGYDC
icpprf_acnt49070,Intuit@!123,XZPYF
icpprf_acnt49071,Intuit@!123,RCLGX
icpprf_acnt49072,Intuit@!123,BMSSQ
icpprf_acnt49073,Intuit@!123,SYYKT
icpprf_acnt49074,Intuit@!123,PLTBI
icpprf_acnt49075,Intuit@!123,OXVTB
icpprf_acnt49076,Intuit@!123,HOAUG
icpprf_acnt49077,Intuit@!123,CAQOB
icpprf_acnt49078,Intuit@!123,WDGKW
icpprf_acnt49079,Intuit@!123,MRLAX
icpprf_acnt49080,Intuit@!123,IGAMM
icpprf_acnt49081,Intuit@!123,BLXLH
icpprf_acnt49082,Intuit@!123,KOLKI
icpprf_acnt49083,Intuit@!123,RUYCK
icpprf_acnt49084,Intuit@!123,ZITMG
icpprf_acnt49085,Intuit@!123,UQTXU
icpprf_acnt49086,Intuit@!123,FBTQX
icpprf_acnt49087,Intuit@!123,NMJXA
icpprf_acnt49088,Intuit@!123,MXDWD
icpprf_acnt49089,Intuit@!123,FLUPA
icpprf_acnt49090,Intuit@!123,OXYOW
icpprf_acnt49091,Intuit@!123,LMRIF
icpprf_acnt49092,Intuit@!123,CBSCK
icpprf_acnt49093,Intuit@!123,RJHYP
icpprf_acnt49094,Intuit@!123,IJQOP
icpprf_acnt49095,Intuit@!123,DDYBD
icpprf_acnt49096,Intuit@!123,ANDZD
icpprf_acnt49097,Intuit@!123,HPLKU
icpprf_acnt49098,Intuit@!123,QMJUM
icpprf_acnt49099,Intuit@!123,KKVKJ
icpprf_acnt49100,Intuit@!123,IZEYU
icpprf_acnt49101,Intuit@!123,JRJUZ
icpprf_acnt49102,Intuit@!123,CEGAO
icpprf_acnt49103,Intuit@!123,GIJPE
icpprf_acnt49104,Intuit@!123,YULJE
icpprf_acnt49105,Intuit@!123,BPYKS
icpprf_acnt49106,Intuit@!123,EZLYF
icpprf_acnt49107,Intuit@!123,OLNLQ
icpprf_acnt49108,Intuit@!123,WPWTI
icpprf_acnt49109,Intuit@!123,OIXKW
icpprf_acnt49110,Intuit@!123,QHVRP
icpprf_acnt49111,Intuit@!123,JKBVS
icpprf_acnt49112,Intuit@!123,WPZLS
icpprf_acnt49113,Intuit@!123,PNCAF
icpprf_acnt49114,Intuit@!123,OSLDK
icpprf_acnt49115,Intuit@!123,KKSLO
icpprf_acnt49116,Intuit@!123,VZWBP
icpprf_acnt49117,Intuit@!123,ZJKCH
icpprf_acnt49118,Intuit@!123,QUZZG
icpprf_acnt49119,Intuit@!123,SCWKX
icpprf_acnt49120,Intuit@!123,DXSVN
icpprf_acnt49121,Intuit@!123,OZRTB
icpprf_acnt49122,Intuit@!123,VTRGD
icpprf_acnt49123,Intuit@!123,PVJTM
icpprf_acnt49124,Intuit@!123,MQNTM
icpprf_acnt49125,Intuit@!123,JSYKS
icpprf_acnt49126,Intuit@!123,ULXJT
icpprf_acnt49127,Intuit@!123,FDGTO
icpprf_acnt49128,Intuit@!123,URPJY
icpprf_acnt49129,Intuit@!123,ZOQMH
icpprf_acnt49130,Intuit@!123,SQBFU
icpprf_acnt49131,Intuit@!123,VUFBF
icpprf_acnt49132,Intuit@!123,GOQJM
icpprf_acnt49133,Intuit@!123,TFJAI
icpprf_acnt49134,Intuit@!123,WRNFZ
icpprf_acnt49135,Intuit@!123,HFSBO
icpprf_acnt49136,Intuit@!123,GSYLM
icpprf_acnt49137,Intuit@!123,ROCUG
icpprf_acnt49138,Intuit@!123,ZNSVS
icpprf_acnt49139,Intuit@!123,SNSOA
icpprf_acnt49140,Intuit@!123,ELYXA
icpprf_acnt49141,Intuit@!123,POPPU
icpprf_acnt49142,Intuit@!123,QLXZP
icpprf_acnt49143,Intuit@!123,CZLNE
icpprf_acnt49144,Intuit@!123,MJLUD
icpprf_acnt49145,Intuit@!123,WZSUN
icpprf_acnt49146,Intuit@!123,YLNHZ
icpprf_acnt49147,Intuit@!123,FPNTJ
icpprf_acnt49148,Intuit@!123,FAKIJ
icpprf_acnt49149,Intuit@!123,UNESV
icpprf_acnt49150,Intuit@!123,DEUBG
icpprf_acnt49151,Intuit@!123,QIXUM
icpprf_acnt49152,Intuit@!123,ZUFMA
icpprf_acnt49153,Intuit@!123,QIKNN
icpprf_acnt49154,Intuit@!123,FVMXS
icpprf_acnt49155,Intuit@!123,UTDMD
icpprf_acnt49156,Intuit@!123,EXUEW
icpprf_acnt49157,Intuit@!123,YQUFX
icpprf_acnt49158,Intuit@!123,OIVXZ
icpprf_acnt49159,Intuit@!123,EUWAY
icpprf_acnt49160,Intuit@!123,PSENU
icpprf_acnt49161,Intuit@!123,VTDBV
icpprf_acnt49162,Intuit@!123,XEVKQ
icpprf_acnt49163,Intuit@!123,WEGOE
icpprf_acnt49164,Intuit@!123,MKYLB
icpprf_acnt49165,Intuit@!123,TZXJX
icpprf_acnt49166,Intuit@!123,VQVGX
icpprf_acnt49167,Intuit@!123,GJIFY
icpprf_acnt49168,Intuit@!123,LRZFL
icpprf_acnt49169,Intuit@!123,UDIRQ
icpprf_acnt49170,Intuit@!123,MWIHV
icpprf_acnt49171,Intuit@!123,IYEJE
icpprf_acnt49172,Intuit@!123,UPSGR
icpprf_acnt49173,Intuit@!123,NCAPW
icpprf_acnt49174,Intuit@!123,MUCYW
icpprf_acnt49175,Intuit@!123,LBKIT
icpprf_acnt49176,Intuit@!123,DYDBW
icpprf_acnt49177,Intuit@!123,XRMYI
icpprf_acnt49178,Intuit@!123,SVHRA
icpprf_acnt49179,Intuit@!123,FPCKL
icpprf_acnt49180,Intuit@!123,SCHJH
icpprf_acnt49181,Intuit@!123,WWPUD
icpprf_acnt49182,Intuit@!123,OHRSP
icpprf_acnt49183,Intuit@!123,INTMH
icpprf_acnt49184,Intuit@!123,BAUZI
icpprf_acnt49185,Intuit@!123,HIPDG
icpprf_acnt49186,Intuit@!123,EZEJW
icpprf_acnt49187,Intuit@!123,CFLLD
icpprf_acnt49188,Intuit@!123,GSPYZ
icpprf_acnt49189,Intuit@!123,KYAQH
icpprf_acnt49190,Intuit@!123,ZLFOM
icpprf_acnt49191,Intuit@!123,TRTFI
icpprf_acnt49192,Intuit@!123,MDSQB
icpprf_acnt49193,Intuit@!123,AGOEN
icpprf_acnt49194,Intuit@!123,IEICG
icpprf_acnt49195,Intuit@!123,WWXWV
icpprf_acnt49196,Intuit@!123,TTKVD
icpprf_acnt49197,Intuit@!123,XVBYK
icpprf_acnt49198,Intuit@!123,YLRBN
icpprf_acnt49199,Intuit@!123,EBVPW
icpprf_acnt49200,Intuit@!123,FGPSD
icpprf_acnt49201,Intuit@!123,DDAGA
icpprf_acnt49202,Intuit@!123,QUGMH
icpprf_acnt49203,Intuit@!123,ZXSCH
icpprf_acnt49204,Intuit@!123,GIEAV
icpprf_acnt49205,Intuit@!123,XCVGU
icpprf_acnt49206,Intuit@!123,AVFYF
icpprf_acnt49207,Intuit@!123,WKNGW
icpprf_acnt49208,Intuit@!123,JVXTE
icpprf_acnt49209,Intuit@!123,YQYIG
icpprf_acnt49210,Intuit@!123,UGKQQ
icpprf_acnt49211,Intuit@!123,HWUYV
icpprf_acnt49212,Intuit@!123,OINNS
icpprf_acnt49213,Intuit@!123,MQEBC
icpprf_acnt49214,Intuit@!123,TANAM
icpprf_acnt49215,Intuit@!123,ZHPJF
icpprf_acnt49216,Intuit@!123,TRYOO
icpprf_acnt49217,Intuit@!123,MLFFG
icpprf_acnt49218,Intuit@!123,WRBZL
icpprf_acnt49219,Intuit@!123,NLIUV
icpprf_acnt49220,Intuit@!123,ZOSRQ
icpprf_acnt49221,Intuit@!123,MGIZA
icpprf_acnt49222,Intuit@!123,HYLVM
icpprf_acnt49223,Intuit@!123,NLOKB
icpprf_acnt49224,Intuit@!123,ISYZK
icpprf_acnt49225,Intuit@!123,JIUWD
icpprf_acnt49226,Intuit@!123,TZGOJ
icpprf_acnt49227,Intuit@!123,XXTKT
icpprf_acnt49228,Intuit@!123,DJFME
icpprf_acnt49229,Intuit@!123,DUGNQ
icpprf_acnt49230,Intuit@!123,NTKOF
icpprf_acnt49231,Intuit@!123,NHGCJ
icpprf_acnt49232,Intuit@!123,FKOCC
icpprf_acnt49233,Intuit@!123,RKKNH
icpprf_acnt49234,Intuit@!123,CGXKU
icpprf_acnt49235,Intuit@!123,JDCHO
icpprf_acnt49236,Intuit@!123,VCGIC
icpprf_acnt49237,Intuit@!123,FTQNH
icpprf_acnt49238,Intuit@!123,THPJO
icpprf_acnt49239,Intuit@!123,WOEXI
icpprf_acnt49240,Intuit@!123,BGVSP
icpprf_acnt49241,Intuit@!123,VSFCR
icpprf_acnt49242,Intuit@!123,JNREP
icpprf_acnt49243,Intuit@!123,RKSWH
icpprf_acnt49244,Intuit@!123,QBFIT
icpprf_acnt49245,Intuit@!123,UVPRG
icpprf_acnt49246,Intuit@!123,ITYPM
icpprf_acnt49247,Intuit@!123,LXJUE
icpprf_acnt49248,Intuit@!123,EIXXV
icpprf_acnt49249,Intuit@!123,NQJUU
icpprf_acnt49250,Intuit@!123,UURDP
icpprf_acnt49251,Intuit@!123,FQQUB
icpprf_acnt49252,Intuit@!123,YNRYF
icpprf_acnt49253,Intuit@!123,NOHUJ
icpprf_acnt49254,Intuit@!123,SXXND
icpprf_acnt49255,Intuit@!123,RRJJT
icpprf_acnt49256,Intuit@!123,HFFQZ
icpprf_acnt49257,Intuit@!123,MVGXW
icpprf_acnt49258,Intuit@!123,JVPMP
icpprf_acnt49259,Intuit@!123,GZJOW
icpprf_acnt49260,Intuit@!123,CPKLJ
icpprf_acnt49261,Intuit@!123,RDDNQ
icpprf_acnt49262,Intuit@!123,RKJVV
icpprf_acnt49263,Intuit@!123,LCQFY
icpprf_acnt49264,Intuit@!123,DGYQB
icpprf_acnt49265,Intuit@!123,PBPCU
icpprf_acnt49266,Intuit@!123,SHEMU
icpprf_acnt49267,Intuit@!123,CYCYC
icpprf_acnt49268,Intuit@!123,TDIJG
icpprf_acnt49269,Intuit@!123,EBAFX
icpprf_acnt49270,Intuit@!123,UMUYG
icpprf_acnt49271,Intuit@!123,LPSEQ
icpprf_acnt49272,Intuit@!123,HLYUV
icpprf_acnt49273,Intuit@!123,WPSPQ
icpprf_acnt49274,Intuit@!123,MGYWN
icpprf_acnt49275,Intuit@!123,ISDUB
icpprf_acnt49276,Intuit@!123,RUFAM
icpprf_acnt49277,Intuit@!123,VSLVO
icpprf_acnt49278,Intuit@!123,ETUKZ
icpprf_acnt49279,Intuit@!123,CZLNF
icpprf_acnt49280,Intuit@!123,FURSO
icpprf_acnt49281,Intuit@!123,HHMPR
icpprf_acnt49282,Intuit@!123,DDAHT
icpprf_acnt49283,Intuit@!123,EWSHH
icpprf_acnt49284,Intuit@!123,WJVJN
icpprf_acnt49285,Intuit@!123,EGACN
icpprf_acnt49286,Intuit@!123,RGKQY
icpprf_acnt49287,Intuit@!123,TRDMA
icpprf_acnt49288,Intuit@!123,PSQLT
icpprf_acnt49289,Intuit@!123,GJKDI
icpprf_acnt49290,Intuit@!123,NBOCU
icpprf_acnt49291,Intuit@!123,FVPSB
icpprf_acnt49292,Intuit@!123,CXXQD
icpprf_acnt49293,Intuit@!123,YPOXG
icpprf_acnt49294,Intuit@!123,SWXYN
icpprf_acnt49295,Intuit@!123,CYUQO
icpprf_acnt49296,Intuit@!123,ECKUN
icpprf_acnt49297,Intuit@!123,BVYHK
icpprf_acnt49298,Intuit@!123,SNWHN
icpprf_acnt49299,Intuit@!123,CWLSZ
icpprf_acnt49300,Intuit@!123,ENDDL
icpprf_acnt49301,Intuit@!123,WSIUP
icpprf_acnt49302,Intuit@!123,FXZLH
icpprf_acnt49303,Intuit@!123,MMVBQ
icpprf_acnt49304,Intuit@!123,CJPED
icpprf_acnt49305,Intuit@!123,HSCON
icpprf_acnt49306,Intuit@!123,YRAUF
icpprf_acnt49307,Intuit@!123,XMECQ
icpprf_acnt49308,Intuit@!123,JDKJN
icpprf_acnt49309,Intuit@!123,UGUKE
icpprf_acnt49310,Intuit@!123,AVGFJ
icpprf_acnt49311,Intuit@!123,AEJPP
icpprf_acnt49312,Intuit@!123,HIXFE
icpprf_acnt49313,Intuit@!123,MWOTM
icpprf_acnt49314,Intuit@!123,TCMPC
icpprf_acnt49315,Intuit@!123,RHDTJ
icpprf_acnt49316,Intuit@!123,IBGDN
icpprf_acnt49317,Intuit@!123,ICSNI
icpprf_acnt49318,Intuit@!123,IUFFR
icpprf_acnt49319,Intuit@!123,CBHHP
icpprf_acnt49320,Intuit@!123,SWLFY
icpprf_acnt49321,Intuit@!123,AEIFH
icpprf_acnt49322,Intuit@!123,MNWBR
icpprf_acnt49323,Intuit@!123,JYEJH
icpprf_acnt49324,Intuit@!123,CIGBV
icpprf_acnt49325,Intuit@!123,WHXVQ
icpprf_acnt49326,Intuit@!123,ZZJEL
icpprf_acnt49327,Intuit@!123,MPZWC
icpprf_acnt49328,Intuit@!123,RTTDE
icpprf_acnt49329,Intuit@!123,JBMAX
icpprf_acnt49330,Intuit@!123,RJEON
icpprf_acnt49331,Intuit@!123,WDNQT
icpprf_acnt49332,Intuit@!123,AWYIA
icpprf_acnt49333,Intuit@!123,CQXOH
icpprf_acnt49334,Intuit@!123,QJRBD
icpprf_acnt49335,Intuit@!123,CUAFA
icpprf_acnt49336,Intuit@!123,EUJUG
icpprf_acnt49337,Intuit@!123,DWMJL
icpprf_acnt49338,Intuit@!123,FTILM
icpprf_acnt49339,Intuit@!123,QPCJC
icpprf_acnt49340,Intuit@!123,WSJWT
icpprf_acnt49341,Intuit@!123,TCGTJ
icpprf_acnt49342,Intuit@!123,GQIYY
icpprf_acnt49343,Intuit@!123,CTKBL
icpprf_acnt49344,Intuit@!123,HWIBR
icpprf_acnt49345,Intuit@!123,RBQFN
icpprf_acnt49346,Intuit@!123,FSRVS
icpprf_acnt49347,Intuit@!123,MCFSF
icpprf_acnt49348,Intuit@!123,JEUNB
icpprf_acnt49349,Intuit@!123,PZGPT
icpprf_acnt49350,Intuit@!123,QQMEU
icpprf_acnt49351,Intuit@!123,PFRCO
icpprf_acnt49352,Intuit@!123,XGTBZ
icpprf_acnt49353,Intuit@!123,DDZMA
icpprf_acnt49354,Intuit@!123,AKPQJ
icpprf_acnt49355,Intuit@!123,VUGUG
icpprf_acnt49356,Intuit@!123,ANCBI
icpprf_acnt49357,Intuit@!123,QCCIR
icpprf_acnt49358,Intuit@!123,AEDAT
icpprf_acnt49359,Intuit@!123,HWJPP
icpprf_acnt49360,Intuit@!123,MSBVW
icpprf_acnt49361,Intuit@!123,XDMNT
icpprf_acnt49362,Intuit@!123,PKNBH
icpprf_acnt49363,Intuit@!123,TRDHY
icpprf_acnt49364,Intuit@!123,MFBVJ
icpprf_acnt49365,Intuit@!123,HNGJZ
icpprf_acnt49366,Intuit@!123,GSCLW
icpprf_acnt49367,Intuit@!123,COQJL
icpprf_acnt49368,Intuit@!123,TWYKG
icpprf_acnt49369,Intuit@!123,EWSXD
icpprf_acnt49370,Intuit@!123,PGKSP
icpprf_acnt49371,Intuit@!123,PTWIN
icpprf_acnt49372,Intuit@!123,QHAWB
icpprf_acnt49373,Intuit@!123,IGLLP
icpprf_acnt49374,Intuit@!123,UAVQX
icpprf_acnt49375,Intuit@!123,DQLQW
icpprf_acnt49376,Intuit@!123,RFXYT
icpprf_acnt49377,Intuit@!123,ICUMQ
icpprf_acnt49378,Intuit@!123,FHBZR
icpprf_acnt49379,Intuit@!123,YDNXI
icpprf_acnt49380,Intuit@!123,BLIUW
icpprf_acnt49381,Intuit@!123,KTTEL
icpprf_acnt49382,Intuit@!123,ABKJB
icpprf_acnt49383,Intuit@!123,LDKYE
icpprf_acnt49384,Intuit@!123,TRSBA
icpprf_acnt49385,Intuit@!123,TYEAQ
icpprf_acnt49386,Intuit@!123,EHINL
icpprf_acnt49387,Intuit@!123,NHIHZ
icpprf_acnt49388,Intuit@!123,PPGUN
icpprf_acnt49389,Intuit@!123,HOBXQ
icpprf_acnt49390,Intuit@!123,CORJT
icpprf_acnt49391,Intuit@!123,AATHL
icpprf_acnt49392,Intuit@!123,VAPKU
icpprf_acnt49393,Intuit@!123,HGTHL
icpprf_acnt49394,Intuit@!123,SCLCT
icpprf_acnt49395,Intuit@!123,LBTDM
icpprf_acnt49396,Intuit@!123,VVKQF
icpprf_acnt49397,Intuit@!123,IAPJC
icpprf_acnt49398,Intuit@!123,IBRUC
icpprf_acnt49399,Intuit@!123,ZTFMS
icpprf_acnt49400,Intuit@!123,ZDWGJ
icpprf_acnt49401,Intuit@!123,JHIEY
icpprf_acnt49402,Intuit@!123,WVAZY
icpprf_acnt49403,Intuit@!123,PXVIG
icpprf_acnt49404,Intuit@!123,OVDAS
icpprf_acnt49405,Intuit@!123,ZXVXW
icpprf_acnt49406,Intuit@!123,IXIFL
icpprf_acnt49407,Intuit@!123,RQVZH
icpprf_acnt49408,Intuit@!123,RSWBB
icpprf_acnt49409,Intuit@!123,JQJQQ
icpprf_acnt49410,Intuit@!123,VGUYJ
icpprf_acnt49411,Intuit@!123,SMKMU
icpprf_acnt49412,Intuit@!123,KZPPX
icpprf_acnt49413,Intuit@!123,RQVOT
icpprf_acnt49414,Intuit@!123,KEGEI
icpprf_acnt49415,Intuit@!123,LXXCV
icpprf_acnt49416,Intuit@!123,EIMVB
icpprf_acnt49417,Intuit@!123,HEBKY
icpprf_acnt49418,Intuit@!123,PVSCL
icpprf_acnt49419,Intuit@!123,VVSVA
icpprf_acnt49420,Intuit@!123,ONPAT
icpprf_acnt49421,Intuit@!123,UZYHG
icpprf_acnt49422,Intuit@!123,TZAVA
icpprf_acnt49423,Intuit@!123,VUFWV
icpprf_acnt49424,Intuit@!123,NNWCW
icpprf_acnt49425,Intuit@!123,XTELG
icpprf_acnt49426,Intuit@!123,IUOFO
icpprf_acnt49427,Intuit@!123,DEKMM
icpprf_acnt49428,Intuit@!123,IYNAP
icpprf_acnt49429,Intuit@!123,GGQWI
icpprf_acnt49430,Intuit@!123,LNMIE
icpprf_acnt49431,Intuit@!123,GFJET
icpprf_acnt49432,Intuit@!123,VRZZB
icpprf_acnt49433,Intuit@!123,JZXFW
icpprf_acnt49434,Intuit@!123,IYVDG
icpprf_acnt49435,Intuit@!123,SGHRM
icpprf_acnt49436,Intuit@!123,CUFXN
icpprf_acnt49437,Intuit@!123,YSQBM
icpprf_acnt49438,Intuit@!123,OWXTQ
icpprf_acnt49439,Intuit@!123,FBCHG
icpprf_acnt49440,Intuit@!123,HEKTI
icpprf_acnt49441,Intuit@!123,IWZDZ
icpprf_acnt49442,Intuit@!123,AHHTC
icpprf_acnt49443,Intuit@!123,VQSMC
icpprf_acnt49444,Intuit@!123,USBGU
icpprf_acnt49445,Intuit@!123,ZNTGT
icpprf_acnt49446,Intuit@!123,HWHPM
icpprf_acnt49447,Intuit@!123,QBLYX
icpprf_acnt49448,Intuit@!123,ESTMR
icpprf_acnt49449,Intuit@!123,WLZRH
icpprf_acnt49450,Intuit@!123,SIQYH
icpprf_acnt49451,Intuit@!123,TCOHP
icpprf_acnt49452,Intuit@!123,XMJLN
icpprf_acnt49453,Intuit@!123,YHMIP
icpprf_acnt49454,Intuit@!123,AWATE
icpprf_acnt49455,Intuit@!123,UJWOU
icpprf_acnt49456,Intuit@!123,MHACT
icpprf_acnt49457,Intuit@!123,RGBBS
icpprf_acnt49458,Intuit@!123,WNUNZ
icpprf_acnt49459,Intuit@!123,JNBIS
icpprf_acnt49460,Intuit@!123,GWTAC
icpprf_acnt49461,Intuit@!123,WIGNO
icpprf_acnt49462,Intuit@!123,MRSSM
icpprf_acnt49463,Intuit@!123,RUFJF
icpprf_acnt49464,Intuit@!123,WVAOT
icpprf_acnt49465,Intuit@!123,TAAHH
icpprf_acnt49466,Intuit@!123,YJEGA
icpprf_acnt49467,Intuit@!123,PMDGN
icpprf_acnt49468,Intuit@!123,CNMUL
icpprf_acnt49469,Intuit@!123,CMUOH
icpprf_acnt49470,Intuit@!123,HQNFP
icpprf_acnt49471,Intuit@!123,ALDBE
icpprf_acnt49472,Intuit@!123,LCWFD
icpprf_acnt49473,Intuit@!123,EMQNR
icpprf_acnt49474,Intuit@!123,JXMMA
icpprf_acnt49475,Intuit@!123,FIXTC
icpprf_acnt49476,Intuit@!123,LRRUE
icpprf_acnt49477,Intuit@!123,NSZWO
icpprf_acnt49478,Intuit@!123,NWSRQ
icpprf_acnt49479,Intuit@!123,LOCDH
icpprf_acnt49480,Intuit@!123,OOIYQ
icpprf_acnt49481,Intuit@!123,YHLSF
icpprf_acnt49482,Intuit@!123,HIPWS
icpprf_acnt49483,Intuit@!123,MFRNT
icpprf_acnt49484,Intuit@!123,DACKD
icpprf_acnt49485,Intuit@!123,JIXPA
icpprf_acnt49486,Intuit@!123,OYBQS
icpprf_acnt49487,Intuit@!123,MMOHS
icpprf_acnt49488,Intuit@!123,PSYKB
icpprf_acnt49489,Intuit@!123,YIZWT
icpprf_acnt49490,Intuit@!123,MQJUB
icpprf_acnt49491,Intuit@!123,KGDXA
icpprf_acnt49492,Intuit@!123,GRHRE
icpprf_acnt49493,Intuit@!123,IBYOF
icpprf_acnt49494,Intuit@!123,BFDOX
icpprf_acnt49495,Intuit@!123,NJBRW
icpprf_acnt49496,Intuit@!123,RCTIO
icpprf_acnt49497,Intuit@!123,QDONL
icpprf_acnt49498,Intuit@!123,VGZXY
icpprf_acnt49499,Intuit@!123,BZARG
icpprf_acnt49500,Intuit@!123,ZBHLL
icpprf_acnt49501,Intuit@!123,KSAZV
icpprf_acnt49502,Intuit@!123,PXLIV
icpprf_acnt49503,Intuit@!123,FOADH
icpprf_acnt49504,Intuit@!123,DYTQD
icpprf_acnt49505,Intuit@!123,VUXEP
icpprf_acnt49506,Intuit@!123,UVFCE
icpprf_acnt49507,Intuit@!123,VRFRW
icpprf_acnt49508,Intuit@!123,BAZVN
icpprf_acnt49509,Intuit@!123,MHANR
icpprf_acnt49510,Intuit@!123,JPKPE
icpprf_acnt49511,Intuit@!123,JYOMC
icpprf_acnt49512,Intuit@!123,VDRZC
icpprf_acnt49513,Intuit@!123,VYESY
icpprf_acnt49514,Intuit@!123,BRMIK
icpprf_acnt49515,Intuit@!123,UXIKP
icpprf_acnt49516,Intuit@!123,ZTQBP
icpprf_acnt49517,Intuit@!123,GHBSH
icpprf_acnt49518,Intuit@!123,SOIYI
icpprf_acnt49519,Intuit@!123,XGFDA
icpprf_acnt49520,Intuit@!123,LJXKE
icpprf_acnt49521,Intuit@!123,FIAAU
icpprf_acnt49522,Intuit@!123,LRQEJ
icpprf_acnt49523,Intuit@!123,ZYDFZ
icpprf_acnt49524,Intuit@!123,JPYNL
icpprf_acnt49525,Intuit@!123,BQMLH
icpprf_acnt49526,Intuit@!123,KJUAO
icpprf_acnt49527,Intuit@!123,WDGJI
icpprf_acnt49528,Intuit@!123,YQSLL
icpprf_acnt49529,Intuit@!123,LRUGV
icpprf_acnt49530,Intuit@!123,AXTTF
icpprf_acnt49531,Intuit@!123,DHYSK
icpprf_acnt49532,Intuit@!123,GCMWK
icpprf_acnt49533,Intuit@!123,BXIEI
icpprf_acnt49534,Intuit@!123,DBBFQ
icpprf_acnt49535,Intuit@!123,UTUSE
icpprf_acnt49536,Intuit@!123,TBKPF
icpprf_acnt49537,Intuit@!123,CVQFQ
icpprf_acnt49538,Intuit@!123,UVLBO
icpprf_acnt49539,Intuit@!123,HENNS
icpprf_acnt49540,Intuit@!123,UUEED
icpprf_acnt49541,Intuit@!123,RVSUF
icpprf_acnt49542,Intuit@!123,RFNXO
icpprf_acnt49543,Intuit@!123,TBVXE
icpprf_acnt49544,Intuit@!123,JXLVG
icpprf_acnt49545,Intuit@!123,NGVAB
icpprf_acnt49546,Intuit@!123,STMCW
icpprf_acnt49547,Intuit@!123,KFKDC
icpprf_acnt49548,Intuit@!123,VXMMW
icpprf_acnt49549,Intuit@!123,FHWOZ
icpprf_acnt49550,Intuit@!123,OFOVS
icpprf_acnt49551,Intuit@!123,VUHVI
icpprf_acnt49552,Intuit@!123,AIDHS
icpprf_acnt49553,Intuit@!123,IVZCN
icpprf_acnt49554,Intuit@!123,PVHSG
icpprf_acnt49555,Intuit@!123,EGTND
icpprf_acnt49556,Intuit@!123,CPKEY
icpprf_acnt49557,Intuit@!123,USPTI
icpprf_acnt49558,Intuit@!123,IXXNF
icpprf_acnt49559,Intuit@!123,OXKQW
icpprf_acnt49560,Intuit@!123,WMJPA
icpprf_acnt49561,Intuit@!123,WPLJA
icpprf_acnt49562,Intuit@!123,GOIDR
icpprf_acnt49563,Intuit@!123,QZMQW
icpprf_acnt49564,Intuit@!123,QPYOM
icpprf_acnt49565,Intuit@!123,XDSID
icpprf_acnt49566,Intuit@!123,CZWHV
icpprf_acnt49567,Intuit@!123,GOUIP
icpprf_acnt49568,Intuit@!123,BQDKC
icpprf_acnt49569,Intuit@!123,UUGVA
icpprf_acnt49570,Intuit@!123,UVEMR
icpprf_acnt49571,Intuit@!123,AHADA
icpprf_acnt49572,Intuit@!123,SFNZG
icpprf_acnt49573,Intuit@!123,HBOZL
icpprf_acnt49574,Intuit@!123,QADXT
icpprf_acnt49575,Intuit@!123,CGNNP
icpprf_acnt49576,Intuit@!123,XXPVE
icpprf_acnt49577,Intuit@!123,FVYMC
icpprf_acnt49578,Intuit@!123,AJAWF
icpprf_acnt49579,Intuit@!123,KMLGQ
icpprf_acnt49580,Intuit@!123,RFNZI
icpprf_acnt49581,Intuit@!123,EZXZB
icpprf_acnt49582,Intuit@!123,AYUFI
icpprf_acnt49583,Intuit@!123,TDORZ
icpprf_acnt49584,Intuit@!123,BWVFJ
icpprf_acnt49585,Intuit@!123,SLOMG
icpprf_acnt49586,Intuit@!123,RDEVC
icpprf_acnt49587,Intuit@!123,RXHIH
icpprf_acnt49588,Intuit@!123,OQSTE
icpprf_acnt49589,Intuit@!123,ZXHZS
icpprf_acnt49590,Intuit@!123,SUKVT
icpprf_acnt49591,Intuit@!123,HWQTF
icpprf_acnt49592,Intuit@!123,RBSWW
icpprf_acnt49593,Intuit@!123,QJKSP
icpprf_acnt49594,Intuit@!123,DRDJF
icpprf_acnt49595,Intuit@!123,LFNYX
icpprf_acnt49596,Intuit@!123,RETSO
icpprf_acnt49597,Intuit@!123,SXQGR
icpprf_acnt49598,Intuit@!123,CCAZE
icpprf_acnt49599,Intuit@!123,ZSZAX
icpprf_acnt49600,Intuit@!123,HFHJJ
icpprf_acnt49601,Intuit@!123,WQWYB
icpprf_acnt49602,Intuit@!123,TKGJV
icpprf_acnt49603,Intuit@!123,PFJRE
icpprf_acnt49604,Intuit@!123,MVQAX
icpprf_acnt49605,Intuit@!123,SLHHI
icpprf_acnt49606,Intuit@!123,UYPRB
icpprf_acnt49607,Intuit@!123,HTFBC
icpprf_acnt49608,Intuit@!123,IDWXN
icpprf_acnt49609,Intuit@!123,WPBYY
icpprf_acnt49610,Intuit@!123,LWRJT
icpprf_acnt49611,Intuit@!123,DBMLQ
icpprf_acnt49612,Intuit@!123,FVUUS
icpprf_acnt49613,Intuit@!123,ZVIBP
icpprf_acnt49614,Intuit@!123,JHISS
icpprf_acnt49615,Intuit@!123,QNGZP
icpprf_acnt49616,Intuit@!123,CZKIP
icpprf_acnt49617,Intuit@!123,CVJQF
icpprf_acnt49618,Intuit@!123,EMWAL
icpprf_acnt49619,Intuit@!123,DAJPB
icpprf_acnt49620,Intuit@!123,TQELW
icpprf_acnt49621,Intuit@!123,VAZCA
icpprf_acnt49622,Intuit@!123,SICLO
icpprf_acnt49623,Intuit@!123,MWJMG
icpprf_acnt49624,Intuit@!123,SJOBP
icpprf_acnt49625,Intuit@!123,OXPHR
icpprf_acnt49626,Intuit@!123,SJJLP
icpprf_acnt49627,Intuit@!123,YGZBY
icpprf_acnt49628,Intuit@!123,KBDBQ
icpprf_acnt49629,Intuit@!123,GFSKU
icpprf_acnt49630,Intuit@!123,RSALR
icpprf_acnt49631,Intuit@!123,SFGQJ
icpprf_acnt49632,Intuit@!123,KWJVY
icpprf_acnt49633,Intuit@!123,AICXE
icpprf_acnt49634,Intuit@!123,MWLHI
icpprf_acnt49635,Intuit@!123,EIVLQ
icpprf_acnt49636,Intuit@!123,PELJI
icpprf_acnt49637,Intuit@!123,KZXOQ
icpprf_acnt49638,Intuit@!123,VWZHC
icpprf_acnt49639,Intuit@!123,LFKBJ
icpprf_acnt49640,Intuit@!123,UBQCX
icpprf_acnt49641,Intuit@!123,VCHEX
icpprf_acnt49642,Intuit@!123,GYORQ
icpprf_acnt49643,Intuit@!123,VWWJS
icpprf_acnt49644,Intuit@!123,EWHFV
icpprf_acnt49645,Intuit@!123,MTMYQ
icpprf_acnt49646,Intuit@!123,WXFCX
icpprf_acnt49647,Intuit@!123,RYLCQ
icpprf_acnt49648,Intuit@!123,XHRZY
icpprf_acnt49649,Intuit@!123,CZPYG
icpprf_acnt49650,Intuit@!123,YIVHZ
icpprf_acnt49651,Intuit@!123,DTTRF
icpprf_acnt49652,Intuit@!123,WBDSK
icpprf_acnt49653,Intuit@!123,BPBLI
icpprf_acnt49654,Intuit@!123,ISATY
icpprf_acnt49655,Intuit@!123,IGENB
icpprf_acnt49656,Intuit@!123,SKIPO
icpprf_acnt49657,Intuit@!123,DRTWW
icpprf_acnt49658,Intuit@!123,VRHKX
icpprf_acnt49659,Intuit@!123,XXEYR
icpprf_acnt49660,Intuit@!123,ASOMD
icpprf_acnt49661,Intuit@!123,XBFXT
icpprf_acnt49662,Intuit@!123,YTGGJ
icpprf_acnt49663,Intuit@!123,GLGEM
icpprf_acnt49664,Intuit@!123,IDOWG
icpprf_acnt49665,Intuit@!123,DMQCX
icpprf_acnt49666,Intuit@!123,JKKKQ
icpprf_acnt49667,Intuit@!123,DDJGS
icpprf_acnt49668,Intuit@!123,KIUUK
icpprf_acnt49669,Intuit@!123,YMJRL
icpprf_acnt49670,Intuit@!123,BJECB
icpprf_acnt49671,Intuit@!123,AVVKD
icpprf_acnt49672,Intuit@!123,XZGHD
icpprf_acnt49673,Intuit@!123,ZWCVS
icpprf_acnt49674,Intuit@!123,LQCTB
icpprf_acnt49675,Intuit@!123,HUFXO
icpprf_acnt49676,Intuit@!123,EXQRE
icpprf_acnt49677,Intuit@!123,OGOXS
icpprf_acnt49678,Intuit@!123,JMZHP
icpprf_acnt49679,Intuit@!123,LEZQW
icpprf_acnt49680,Intuit@!123,PTCLQ
icpprf_acnt49681,Intuit@!123,EEOIV
icpprf_acnt49682,Intuit@!123,JAWZG
icpprf_acnt49683,Intuit@!123,ZAJKU
icpprf_acnt49684,Intuit@!123,MWBTV
icpprf_acnt49685,Intuit@!123,GNILI
icpprf_acnt49686,Intuit@!123,QJJZN
icpprf_acnt49687,Intuit@!123,JCINK
icpprf_acnt49688,Intuit@!123,OTJIT
icpprf_acnt49689,Intuit@!123,DCFLH
icpprf_acnt49690,Intuit@!123,SPRLI
icpprf_acnt49691,Intuit@!123,CMFLI
icpprf_acnt49692,Intuit@!123,XJRFS
icpprf_acnt49693,Intuit@!123,NMBTQ
icpprf_acnt49694,Intuit@!123,DIHLL
icpprf_acnt49695,Intuit@!123,RABME
icpprf_acnt49696,Intuit@!123,CPKMQ
icpprf_acnt49697,Intuit@!123,WJOBT
icpprf_acnt49698,Intuit@!123,WTRSX
icpprf_acnt49699,Intuit@!123,PTKOU
icpprf_acnt49700,Intuit@!123,ORXSR
icpprf_acnt49701,Intuit@!123,VDIEG
icpprf_acnt49702,Intuit@!123,ALSFF
icpprf_acnt49703,Intuit@!123,BFPQM
icpprf_acnt49704,Intuit@!123,KONXZ
icpprf_acnt49705,Intuit@!123,ETKXE
icpprf_acnt49706,Intuit@!123,KCUPS
icpprf_acnt49707,Intuit@!123,FILGP
icpprf_acnt49708,Intuit@!123,MZQPM
icpprf_acnt49709,Intuit@!123,NHVLW
icpprf_acnt49710,Intuit@!123,MGBET
icpprf_acnt49711,Intuit@!123,IZJNW
icpprf_acnt49712,Intuit@!123,AXZKG
icpprf_acnt49713,Intuit@!123,ORTTU
icpprf_acnt49714,Intuit@!123,AUDBH
icpprf_acnt49715,Intuit@!123,FXSEG
icpprf_acnt49716,Intuit@!123,YAGYZ
icpprf_acnt49717,Intuit@!123,IRTAK
icpprf_acnt49718,Intuit@!123,TAPNM
icpprf_acnt49719,Intuit@!123,CACRS
icpprf_acnt49720,Intuit@!123,PRNCC
icpprf_acnt49721,Intuit@!123,VSMDB
icpprf_acnt49722,Intuit@!123,UVEMS
icpprf_acnt49723,Intuit@!123,GPJJP
icpprf_acnt49724,Intuit@!123,LUUAT
icpprf_acnt49725,Intuit@!123,YSXUN
icpprf_acnt49726,Intuit@!123,SBUHT
icpprf_acnt49727,Intuit@!123,DOTYZ
icpprf_acnt49728,Intuit@!123,JZZWH
icpprf_acnt49729,Intuit@!123,BYFMY
icpprf_acnt49730,Intuit@!123,PAJKD
icpprf_acnt49731,Intuit@!123,FERBA
icpprf_acnt49732,Intuit@!123,VREQN
icpprf_acnt49733,Intuit@!123,AFBKS
icpprf_acnt49734,Intuit@!123,DUQGD
icpprf_acnt49735,Intuit@!123,TXLXT
icpprf_acnt49736,Intuit@!123,CMLGQ
icpprf_acnt49737,Intuit@!123,FHJUY
icpprf_acnt49738,Intuit@!123,JLZNH
icpprf_acnt49739,Intuit@!123,RFWAA
icpprf_acnt49740,Intuit@!123,VWBMS
icpprf_acnt49741,Intuit@!123,AYPNR
icpprf_acnt49742,Intuit@!123,MWRAU
icpprf_acnt49743,Intuit@!123,BFNRA
icpprf_acnt49744,Intuit@!123,FUCFV
icpprf_acnt49745,Intuit@!123,VQFBG
icpprf_acnt49746,Intuit@!123,ABPDK
icpprf_acnt49747,Intuit@!123,VTSEQ
icpprf_acnt49748,Intuit@!123,XXLRF
icpprf_acnt49749,Intuit@!123,LTLXD
icpprf_acnt49750,Intuit@!123,RFCBK
icpprf_acnt49751,Intuit@!123,ADBAY
icpprf_acnt49752,Intuit@!123,LDAHX
icpprf_acnt49753,Intuit@!123,SVBKO
icpprf_acnt49754,Intuit@!123,PKBEU
icpprf_acnt49755,Intuit@!123,TGKUV
icpprf_acnt49756,Intuit@!123,XKWEQ
icpprf_acnt49757,Intuit@!123,XUXZS
icpprf_acnt49758,Intuit@!123,VIRBJ
icpprf_acnt49759,Intuit@!123,QZTKK
icpprf_acnt49760,Intuit@!123,NWBQD
icpprf_acnt49761,Intuit@!123,DJGOJ
icpprf_acnt49762,Intuit@!123,BBRLL
icpprf_acnt49763,Intuit@!123,CAYHF
icpprf_acnt49764,Intuit@!123,IEEJO
icpprf_acnt49765,Intuit@!123,MFALE
icpprf_acnt49766,Intuit@!123,YXSBB
icpprf_acnt49767,Intuit@!123,BHQQK
icpprf_acnt49768,Intuit@!123,LFIGJ
icpprf_acnt49769,Intuit@!123,EGHGE
icpprf_acnt49770,Intuit@!123,VFNLE
icpprf_acnt49771,Intuit@!123,NDTDH
icpprf_acnt49772,Intuit@!123,IWPLG
icpprf_acnt49773,Intuit@!123,VDUHY
icpprf_acnt49774,Intuit@!123,VFQXV
icpprf_acnt49775,Intuit@!123,UMVFA
icpprf_acnt49776,Intuit@!123,EUJGZ
icpprf_acnt49777,Intuit@!123,HUGIN
icpprf_acnt49778,Intuit@!123,FZSHW
icpprf_acnt49779,Intuit@!123,IHPVA
icpprf_acnt49780,Intuit@!123,AABWI
icpprf_acnt49781,Intuit@!123,ZOFWT
icpprf_acnt49782,Intuit@!123,QQGOQ
icpprf_acnt49783,Intuit@!123,QTBYU
icpprf_acnt49784,Intuit@!123,OMBOT
icpprf_acnt49785,Intuit@!123,KTTAQ
icpprf_acnt49786,Intuit@!123,MOAEM
icpprf_acnt49787,Intuit@!123,OQFMB
icpprf_acnt49788,Intuit@!123,BLQED
icpprf_acnt49789,Intuit@!123,QLDEA
icpprf_acnt49790,Intuit@!123,COYEU
icpprf_acnt49791,Intuit@!123,HWGRS
icpprf_acnt49792,Intuit@!123,TQZUT
icpprf_acnt49793,Intuit@!123,KVRCO
icpprf_acnt49794,Intuit@!123,EIYUO
icpprf_acnt49795,Intuit@!123,BTBEP
icpprf_acnt49796,Intuit@!123,YATKV
icpprf_acnt49797,Intuit@!123,SNGRJ
icpprf_acnt49798,Intuit@!123,PZMRS
icpprf_acnt49799,Intuit@!123,ZZJFI
icpprf_acnt49800,Intuit@!123,SOCKI
icpprf_acnt49801,Intuit@!123,ZYECR
icpprf_acnt49802,Intuit@!123,QQAOS
icpprf_acnt49803,Intuit@!123,BMJGR
icpprf_acnt49804,Intuit@!123,UMFAZ
icpprf_acnt49805,Intuit@!123,ZQQOZ
icpprf_acnt49806,Intuit@!123,RNNVO
icpprf_acnt49807,Intuit@!123,HXYKB
icpprf_acnt49808,Intuit@!123,ROJFV
icpprf_acnt49809,Intuit@!123,HWTIM
icpprf_acnt49810,Intuit@!123,QSJCF
icpprf_acnt49811,Intuit@!123,JAGAB
icpprf_acnt49812,Intuit@!123,ULQWV
icpprf_acnt49813,Intuit@!123,PNEIF
icpprf_acnt49814,Intuit@!123,ZMABD
icpprf_acnt49815,Intuit@!123,PARLZ
icpprf_acnt49816,Intuit@!123,VWGHG
icpprf_acnt49817,Intuit@!123,PTAPF
icpprf_acnt49818,Intuit@!123,EXQFV
icpprf_acnt49819,Intuit@!123,PZKRZ
icpprf_acnt49820,Intuit@!123,MYUMI
icpprf_acnt49821,Intuit@!123,VGJNJ
icpprf_acnt49822,Intuit@!123,ODJMU
icpprf_acnt49823,Intuit@!123,IBPRO
icpprf_acnt49824,Intuit@!123,IMEZI
icpprf_acnt49825,Intuit@!123,CXOLZ
icpprf_acnt49826,Intuit@!123,QQDFI
icpprf_acnt49827,Intuit@!123,NTZZI
icpprf_acnt49828,Intuit@!123,QNSML
icpprf_acnt49829,Intuit@!123,VAPWK
icpprf_acnt49830,Intuit@!123,BFXHE
icpprf_acnt49831,Intuit@!123,TBPHV
icpprf_acnt49832,Intuit@!123,DFUAM
icpprf_acnt49833,Intuit@!123,NGQHK
icpprf_acnt49834,Intuit@!123,JKBPD
icpprf_acnt49835,Intuit@!123,QYJHS
icpprf_acnt49836,Intuit@!123,YTXPG
icpprf_acnt49837,Intuit@!123,JJVSZ
icpprf_acnt49838,Intuit@!123,ISOJF
icpprf_acnt49839,Intuit@!123,JUZRC
icpprf_acnt49840,Intuit@!123,IIOOK
icpprf_acnt49841,Intuit@!123,GYTUI
icpprf_acnt49842,Intuit@!123,QHIVS
icpprf_acnt49843,Intuit@!123,URLZW
icpprf_acnt49844,Intuit@!123,CUVHG
icpprf_acnt49845,Intuit@!123,CBANH
icpprf_acnt49846,Intuit@!123,SSEOG
icpprf_acnt49847,Intuit@!123,IQZMH
icpprf_acnt49848,Intuit@!123,AUCPD
icpprf_acnt49849,Intuit@!123,ANJRL
icpprf_acnt49850,Intuit@!123,AESFN
icpprf_acnt49851,Intuit@!123,RMVET
icpprf_acnt49852,Intuit@!123,HYNNB
icpprf_acnt49853,Intuit@!123,MDTYG
icpprf_acnt49854,Intuit@!123,NCSSN
icpprf_acnt49855,Intuit@!123,EDCDQ
icpprf_acnt49856,Intuit@!123,NKOOM
icpprf_acnt49857,Intuit@!123,OCFBG
icpprf_acnt49858,Intuit@!123,HTFKQ
icpprf_acnt49859,Intuit@!123,GQZCQ
icpprf_acnt49860,Intuit@!123,OJURF
icpprf_acnt49861,Intuit@!123,WHDEK
icpprf_acnt49862,Intuit@!123,DSPQB
icpprf_acnt49863,Intuit@!123,EZIRB
icpprf_acnt49864,Intuit@!123,SAAKC
icpprf_acnt49865,Intuit@!123,LTHYC
icpprf_acnt49866,Intuit@!123,YYATK
icpprf_acnt49867,Intuit@!123,OLKII
icpprf_acnt49868,Intuit@!123,KVOSS
icpprf_acnt49869,Intuit@!123,GINSL
icpprf_acnt49870,Intuit@!123,FHNXN
icpprf_acnt49871,Intuit@!123,UCNFP
icpprf_acnt49872,Intuit@!123,BVNHT
icpprf_acnt49873,Intuit@!123,NEMZR
icpprf_acnt49874,Intuit@!123,KJDRJ
icpprf_acnt49875,Intuit@!123,SRLPS
icpprf_acnt49876,Intuit@!123,FPODS
icpprf_acnt49877,Intuit@!123,JGYKJ
icpprf_acnt49878,Intuit@!123,MXAPV
icpprf_acnt49879,Intuit@!123,MDMGS
icpprf_acnt49880,Intuit@!123,UTNJU
icpprf_acnt49881,Intuit@!123,PIEEI
icpprf_acnt49882,Intuit@!123,PLQFI
icpprf_acnt49883,Intuit@!123,SQHEX
icpprf_acnt49884,Intuit@!123,HHBXO
icpprf_acnt49885,Intuit@!123,MPXPP
icpprf_acnt49886,Intuit@!123,PGMLQ
icpprf_acnt49887,Intuit@!123,KXTDV
icpprf_acnt49888,Intuit@!123,CRDZR
icpprf_acnt49889,Intuit@!123,YUEZL
icpprf_acnt49890,Intuit@!123,JCBSB
icpprf_acnt49891,Intuit@!123,NXYUP
icpprf_acnt49892,Intuit@!123,MPHXN
icpprf_acnt49893,Intuit@!123,ACEIN
icpprf_acnt49894,Intuit@!123,ATQFV
icpprf_acnt49895,Intuit@!123,GTSIZ
icpprf_acnt49896,Intuit@!123,GXNLI
icpprf_acnt49897,Intuit@!123,QWQEE
icpprf_acnt49898,Intuit@!123,QYXBG
icpprf_acnt49899,Intuit@!123,MXIDK
icpprf_acnt49900,Intuit@!123,DQHEK
icpprf_acnt49901,Intuit@!123,PEQYW
icpprf_acnt49902,Intuit@!123,CMLFY
icpprf_acnt49903,Intuit@!123,RJYNC
icpprf_acnt49904,Intuit@!123,LQZPT
icpprf_acnt49905,Intuit@!123,DCXFZ
icpprf_acnt49906,Intuit@!123,DVPGT
icpprf_acnt49907,Intuit@!123,NNVYA
icpprf_acnt49908,Intuit@!123,WBVAR
icpprf_acnt49909,Intuit@!123,PSOQJ
icpprf_acnt49910,Intuit@!123,MLMZT
icpprf_acnt49911,Intuit@!123,VTPDN
icpprf_acnt49912,Intuit@!123,RZXKN
icpprf_acnt49913,Intuit@!123,XWELM
icpprf_acnt49914,Intuit@!123,GOVBB
icpprf_acnt49915,Intuit@!123,VBORP
icpprf_acnt49916,Intuit@!123,LEOTD
icpprf_acnt49917,Intuit@!123,FTGWC
icpprf_acnt49918,Intuit@!123,URXJS
icpprf_acnt49919,Intuit@!123,TDGYP
icpprf_acnt49920,Intuit@!123,DYKJM
icpprf_acnt49921,Intuit@!123,OSJIH
icpprf_acnt49922,Intuit@!123,ADVDB
icpprf_acnt49923,Intuit@!123,ATFWL
icpprf_acnt49924,Intuit@!123,EHJJQ
icpprf_acnt49925,Intuit@!123,VORXL
icpprf_acnt49926,Intuit@!123,IKPFZ
icpprf_acnt49927,Intuit@!123,FKQWF
icpprf_acnt49928,Intuit@!123,TYAFL
icpprf_acnt49929,Intuit@!123,JVZMX
icpprf_acnt49930,Intuit@!123,CDJTE
icpprf_acnt49931,Intuit@!123,XFPPI
icpprf_acnt49932,Intuit@!123,WLUPI
icpprf_acnt49933,Intuit@!123,CJTIX
icpprf_acnt49934,Intuit@!123,RDGJU
icpprf_acnt49935,Intuit@!123,NQNWM
icpprf_acnt49936,Intuit@!123,QZUPN
icpprf_acnt49937,Intuit@!123,DVVGR
icpprf_acnt49938,Intuit@!123,UTFAP
icpprf_acnt49939,Intuit@!123,BWVHL
icpprf_acnt49940,Intuit@!123,NLKKO
icpprf_acnt49941,Intuit@!123,QIOMA
icpprf_acnt49942,Intuit@!123,SOLTD
icpprf_acnt49943,Intuit@!123,ELKSD
icpprf_acnt49944,Intuit@!123,ORQYO
icpprf_acnt49945,Intuit@!123,HSXUZ
icpprf_acnt49946,Intuit@!123,RLTRF
icpprf_acnt49947,Intuit@!123,LNATV
icpprf_acnt49948,Intuit@!123,PQQMW
icpprf_acnt49949,Intuit@!123,PMAUH
icpprf_acnt49950,Intuit@!123,JJZLW
icpprf_acnt49951,Intuit@!123,OAURE
icpprf_acnt49952,Intuit@!123,CGQGY
icpprf_acnt49953,Intuit@!123,JCNYS
icpprf_acnt49954,Intuit@!123,WROEV
icpprf_acnt49955,Intuit@!123,NEWEV
icpprf_acnt49956,Intuit@!123,TVORF
icpprf_acnt49957,Intuit@!123,QYTPS
icpprf_acnt49958,Intuit@!123,CEEQR
icpprf_acnt49959,Intuit@!123,IYNZM
icpprf_acnt49960,Intuit@!123,AECKA
icpprf_acnt49961,Intuit@!123,TRUEV
icpprf_acnt49962,Intuit@!123,ALUDL
icpprf_acnt49963,Intuit@!123,UWWEQ
icpprf_acnt49964,Intuit@!123,IFTCB
icpprf_acnt49965,Intuit@!123,NPZCU
icpprf_acnt49966,Intuit@!123,GVUQV
icpprf_acnt49967,Intuit@!123,SWQCW
icpprf_acnt49968,Intuit@!123,ECUAQ
icpprf_acnt49969,Intuit@!123,FAJIE
icpprf_acnt49970,Intuit@!123,RUJPE
icpprf_acnt49971,Intuit@!123,GEEWT
icpprf_acnt49972,Intuit@!123,WIDGZ
icpprf_acnt49973,Intuit@!123,JPMYX
icpprf_acnt49974,Intuit@!123,KQAQP
icpprf_acnt49975,Intuit@!123,QYGXX
icpprf_acnt49976,Intuit@!123,DBHPO
icpprf_acnt49977,Intuit@!123,JGKNL
icpprf_acnt49978,Intuit@!123,PUVHF
icpprf_acnt49979,Intuit@!123,FECCD
icpprf_acnt49980,Intuit@!123,MYVDZ
icpprf_acnt49981,Intuit@!123,EAQMW
icpprf_acnt49982,Intuit@!123,TCSGA
icpprf_acnt49983,Intuit@!123,QDFMP
icpprf_acnt49984,Intuit@!123,HGGMK
icpprf_acnt49985,Intuit@!123,QYGXX
icpprf_acnt49986,Intuit@!123,DBHPO
icpprf_acnt49987,Intuit@!123,JGKNL
icpprf_acnt49988,Intuit@!123,PUVHF
icpprf_acnt49989,Intuit@!123,FECCD
icpprf_acnt49990,Intuit@!123,MYVDZ
icpprf_acnt49991,Intuit@!123,EAQMW
icpprf_acnt49992,Intuit@!123,TCSGA
icpprf_acnt49993,Intuit@!123,QDFMP