icp_prod_iamtestpass_user_402,COAZ,Intuit@!123,
icp_prod_iamtestpass_user_403,OCAT,Intuit@!123,
icp_prod_iamtestpass_user_404,LMJN,Intuit@!123,
icp_prod_iamtestpass_user_405,OGBQ,Intuit@!123,
icp_prod_iamtestpass_user_406,DOKD,Intuit@!123,
icp_prod_iamtestpass_user_407,XXJI,Intuit@!123,
icp_prod_iamtestpass_user_408,ABRR,Intuit@!123,
icp_prod_iamtestpass_user_409,MYQE,Intuit@!123,
icp_prod_iamtestpass_user_410,TBLG,Intuit@!123,
icp_prod_iamtestpass_user_411,AGLJ,Intuit@!123,
icp_prod_iamtestpass_user_412,HTXA,Intuit@!123,
icp_prod_iamtestpass_user_413,AEXT,Intuit@!123,
icp_prod_iamtestpass_user_414,HMHF,Intuit@!123,
icp_prod_iamtestpass_user_415,USFG,Intuit@!123,
icp_prod_iamtestpass_user_416,CXOO,Intuit@!123,
icp_prod_iamtestpass_user_417,JZIW,Intuit@!123,
icp_prod_iamtestpass_user_418,UEJQ,Intuit@!123,
icp_prod_iamtestpass_user_419,ZGKV,Intuit@!123,
icp_prod_iamtestpass_user_420,SYRL,Intuit@!123,
icp_prod_iamtestpass_user_421,CJDY,Intuit@!123,
icp_prod_iamtestpass_user_422,SXTA,Intuit@!123,
icp_prod_iamtestpass_user_423,GLIP,Intuit@!123,
icp_prod_iamtestpass_user_424,KCIV,Intuit@!123,
icp_prod_iamtestpass_user_425,HKZO,Intuit@!123,
icp_prod_iamtestpass_user_426,NGOZ,Intuit@!123,
icp_prod_iamtestpass_user_427,CHLN,Intuit@!123,
icp_prod_iamtestpass_user_428,HXNZ,Intuit@!123,
icp_prod_iamtestpass_user_429,NTXN,Intuit@!123,
icp_prod_iamtestpass_user_430,IFSW,Intuit@!123,
icp_prod_iamtestpass_user_431,LOSM,Intuit@!123,
icp_prod_iamtestpass_user_432,KFAV,Intuit@!123,
icp_prod_iamtestpass_user_433,TGTH,Intuit@!123,
icp_prod_iamtestpass_user_434,WIQV,Intuit@!123,
icp_prod_iamtestpass_user_435,UDUP,Intuit@!123,
icp_prod_iamtestpass_user_436,QTJM,Intuit@!123,
icp_prod_iamtestpass_user_437,AMFJ,Intuit@!123,
icp_prod_iamtestpass_user_438,JILO,Intuit@!123,
icp_prod_iamtestpass_user_439,DKTI,Intuit@!123,
icp_prod_iamtestpass_user_440,UUHX,Intuit@!123,
icp_prod_iamtestpass_user_441,EUCD,Intuit@!123,
icp_prod_iamtestpass_user_442,LGOQ,Intuit@!123,
icp_prod_iamtestpass_user_443,PIPB,Intuit@!123,
icp_prod_iamtestpass_user_444,ECPF,Intuit@!123,
icp_prod_iamtestpass_user_445,FQGU,Intuit@!123,
icp_prod_iamtestpass_user_446,IMRA,Intuit@!123,
icp_prod_iamtestpass_user_447,RFUT,Intuit@!123,
icp_prod_iamtestpass_user_448,SXBZ,Intuit@!123,
icp_prod_iamtestpass_user_449,CRKO,Intuit@!123,
icp_prod_iamtestpass_user_450,PNPA,Intuit@!123,
icp_prod_iamtestpass_user_451,COIM,Intuit@!123,
icp_prod_iamtestpass_user_452,PTGR,Intuit@!123,
icp_prod_iamtestpass_user_453,UAAQ,Intuit@!123,
icp_prod_iamtestpass_user_454,AEYA,Intuit@!123,
icp_prod_iamtestpass_user_455,PUHW,Intuit@!123,
icp_prod_iamtestpass_user_456,QLFZ,Intuit@!123,
icp_prod_iamtestpass_user_457,JEXU,Intuit@!123,
icp_prod_iamtestpass_user_458,HDZG,Intuit@!123,
icp_prod_iamtestpass_user_459,UGES,Intuit@!123,
icp_prod_iamtestpass_user_460,PGCY,Intuit@!123,
icp_prod_iamtestpass_user_461,AHQW,Intuit@!123,
icp_prod_iamtestpass_user_462,YLAI,Intuit@!123,
icp_prod_iamtestpass_user_463,VNVL,Intuit@!123,
icp_prod_iamtestpass_user_464,ZEOJ,Intuit@!123,
icp_prod_iamtestpass_user_465,OKMS,Intuit@!123,
icp_prod_iamtestpass_user_466,KCYC,Intuit@!123,
icp_prod_iamtestpass_user_467,DMLK,Intuit@!123,
icp_prod_iamtestpass_user_468,JXRC,Intuit@!123,
icp_prod_iamtestpass_user_469,MGMU,Intuit@!123,
icp_prod_iamtestpass_user_470,GWRS,Intuit@!123,
icp_prod_iamtestpass_user_471,FBPA,Intuit@!123,
icp_prod_iamtestpass_user_472,ATUJ,Intuit@!123,
icp_prod_iamtestpass_user_473,VYMZ,Intuit@!123,
icp_prod_iamtestpass_user_474,GDRQ,Intuit@!123,
icp_prod_iamtestpass_user_475,BNDC,Intuit@!123,
icp_prod_iamtestpass_user_476,YAVD,Intuit@!123,
icp_prod_iamtestpass_user_477,CHMN,Intuit@!123,
icp_prod_iamtestpass_user_478,CZBL,Intuit@!123,
icp_prod_iamtestpass_user_479,KOAI,Intuit@!123,
icp_prod_iamtestpass_user_480,DJTA,Intuit@!123,
icp_prod_iamtestpass_user_481,CXLT,Intuit@!123,
icp_prod_iamtestpass_user_482,CSWU,Intuit@!123,
icp_prod_iamtestpass_user_483,GGMC,Intuit@!123,
icp_prod_iamtestpass_user_484,ZGVQ,Intuit@!123,
icp_prod_iamtestpass_user_485,OWOP,Intuit@!123,
icp_prod_iamtestpass_user_486,PWNC,Intuit@!123,
icp_prod_iamtestpass_user_487,SJMN,Intuit@!123,
icp_prod_iamtestpass_user_488,KAMY,Intuit@!123,
icp_prod_iamtestpass_user_489,ANMH,Intuit@!123,
icp_prod_iamtestpass_user_490,WFRI,Intuit@!123,
icp_prod_iamtestpass_user_491,XAIX,Intuit@!123,
icp_prod_iamtestpass_user_492,TBTL,Intuit@!123,
icp_prod_iamtestpass_user_493,YJIT,Intuit@!123,
icp_prod_iamtestpass_user_494,BZPJ,Intuit@!123,
icp_prod_iamtestpass_user_495,VTUD,Intuit@!123,
icp_prod_iamtestpass_user_496,BHJM,Intuit@!123,
icp_prod_iamtestpass_user_497,QDDC,Intuit@!123,
icp_prod_iamtestpass_user_498,XSIK,Intuit@!123,
icp_prod_iamtestpass_user_499,NRNX,Intuit@!123,
icp_prod_iamtestpass_user_500,TWDP,Intuit@!123,
icp_prod_iamtestpass_user_501,KARO,Intuit@!123,
icp_prod_iamtestpass_user_502,KRYO,Intuit@!123,
icp_prod_iamtestpass_user_503,ZZQR,Intuit@!123,
icp_prod_iamtestpass_user_504,OSLZ,Intuit@!123,
icp_prod_iamtestpass_user_505,LLIB,Intuit@!123,
icp_prod_iamtestpass_user_506,MQRQ,Intuit@!123,
icp_prod_iamtestpass_user_507,NGGY,Intuit@!123,
icp_prod_iamtestpass_user_508,UELD,Intuit@!123,
icp_prod_iamtestpass_user_509,VHIL,Intuit@!123,
icp_prod_iamtestpass_user_510,OQYM,Intuit@!123,
icp_prod_iamtestpass_user_511,POEK,Intuit@!123,
icp_prod_iamtestpass_user_512,UTCE,Intuit@!123,
icp_prod_iamtestpass_user_513,JWKU,Intuit@!123,
icp_prod_iamtestpass_user_514,RZUP,Intuit@!123,
icp_prod_iamtestpass_user_515,OZVZ,Intuit@!123,
icp_prod_iamtestpass_user_516,ZETT,Intuit@!123,
icp_prod_iamtestpass_user_517,LUES,Intuit@!123,
icp_prod_iamtestpass_user_518,MJBJ,Intuit@!123,
icp_prod_iamtestpass_user_519,KZLU,Intuit@!123,
icp_prod_iamtestpass_user_520,QAGG,Intuit@!123,
icp_prod_iamtestpass_user_521,GYIN,Intuit@!123,
icp_prod_iamtestpass_user_522,JOBE,Intuit@!123,
icp_prod_iamtestpass_user_523,IRIM,Intuit@!123,
icp_prod_iamtestpass_user_524,MRAD,Intuit@!123,
icp_prod_iamtestpass_user_525,LNAA,Intuit@!123,
icp_prod_iamtestpass_user_526,PVLB,Intuit@!123,
icp_prod_iamtestpass_user_527,FUKJ,Intuit@!123,
icp_prod_iamtestpass_user_528,VYAN,Intuit@!123,
icp_prod_iamtestpass_user_529,TKZN,Intuit@!123,
icp_prod_iamtestpass_user_530,WIAB,Intuit@!123,
icp_prod_iamtestpass_user_531,ZATU,Intuit@!123,
icp_prod_iamtestpass_user_532,FSML,Intuit@!123,
icp_prod_iamtestpass_user_533,SGSA,Intuit@!123,
icp_prod_iamtestpass_user_534,ISJA,Intuit@!123,
icp_prod_iamtestpass_user_535,MPOG,Intuit@!123,
icp_prod_iamtestpass_user_536,KGOC,Intuit@!123,
icp_prod_iamtestpass_user_537,QQJY,Intuit@!123,
icp_prod_iamtestpass_user_538,XGIS,Intuit@!123,
icp_prod_iamtestpass_user_539,VKJT,Intuit@!123,
icp_prod_iamtestpass_user_540,JTSZ,Intuit@!123,
icp_prod_iamtestpass_user_541,KRYV,Intuit@!123,
icp_prod_iamtestpass_user_542,TDOH,Intuit@!123,
icp_prod_iamtestpass_user_543,QAZN,Intuit@!123,
icp_prod_iamtestpass_user_544,URAZ,Intuit@!123,
icp_prod_iamtestpass_user_545,MHZP,Intuit@!123,
icp_prod_iamtestpass_user_546,QTJX,Intuit@!123,
icp_prod_iamtestpass_user_547,ARDA,Intuit@!123,
icp_prod_iamtestpass_user_548,GMLQ,Intuit@!123,
icp_prod_iamtestpass_user_549,BVEF,Intuit@!123,
icp_prod_iamtestpass_user_550,CYWX,Intuit@!123,
icp_prod_iamtestpass_user_551,KYFE,Intuit@!123,
icp_prod_iamtestpass_user_552,XEBK,Intuit@!123,
icp_prod_iamtestpass_user_553,WXIC,Intuit@!123,
icp_prod_iamtestpass_user_554,CJQB,Intuit@!123,
icp_prod_iamtestpass_user_555,BZXZ,Intuit@!123,
icp_prod_iamtestpass_user_556,EZUC,Intuit@!123,
icp_prod_iamtestpass_user_557,PZTX,Intuit@!123,
icp_prod_iamtestpass_user_558,CKTH,Intuit@!123,
icp_prod_iamtestpass_user_559,RIEZ,Intuit@!123,
icp_prod_iamtestpass_user_560,GWQZ,Intuit@!123,
icp_prod_iamtestpass_user_561,YMBC,Intuit@!123,
icp_prod_iamtestpass_user_562,SCHG,Intuit@!123,
icp_prod_iamtestpass_user_563,XCUE,Intuit@!123,
icp_prod_iamtestpass_user_564,UGYA,Intuit@!123,
icp_prod_iamtestpass_user_565,NIJL,Intuit@!123,
icp_prod_iamtestpass_user_566,YBQU,Intuit@!123,
icp_prod_iamtestpass_user_567,TPTB,Intuit@!123,
icp_prod_iamtestpass_user_568,KPMR,Intuit@!123,
icp_prod_iamtestpass_user_569,HUPI,Intuit@!123,
icp_prod_iamtestpass_user_570,YEPW,Intuit@!123,
icp_prod_iamtestpass_user_571,HGCU,Intuit@!123,
icp_prod_iamtestpass_user_572,PKPP,Intuit@!123,
icp_prod_iamtestpass_user_573,UONP,Intuit@!123,
icp_prod_iamtestpass_user_574,JAUP,Intuit@!123,
icp_prod_iamtestpass_user_575,DKFQ,Intuit@!123,
icp_prod_iamtestpass_user_576,OURJ,Intuit@!123,
icp_prod_iamtestpass_user_577,SIDX,Intuit@!123,
icp_prod_iamtestpass_user_578,RBES,Intuit@!123,
icp_prod_iamtestpass_user_579,TIZA,Intuit@!123,
icp_prod_iamtestpass_user_580,MJLG,Intuit@!123,
icp_prod_iamtestpass_user_581,QNRD,Intuit@!123,
icp_prod_iamtestpass_user_582,ICBW,Intuit@!123,
icp_prod_iamtestpass_user_583,IDGE,Intuit@!123,
icp_prod_iamtestpass_user_584,MZUM,Intuit@!123,
icp_prod_iamtestpass_user_585,AHEZ,Intuit@!123,
icp_prod_iamtestpass_user_586,VGJC,Intuit@!123,
icp_prod_iamtestpass_user_587,EHTA,Intuit@!123,
icp_prod_iamtestpass_user_588,FBTF,Intuit@!123,
icp_prod_iamtestpass_user_589,AHLI,Intuit@!123,
icp_prod_iamtestpass_user_590,GYFB,Intuit@!123,
icp_prod_iamtestpass_user_591,FRXK,Intuit@!123,
icp_prod_iamtestpass_user_592,CWVT,Intuit@!123,
icp_prod_iamtestpass_user_593,WVZC,Intuit@!123,
icp_prod_iamtestpass_user_594,PHGQ,Intuit@!123,
icp_prod_iamtestpass_user_595,AOOT,Intuit@!123,
icp_prod_iamtestpass_user_596,WTCJ,Intuit@!123,
icp_prod_iamtestpass_user_597,QCEZ,Intuit@!123,
icp_prod_iamtestpass_user_598,HWJK,Intuit@!123,
icp_prod_iamtestpass_user_599,ICIG,Intuit@!123,
icp_prod_iamtestpass_user_600,NFRC,Intuit@!123,
icp_prod_iamtestpass_user_601,XBIL,Intuit@!123,
icp_prod_iamtestpass_user_602,NJFB,Intuit@!123,
icp_prod_iamtestpass_user_603,DJEV,Intuit@!123,
icp_prod_iamtestpass_user_604,MKAT,Intuit@!123,
icp_prod_iamtestpass_user_605,MWTL,Intuit@!123,
icp_prod_iamtestpass_user_606,UAHC,Intuit@!123,
icp_prod_iamtestpass_user_607,PXID,Intuit@!123,
icp_prod_iamtestpass_user_608,EIQZ,Intuit@!123,
icp_prod_iamtestpass_user_609,ESVT,Intuit@!123,
icp_prod_iamtestpass_user_610,LUVD,Intuit@!123,
icp_prod_iamtestpass_user_611,NKQP,Intuit@!123,
icp_prod_iamtestpass_user_612,ENDW,Intuit@!123,
icp_prod_iamtestpass_user_613,HQEK,Intuit@!123,
icp_prod_iamtestpass_user_614,DHHF,Intuit@!123,
icp_prod_iamtestpass_user_615,IKGS,Intuit@!123,
icp_prod_iamtestpass_user_616,HYZY,Intuit@!123,
icp_prod_iamtestpass_user_617,AQBL,Intuit@!123,
icp_prod_iamtestpass_user_618,QUIZ,Intuit@!123,
icp_prod_iamtestpass_user_619,MILK,Intuit@!123,
icp_prod_iamtestpass_user_620,CLPC,Intuit@!123,
icp_prod_iamtestpass_user_621,VMIJ,Intuit@!123,
icp_prod_iamtestpass_user_622,ELDS,Intuit@!123,
icp_prod_iamtestpass_user_623,RWSO,Intuit@!123,
icp_prod_iamtestpass_user_624,RKLW,Intuit@!123,
icp_prod_iamtestpass_user_625,ZNDD,Intuit@!123,
icp_prod_iamtestpass_user_626,FAVK,Intuit@!123,
icp_prod_iamtestpass_user_627,FBOD,Intuit@!123,
icp_prod_iamtestpass_user_628,IXOA,Intuit@!123,
icp_prod_iamtestpass_user_629,QWZV,Intuit@!123,
icp_prod_iamtestpass_user_630,KPQI,Intuit@!123,
icp_prod_iamtestpass_user_631,LPET,Intuit@!123,
icp_prod_iamtestpass_user_632,EMUB,Intuit@!123,
icp_prod_iamtestpass_user_633,FOQK,Intuit@!123,
icp_prod_iamtestpass_user_634,MQUN,Intuit@!123,
icp_prod_iamtestpass_user_635,FQEA,Intuit@!123,
icp_prod_iamtestpass_user_636,AEYZ,Intuit@!123,
icp_prod_iamtestpass_user_637,PCEX,Intuit@!123,
icp_prod_iamtestpass_user_638,FWBM,Intuit@!123,
icp_prod_iamtestpass_user_639,JZZE,Intuit@!123,
icp_prod_iamtestpass_user_640,LFRK,Intuit@!123,
icp_prod_iamtestpass_user_641,LTAO,Intuit@!123,
icp_prod_iamtestpass_user_642,CYMX,Intuit@!123,
icp_prod_iamtestpass_user_643,SHDF,Intuit@!123,
icp_prod_iamtestpass_user_644,UZHS,Intuit@!123,
icp_prod_iamtestpass_user_645,JLEO,Intuit@!123,
icp_prod_iamtestpass_user_646,IHKH,Intuit@!123,
icp_prod_iamtestpass_user_647,AKAG,Intuit@!123,
icp_prod_iamtestpass_user_648,WURC,Intuit@!123,
icp_prod_iamtestpass_user_649,FCAN,Intuit@!123,
icp_prod_iamtestpass_user_650,FCWO,Intuit@!123,
icp_prod_iamtestpass_user_651,LRLB,Intuit@!123,
icp_prod_iamtestpass_user_652,EQTY,Intuit@!123,
icp_prod_iamtestpass_user_653,LQKG,Intuit@!123,
icp_prod_iamtestpass_user_654,SFIX,Intuit@!123,
icp_prod_iamtestpass_user_655,EOBL,Intuit@!123,
icp_prod_iamtestpass_user_656,PZZA,Intuit@!123,
icp_prod_iamtestpass_user_657,VLID,Intuit@!123,
icp_prod_iamtestpass_user_658,MEUZ,Intuit@!123,
icp_prod_iamtestpass_user_659,LOPI,Intuit@!123,
icp_prod_iamtestpass_user_660,PJJP,Intuit@!123,
icp_prod_iamtestpass_user_661,TGAW,Intuit@!123,
icp_prod_iamtestpass_user_662,SMHH,Intuit@!123,
icp_prod_iamtestpass_user_663,AAPB,Intuit@!123,
icp_prod_iamtestpass_user_664,HZQX,Intuit@!123,
icp_prod_iamtestpass_user_665,HRXT,Intuit@!123,
icp_prod_iamtestpass_user_666,XAPX,Intuit@!123,
icp_prod_iamtestpass_user_667,LKTT,Intuit@!123,
icp_prod_iamtestpass_user_668,YUPE,Intuit@!123,
icp_prod_iamtestpass_user_669,ZPOG,Intuit@!123,
icp_prod_iamtestpass_user_670,RUME,Intuit@!123,
icp_prod_iamtestpass_user_671,PWIA,Intuit@!123,
icp_prod_iamtestpass_user_672,NLQZ,Intuit@!123,
icp_prod_iamtestpass_user_673,VFUR,Intuit@!123,
icp_prod_iamtestpass_user_674,ZYVV,Intuit@!123,
icp_prod_iamtestpass_user_675,USTD,Intuit@!123,
icp_prod_iamtestpass_user_676,SREZ,Intuit@!123,
icp_prod_iamtestpass_user_677,EFNX,Intuit@!123,
icp_prod_iamtestpass_user_678,XHCZ,Intuit@!123,
icp_prod_iamtestpass_user_679,LIGK,Intuit@!123,
icp_prod_iamtestpass_user_680,GKUF,Intuit@!123,
icp_prod_iamtestpass_user_681,GNWP,Intuit@!123,
icp_prod_iamtestpass_user_682,SSTF,Intuit@!123,
icp_prod_iamtestpass_user_683,NVYI,Intuit@!123,
icp_prod_iamtestpass_user_684,YVMY,Intuit@!123,
icp_prod_iamtestpass_user_685,DXGD,Intuit@!123,
icp_prod_iamtestpass_user_686,QHJF,Intuit@!123,
icp_prod_iamtestpass_user_687,HDUV,Intuit@!123,
icp_prod_iamtestpass_user_688,UEOO,Intuit@!123,
icp_prod_iamtestpass_user_689,OMTK,Intuit@!123,
icp_prod_iamtestpass_user_690,PMFR,Intuit@!123,
icp_prod_iamtestpass_user_691,HWGI,Intuit@!123,
icp_prod_iamtestpass_user_692,JDBK,Intuit@!123,
icp_prod_iamtestpass_user_693,RERC,Intuit@!123,
icp_prod_iamtestpass_user_694,BRKH,Intuit@!123,
icp_prod_iamtestpass_user_695,LJUN,Intuit@!123,
icp_prod_iamtestpass_user_696,IUDO,Intuit@!123,
icp_prod_iamtestpass_user_697,XUSS,Intuit@!123,
icp_prod_iamtestpass_user_698,LVUC,Intuit@!123,
icp_prod_iamtestpass_user_699,HLZR,Intuit@!123,
icp_prod_iamtestpass_user_700,GBUD,Intuit@!123,
icp_prod_iamtestpass_user_701,ELGX,Intuit@!123,
icp_prod_iamtestpass_user_702,OFQJ,Intuit@!123,
icp_prod_iamtestpass_user_703,KOUK,Intuit@!123,
icp_prod_iamtestpass_user_704,YECJ,Intuit@!123,
icp_prod_iamtestpass_user_705,TFPE,Intuit@!123,
icp_prod_iamtestpass_user_706,TUMI,Intuit@!123,
icp_prod_iamtestpass_user_707,WBVR,Intuit@!123,
icp_prod_iamtestpass_user_708,DOYT,Intuit@!123,
icp_prod_iamtestpass_user_709,HETN,Intuit@!123,
icp_prod_iamtestpass_user_710,ICXF,Intuit@!123,
icp_prod_iamtestpass_user_711,HAVE,Intuit@!123,
icp_prod_iamtestpass_user_712,HVLC,Intuit@!123,
icp_prod_iamtestpass_user_713,ZHXB,Intuit@!123,
icp_prod_iamtestpass_user_714,IDUR,Intuit@!123,
icp_prod_iamtestpass_user_715,PDVO,Intuit@!123,
icp_prod_iamtestpass_user_716,KKDD,Intuit@!123,
icp_prod_iamtestpass_user_717,ABDY,Intuit@!123,
icp_prod_iamtestpass_user_718,EDFK,Intuit@!123,
icp_prod_iamtestpass_user_719,JFUF,Intuit@!123,
icp_prod_iamtestpass_user_720,JZHL,Intuit@!123,
icp_prod_iamtestpass_user_721,SPLK,Intuit@!123,
icp_prod_iamtestpass_user_722,HLXG,Intuit@!123,
icp_prod_iamtestpass_user_723,UDVY,Intuit@!123,
icp_prod_iamtestpass_user_724,KISB,Intuit@!123,
icp_prod_iamtestpass_user_725,JOPP,Intuit@!123,
icp_prod_iamtestpass_user_726,HGKC,Intuit@!123,
icp_prod_iamtestpass_user_727,DKJJ,Intuit@!123,
icp_prod_iamtestpass_user_728,OMIO,Intuit@!123,
icp_prod_iamtestpass_user_729,UCPV,Intuit@!123,
icp_prod_iamtestpass_user_730,EEKP,Intuit@!123,
icp_prod_iamtestpass_user_731,FKLN,Intuit@!123,
icp_prod_iamtestpass_user_732,ZVPI,Intuit@!123,
icp_prod_iamtestpass_user_733,MCSH,Intuit@!123,
icp_prod_iamtestpass_user_734,UZGF,Intuit@!123,
icp_prod_iamtestpass_user_735,RFKN,Intuit@!123,
icp_prod_iamtestpass_user_736,DFOU,Intuit@!123,
icp_prod_iamtestpass_user_737,OETG,Intuit@!123,
icp_prod_iamtestpass_user_738,DMNP,Intuit@!123,
icp_prod_iamtestpass_user_739,VRVI,Intuit@!123,
icp_prod_iamtestpass_user_740,WDGR,Intuit@!123,
icp_prod_iamtestpass_user_741,QNRN,Intuit@!123,
icp_prod_iamtestpass_user_742,SBDR,Intuit@!123,
icp_prod_iamtestpass_user_743,XRNE,Intuit@!123,
icp_prod_iamtestpass_user_744,CXWN,Intuit@!123,
icp_prod_iamtestpass_user_745,XELN,Intuit@!123,
icp_prod_iamtestpass_user_746,PKZH,Intuit@!123,
icp_prod_iamtestpass_user_747,JUDT,Intuit@!123,
icp_prod_iamtestpass_user_748,BJKV,Intuit@!123,
icp_prod_iamtestpass_user_749,WFAW,Intuit@!123,
icp_prod_iamtestpass_user_750,SHVY,Intuit@!123,
icp_prod_iamtestpass_user_751,KXHH,Intuit@!123,
icp_prod_iamtestpass_user_752,MQXW,Intuit@!123,
icp_prod_iamtestpass_user_753,REPK,Intuit@!123,
icp_prod_iamtestpass_user_754,TRCM,Intuit@!123,
icp_prod_iamtestpass_user_755,ZAPZ,Intuit@!123,
icp_prod_iamtestpass_user_756,RHGC,Intuit@!123,
icp_prod_iamtestpass_user_757,JOHM,Intuit@!123,
icp_prod_iamtestpass_user_758,KYJK,Intuit@!123,
icp_prod_iamtestpass_user_759,MHAP,Intuit@!123,
icp_prod_iamtestpass_user_760,XMOC,Intuit@!123,
icp_prod_iamtestpass_user_761,AINU,Intuit@!123,
icp_prod_iamtestpass_user_762,WWAI,Intuit@!123,
icp_prod_iamtestpass_user_763,MKFU,Intuit@!123,
icp_prod_iamtestpass_user_764,YZSM,Intuit@!123,
icp_prod_iamtestpass_user_765,IAQB,Intuit@!123,
icp_prod_iamtestpass_user_766,KVEE,Intuit@!123,
icp_prod_iamtestpass_user_767,LQOH,Intuit@!123,
icp_prod_iamtestpass_user_768,OYTG,Intuit@!123,
icp_prod_iamtestpass_user_769,GBNX,Intuit@!123,
icp_prod_iamtestpass_user_770,BZQL,Intuit@!123,
icp_prod_iamtestpass_user_771,YSWY,Intuit@!123,
icp_prod_iamtestpass_user_772,AEJI,Intuit@!123,
icp_prod_iamtestpass_user_773,CYZA,Intuit@!123,
icp_prod_iamtestpass_user_774,YTII,Intuit@!123,
icp_prod_iamtestpass_user_775,WJGV,Intuit@!123,
icp_prod_iamtestpass_user_776,EYHD,Intuit@!123,
icp_prod_iamtestpass_user_777,GMVY,Intuit@!123,
icp_prod_iamtestpass_user_778,IKTU,Intuit@!123,
icp_prod_iamtestpass_user_779,WWKM,Intuit@!123,
icp_prod_iamtestpass_user_780,WMCZ,Intuit@!123,
icp_prod_iamtestpass_user_781,GEBZ,Intuit@!123,
icp_prod_iamtestpass_user_782,ATRJ,Intuit@!123,
icp_prod_iamtestpass_user_783,EILU,Intuit@!123,
icp_prod_iamtestpass_user_784,YMYM,Intuit@!123,
icp_prod_iamtestpass_user_785,ZOPY,Intuit@!123,
icp_prod_iamtestpass_user_786,NFBC,Intuit@!123,
icp_prod_iamtestpass_user_787,GVDW,Intuit@!123,
icp_prod_iamtestpass_user_788,QMRZ,Intuit@!123,
icp_prod_iamtestpass_user_789,YDFU,Intuit@!123,
icp_prod_iamtestpass_user_790,UXIM,Intuit@!123,
icp_prod_iamtestpass_user_791,SPCD,Intuit@!123,
icp_prod_iamtestpass_user_792,KCGH,Intuit@!123,
icp_prod_iamtestpass_user_793,SAIF,Intuit@!123,
icp_prod_iamtestpass_user_794,DFJS,Intuit@!123,
icp_prod_iamtestpass_user_795,GMCD,Intuit@!123,
icp_prod_iamtestpass_user_796,BQWA,Intuit@!123,
icp_prod_iamtestpass_user_797,PBFG,Intuit@!123,
icp_prod_iamtestpass_user_798,GKTS,Intuit@!123,
icp_prod_iamtestpass_user_799,ZBRP,Intuit@!123,
icp_prod_iamtestpass_user_800,MZBW,Intuit@!123,