icp_prod_iamtestpass_guest_2,ANPR,Intuit@!123,
icp_prod_iamtestpass_guest_3,FEAC,Intuit@!123,
icp_prod_iamtestpass_guest_4,NVFQ,Intuit@!123,
icp_prod_iamtestpass_guest_5,NJEY,Intuit@!123,
icp_prod_iamtestpass_guest_6,JMPL,Intuit@!123,
icp_prod_iamtestpass_guest_7,DDXJ,Intuit@!123,
icp_prod_iamtestpass_guest_8,POOG,Intuit@!123,
icp_prod_iamtestpass_guest_9,CASU,Intuit@!123,
icp_prod_iamtestpass_guest_10,GRCY,Intuit@!123,
icp_prod_iamtestpass_guest_11,FLBN,Intuit@!123,
icp_prod_iamtestpass_guest_12,YDDR,Intuit@!123,
icp_prod_iamtestpass_guest_13,OVDI,Intuit@!123,
icp_prod_iamtestpass_guest_14,BOGH,Intuit@!123,
icp_prod_iamtestpass_guest_15,HPKG,Intuit@!123,
icp_prod_iamtestpass_guest_16,KSNF,Intuit@!123,
icp_prod_iamtestpass_guest_17,FCKE,Intuit@!123,
icp_prod_iamtestpass_guest_18,IVRL,Intuit@!123,
icp_prod_iamtestpass_guest_19,DGTM,Intuit@!123,
icp_prod_iamtestpass_guest_20,DPTI,Intuit@!123,
icp_prod_iamtestpass_guest_21,SARV,Intuit@!123,
icp_prod_iamtestpass_guest_22,BKBL,Intuit@!123,
icp_prod_iamtestpass_guest_23,CDAL,Intuit@!123,
icp_prod_iamtestpass_guest_24,QYWB,Intuit@!123,
icp_prod_iamtestpass_guest_25,ADFC,Intuit@!123,
icp_prod_iamtestpass_guest_26,JHAZ,Intuit@!123,
icp_prod_iamtestpass_guest_27,KCOD,Intuit@!123,
icp_prod_iamtestpass_guest_28,KITA,Intuit@!123,
icp_prod_iamtestpass_guest_29,DHCK,Intuit@!123,
icp_prod_iamtestpass_guest_30,GEHP,Intuit@!123,
icp_prod_iamtestpass_guest_31,YGZB,Intuit@!123,
icp_prod_iamtestpass_guest_32,ROZJ,Intuit@!123,
icp_prod_iamtestpass_guest_33,RMZJ,Intuit@!123,
icp_prod_iamtestpass_guest_34,PAON,Intuit@!123,
icp_prod_iamtestpass_guest_35,ZKWX,Intuit@!123,
icp_prod_iamtestpass_guest_36,IREF,Intuit@!123,
icp_prod_iamtestpass_guest_37,IKOJ,Intuit@!123,
icp_prod_iamtestpass_guest_38,GZGG,Intuit@!123,
icp_prod_iamtestpass_guest_39,UATR,Intuit@!123,
icp_prod_iamtestpass_guest_40,SYGG,Intuit@!123,
icp_prod_iamtestpass_guest_41,YFJX,Intuit@!123,
icp_prod_iamtestpass_guest_42,ESOP,Intuit@!123,
icp_prod_iamtestpass_guest_43,ENIM,Intuit@!123,
icp_prod_iamtestpass_guest_44,GPLZ,Intuit@!123,
icp_prod_iamtestpass_guest_45,BRQX,Intuit@!123,
icp_prod_iamtestpass_guest_46,XWEO,Intuit@!123,
icp_prod_iamtestpass_guest_47,JITM,Intuit@!123,
icp_prod_iamtestpass_guest_48,ZRLQ,Intuit@!123,
icp_prod_iamtestpass_guest_49,TLLV,Intuit@!123,
icp_prod_iamtestpass_guest_50,DYZA,Intuit@!123,
icp_prod_iamtestpass_guest_51,WVJL,Intuit@!123,
icp_prod_iamtestpass_guest_52,DKVT,Intuit@!123,
icp_prod_iamtestpass_guest_53,UEBM,Intuit@!123,
icp_prod_iamtestpass_guest_54,QKTV,Intuit@!123,
icp_prod_iamtestpass_guest_55,QMXU,Intuit@!123,
icp_prod_iamtestpass_guest_56,UEOI,Intuit@!123,
icp_prod_iamtestpass_guest_57,JKBS,Intuit@!123,
icp_prod_iamtestpass_guest_58,VCYG,Intuit@!123,
icp_prod_iamtestpass_guest_59,ETTB,Intuit@!123,
icp_prod_iamtestpass_guest_60,GWAL,Intuit@!123,
icp_prod_iamtestpass_guest_61,VRGR,Intuit@!123,
icp_prod_iamtestpass_guest_62,BFVY,Intuit@!123,
icp_prod_iamtestpass_guest_63,IIES,Intuit@!123,
icp_prod_iamtestpass_guest_64,DOCY,Intuit@!123,
icp_prod_iamtestpass_guest_65,SFAS,Intuit@!123,
icp_prod_iamtestpass_guest_66,POBJ,Intuit@!123,
icp_prod_iamtestpass_guest_67,GCPQ,Intuit@!123,
icp_prod_iamtestpass_guest_68,EIHG,Intuit@!123,
icp_prod_iamtestpass_guest_69,UGLZ,Intuit@!123,
icp_prod_iamtestpass_guest_70,IZWP,Intuit@!123,
icp_prod_iamtestpass_guest_71,OORM,Intuit@!123,
icp_prod_iamtestpass_guest_72,NYUY,Intuit@!123,
icp_prod_iamtestpass_guest_73,VYRG,Intuit@!123,
icp_prod_iamtestpass_guest_74,ZTRA,Intuit@!123,
icp_prod_iamtestpass_guest_75,CPLW,Intuit@!123,
icp_prod_iamtestpass_guest_76,ANXE,Intuit@!123,
icp_prod_iamtestpass_guest_77,QLNG,Intuit@!123,
icp_prod_iamtestpass_guest_78,SGOZ,Intuit@!123,
icp_prod_iamtestpass_guest_79,LZXF,Intuit@!123,
icp_prod_iamtestpass_guest_80,BVZD,Intuit@!123,
icp_prod_iamtestpass_guest_81,MTXW,Intuit@!123,
icp_prod_iamtestpass_guest_82,JJVE,Intuit@!123,
icp_prod_iamtestpass_guest_83,NZCQ,Intuit@!123,
icp_prod_iamtestpass_guest_84,BTYR,Intuit@!123,
icp_prod_iamtestpass_guest_85,FBUT,Intuit@!123,
icp_prod_iamtestpass_guest_86,UKXS,Intuit@!123,
icp_prod_iamtestpass_guest_87,AILJ,Intuit@!123,
icp_prod_iamtestpass_guest_88,ROAJ,Intuit@!123,
icp_prod_iamtestpass_guest_89,PAEE,Intuit@!123,
icp_prod_iamtestpass_guest_90,TUHO,Intuit@!123,
icp_prod_iamtestpass_guest_91,KKEH,Intuit@!123,
icp_prod_iamtestpass_guest_92,NHCS,Intuit@!123,
icp_prod_iamtestpass_guest_93,OMFI,Intuit@!123,
icp_prod_iamtestpass_guest_94,BWWI,Intuit@!123,
icp_prod_iamtestpass_guest_95,NKZK,Intuit@!123,
icp_prod_iamtestpass_guest_96,PQWF,Intuit@!123,
icp_prod_iamtestpass_guest_97,DCSX,Intuit@!123,
icp_prod_iamtestpass_guest_98,UTYW,Intuit@!123,
icp_prod_iamtestpass_guest_99,KDID,Intuit@!123,
icp_prod_iamtestpass_guest_100,KIEO,Intuit@!123,
icp_prod_iamtestpass_guest_101,NXVU,Intuit@!123,
icp_prod_iamtestpass_guest_102,LVPB,Intuit@!123,
icp_prod_iamtestpass_guest_103,VIIJ,Intuit@!123,
icp_prod_iamtestpass_guest_104,UKBE,Intuit@!123,
icp_prod_iamtestpass_guest_105,KWUJ,Intuit@!123,
icp_prod_iamtestpass_guest_106,FWOL,Intuit@!123,
icp_prod_iamtestpass_guest_107,KBDE,Intuit@!123,
icp_prod_iamtestpass_guest_108,XPGD,Intuit@!123,
icp_prod_iamtestpass_guest_109,DADC,Intuit@!123,
icp_prod_iamtestpass_guest_110,WELT,Intuit@!123,
icp_prod_iamtestpass_guest_111,HTKL,Intuit@!123,
icp_prod_iamtestpass_guest_112,SKHI,Intuit@!123,
icp_prod_iamtestpass_guest_113,PTUY,Intuit@!123,
icp_prod_iamtestpass_guest_114,IEDH,Intuit@!123,
icp_prod_iamtestpass_guest_115,HGSN,Intuit@!123,
icp_prod_iamtestpass_guest_116,IOMQ,Intuit@!123,
icp_prod_iamtestpass_guest_117,EIQQ,Intuit@!123,
icp_prod_iamtestpass_guest_118,QOJC,Intuit@!123,
icp_prod_iamtestpass_guest_119,BQTL,Intuit@!123,
icp_prod_iamtestpass_guest_120,WOIC,Intuit@!123,
icp_prod_iamtestpass_guest_121,JTDT,Intuit@!123,
icp_prod_iamtestpass_guest_122,YZOI,Intuit@!123,
icp_prod_iamtestpass_guest_123,IGMW,Intuit@!123,
icp_prod_iamtestpass_guest_124,ZYOC,Intuit@!123,
icp_prod_iamtestpass_guest_125,DGCP,Intuit@!123,
icp_prod_iamtestpass_guest_126,SAJU,Intuit@!123,
icp_prod_iamtestpass_guest_127,HSCM,Intuit@!123,
icp_prod_iamtestpass_guest_128,HFHL,Intuit@!123,
icp_prod_iamtestpass_guest_129,QLFJ,Intuit@!123,
icp_prod_iamtestpass_guest_130,TDWG,Intuit@!123,
icp_prod_iamtestpass_guest_131,OFTS,Intuit@!123,
icp_prod_iamtestpass_guest_132,BQTB,Intuit@!123,
icp_prod_iamtestpass_guest_133,BOOR,Intuit@!123,
icp_prod_iamtestpass_guest_134,AEWU,Intuit@!123,
icp_prod_iamtestpass_guest_135,RWCD,Intuit@!123,
icp_prod_iamtestpass_guest_136,HFFH,Intuit@!123,
icp_prod_iamtestpass_guest_137,XXCP,Intuit@!123,
icp_prod_iamtestpass_guest_138,VJMV,Intuit@!123,
icp_prod_iamtestpass_guest_139,LRFR,Intuit@!123,
icp_prod_iamtestpass_guest_140,FCLN,Intuit@!123,
icp_prod_iamtestpass_guest_141,XINH,Intuit@!123,
icp_prod_iamtestpass_guest_142,EAZC,Intuit@!123,
icp_prod_iamtestpass_guest_143,KXQW,Intuit@!123,
icp_prod_iamtestpass_guest_144,NOUF,Intuit@!123,
icp_prod_iamtestpass_guest_145,ATKC,Intuit@!123,
icp_prod_iamtestpass_guest_146,QSQP,Intuit@!123,
icp_prod_iamtestpass_guest_147,XJEW,Intuit@!123,
icp_prod_iamtestpass_guest_148,HSYL,Intuit@!123,
icp_prod_iamtestpass_guest_149,AGTC,Intuit@!123,
icp_prod_iamtestpass_guest_150,FTQJ,Intuit@!123,
icp_prod_iamtestpass_guest_151,BPSW,Intuit@!123,
icp_prod_iamtestpass_guest_152,LIIL,Intuit@!123,
icp_prod_iamtestpass_guest_153,PKVZ,Intuit@!123,
icp_prod_iamtestpass_guest_154,LHOC,Intuit@!123,
icp_prod_iamtestpass_guest_155,YKKJ,Intuit@!123,
icp_prod_iamtestpass_guest_156,BKSE,Intuit@!123,
icp_prod_iamtestpass_guest_157,KNDO,Intuit@!123,
icp_prod_iamtestpass_guest_158,ZMGW,Intuit@!123,
icp_prod_iamtestpass_guest_159,VCAV,Intuit@!123,
icp_prod_iamtestpass_guest_160,IXFH,Intuit@!123,
icp_prod_iamtestpass_guest_161,ZHRT,Intuit@!123,
icp_prod_iamtestpass_guest_162,BEGN,Intuit@!123,
icp_prod_iamtestpass_guest_163,RZLN,Intuit@!123,
icp_prod_iamtestpass_guest_164,GVUM,Intuit@!123,
icp_prod_iamtestpass_guest_165,ICRC,Intuit@!123,
icp_prod_iamtestpass_guest_166,OUQS,Intuit@!123,
icp_prod_iamtestpass_guest_167,KCTG,Intuit@!123,
icp_prod_iamtestpass_guest_168,CUWN,Intuit@!123,
icp_prod_iamtestpass_guest_169,TIFL,Intuit@!123,
icp_prod_iamtestpass_guest_170,AOIK,Intuit@!123,
icp_prod_iamtestpass_guest_171,EBBU,Intuit@!123,
icp_prod_iamtestpass_guest_172,QSBA,Intuit@!123,
icp_prod_iamtestpass_guest_173,AJEU,Intuit@!123,
icp_prod_iamtestpass_guest_174,YCLL,Intuit@!123,
icp_prod_iamtestpass_guest_175,OTGE,Intuit@!123,
icp_prod_iamtestpass_guest_176,QLMS,Intuit@!123,
icp_prod_iamtestpass_guest_177,SOET,Intuit@!123,
icp_prod_iamtestpass_guest_178,SYFM,Intuit@!123,
icp_prod_iamtestpass_guest_179,MYEF,Intuit@!123,
icp_prod_iamtestpass_guest_180,ULAY,Intuit@!123,
icp_prod_iamtestpass_guest_181,PUTQ,Intuit@!123,
icp_prod_iamtestpass_guest_182,ENPB,Intuit@!123,
icp_prod_iamtestpass_guest_183,NSYI,Intuit@!123,
icp_prod_iamtestpass_guest_184,ITRS,Intuit@!123,
icp_prod_iamtestpass_guest_185,GIFT,Intuit@!123,
icp_prod_iamtestpass_guest_186,VORR,Intuit@!123,
icp_prod_iamtestpass_guest_187,JDQA,Intuit@!123,
icp_prod_iamtestpass_guest_188,WMRK,Intuit@!123,
icp_prod_iamtestpass_guest_189,DNBV,Intuit@!123,
icp_prod_iamtestpass_guest_190,IJWO,Intuit@!123,
icp_prod_iamtestpass_guest_191,KCUZ,Intuit@!123,
icp_prod_iamtestpass_guest_192,FSLT,Intuit@!123,
icp_prod_iamtestpass_guest_193,BJCU,Intuit@!123,
icp_prod_iamtestpass_guest_194,HZBA,Intuit@!123,
icp_prod_iamtestpass_guest_195,LFBL,Intuit@!123,
icp_prod_iamtestpass_guest_196,QIYP,Intuit@!123,
icp_prod_iamtestpass_guest_197,CGRT,Intuit@!123,
icp_prod_iamtestpass_guest_198,DCHU,Intuit@!123,
icp_prod_iamtestpass_guest_199,HRGQ,Intuit@!123,
icp_prod_iamtestpass_guest_200,YEBB,Intuit@!123,
icp_prod_iamtestpass_guest_201,YYBL,Intuit@!123,
icp_prod_iamtestpass_guest_202,PZHY,Intuit@!123,
icp_prod_iamtestpass_guest_203,JCRQ,Intuit@!123,
icp_prod_iamtestpass_guest_204,KITH,Intuit@!123,
icp_prod_iamtestpass_guest_205,NHVI,Intuit@!123,
icp_prod_iamtestpass_guest_206,BYST,Intuit@!123,
icp_prod_iamtestpass_guest_207,JIZG,Intuit@!123,
icp_prod_iamtestpass_guest_208,KCGQ,Intuit@!123,
icp_prod_iamtestpass_guest_209,ZMPL,Intuit@!123,
icp_prod_iamtestpass_guest_210,GWKK,Intuit@!123,
icp_prod_iamtestpass_guest_211,LFYO,Intuit@!123,
icp_prod_iamtestpass_guest_212,DJBS,Intuit@!123,
icp_prod_iamtestpass_guest_213,XNZE,Intuit@!123,
icp_prod_iamtestpass_guest_214,XZJO,Intuit@!123,
icp_prod_iamtestpass_guest_215,UFTU,Intuit@!123,
icp_prod_iamtestpass_guest_216,AXRD,Intuit@!123,
icp_prod_iamtestpass_guest_217,FBMR,Intuit@!123,
icp_prod_iamtestpass_guest_218,FXRS,Intuit@!123,
icp_prod_iamtestpass_guest_219,IIIS,Intuit@!123,
icp_prod_iamtestpass_guest_220,WAIW,Intuit@!123,
icp_prod_iamtestpass_guest_221,ILQP,Intuit@!123,
icp_prod_iamtestpass_guest_222,CBAD,Intuit@!123,
icp_prod_iamtestpass_guest_223,NHBJ,Intuit@!123,
icp_prod_iamtestpass_guest_224,FNIF,Intuit@!123,
icp_prod_iamtestpass_guest_225,VQJB,Intuit@!123,
icp_prod_iamtestpass_guest_226,DUMG,Intuit@!123,
icp_prod_iamtestpass_guest_227,YAVV,Intuit@!123,
icp_prod_iamtestpass_guest_228,DDDP,Intuit@!123,
icp_prod_iamtestpass_guest_229,RLNF,Intuit@!123,
icp_prod_iamtestpass_guest_230,PRIQ,Intuit@!123,
icp_prod_iamtestpass_guest_231,NBCA,Intuit@!123,
icp_prod_iamtestpass_guest_232,AFWO,Intuit@!123,
icp_prod_iamtestpass_guest_233,GUAF,Intuit@!123,
icp_prod_iamtestpass_guest_234,WIRY,Intuit@!123,
icp_prod_iamtestpass_guest_235,ZWYA,Intuit@!123,
icp_prod_iamtestpass_guest_236,APXJ,Intuit@!123,
icp_prod_iamtestpass_guest_237,VNDA,Intuit@!123,
icp_prod_iamtestpass_guest_238,HRMQ,Intuit@!123,
icp_prod_iamtestpass_guest_239,SHMD,Intuit@!123,
icp_prod_iamtestpass_guest_240,LLCJ,Intuit@!123,
icp_prod_iamtestpass_guest_241,OMWS,Intuit@!123,
icp_prod_iamtestpass_guest_242,VWHD,Intuit@!123,
icp_prod_iamtestpass_guest_243,OQWV,Intuit@!123,
icp_prod_iamtestpass_guest_244,JYEA,Intuit@!123,
icp_prod_iamtestpass_guest_245,MTQH,Intuit@!123,
icp_prod_iamtestpass_guest_246,MLAX,Intuit@!123,
icp_prod_iamtestpass_guest_247,FRUU,Intuit@!123,
icp_prod_iamtestpass_guest_248,UIUG,Intuit@!123,
icp_prod_iamtestpass_guest_249,NTOX,Intuit@!123,
icp_prod_iamtestpass_guest_250,DOFX,Intuit@!123,
icp_prod_iamtestpass_guest_251,BLJM,Intuit@!123,
icp_prod_iamtestpass_guest_252,XNFH,Intuit@!123,
icp_prod_iamtestpass_guest_253,UHBD,Intuit@!123,
icp_prod_iamtestpass_guest_254,LUTZ,Intuit@!123,
icp_prod_iamtestpass_guest_255,ATZZ,Intuit@!123,
icp_prod_iamtestpass_guest_256,DRWU,Intuit@!123,
icp_prod_iamtestpass_guest_257,JONB,Intuit@!123,
icp_prod_iamtestpass_guest_258,NBBO,Intuit@!123,
icp_prod_iamtestpass_guest_259,ZIQG,Intuit@!123,
icp_prod_iamtestpass_guest_260,KHOC,Intuit@!123,
icp_prod_iamtestpass_guest_261,CPOT,Intuit@!123,
icp_prod_iamtestpass_guest_262,CEGP,Intuit@!123,
icp_prod_iamtestpass_guest_263,KOAH,Intuit@!123,
icp_prod_iamtestpass_guest_264,AUAV,Intuit@!123,
icp_prod_iamtestpass_guest_265,HFTB,Intuit@!123,
icp_prod_iamtestpass_guest_266,NAQH,Intuit@!123,
icp_prod_iamtestpass_guest_267,STDB,Intuit@!123,
icp_prod_iamtestpass_guest_268,URJV,Intuit@!123,
icp_prod_iamtestpass_guest_269,VILB,Intuit@!123,
icp_prod_iamtestpass_guest_270,AQDG,Intuit@!123,
icp_prod_iamtestpass_guest_271,RWVU,Intuit@!123,
icp_prod_iamtestpass_guest_272,LAJY,Intuit@!123,
icp_prod_iamtestpass_guest_273,WCPI,Intuit@!123,
icp_prod_iamtestpass_guest_274,WGNF,Intuit@!123,
icp_prod_iamtestpass_guest_275,HWMU,Intuit@!123,
icp_prod_iamtestpass_guest_276,VVVL,Intuit@!123,
icp_prod_iamtestpass_guest_277,RZNK,Intuit@!123,
icp_prod_iamtestpass_guest_278,DEMJ,Intuit@!123,
icp_prod_iamtestpass_guest_279,CHAM,Intuit@!123,
icp_prod_iamtestpass_guest_280,XLXT,Intuit@!123,
icp_prod_iamtestpass_guest_281,YVRY,Intuit@!123,
icp_prod_iamtestpass_guest_282,ENCA,Intuit@!123,
icp_prod_iamtestpass_guest_283,QCZI,Intuit@!123,
icp_prod_iamtestpass_guest_284,PRZK,Intuit@!123,
icp_prod_iamtestpass_guest_285,MLVP,Intuit@!123,
icp_prod_iamtestpass_guest_286,YSZZ,Intuit@!123,
icp_prod_iamtestpass_guest_287,BKPB,Intuit@!123,
icp_prod_iamtestpass_guest_288,JMEP,Intuit@!123,
icp_prod_iamtestpass_guest_289,FLOJ,Intuit@!123,
icp_prod_iamtestpass_guest_290,QMQR,Intuit@!123,
icp_prod_iamtestpass_guest_291,XYLG,Intuit@!123,
icp_prod_iamtestpass_guest_292,EAQH,Intuit@!123,
icp_prod_iamtestpass_guest_293,IQAH,Intuit@!123,
icp_prod_iamtestpass_guest_294,HRHT,Intuit@!123,
icp_prod_iamtestpass_guest_295,EXGX,Intuit@!123,
icp_prod_iamtestpass_guest_296,SEAL,Intuit@!123,
icp_prod_iamtestpass_guest_297,IRTK,Intuit@!123,
icp_prod_iamtestpass_guest_298,CZIO,Intuit@!123,
icp_prod_iamtestpass_guest_299,NZGW,Intuit@!123,
icp_prod_iamtestpass_guest_300,RGFS,Intuit@!123,
icp_prod_iamtestpass_guest_301,QZIE,Intuit@!123,
icp_prod_iamtestpass_guest_302,OVZV,Intuit@!123,
icp_prod_iamtestpass_guest_303,IDHE,Intuit@!123,
icp_prod_iamtestpass_guest_304,JRBC,Intuit@!123,
icp_prod_iamtestpass_guest_305,RCCW,Intuit@!123,
icp_prod_iamtestpass_guest_306,YBCR,Intuit@!123,
icp_prod_iamtestpass_guest_307,FEEX,Intuit@!123,
icp_prod_iamtestpass_guest_308,ULYQ,Intuit@!123,
icp_prod_iamtestpass_guest_309,EKSN,Intuit@!123,
icp_prod_iamtestpass_guest_310,RPIN,Intuit@!123,
icp_prod_iamtestpass_guest_311,CBOT,Intuit@!123,
icp_prod_iamtestpass_guest_312,TUEK,Intuit@!123,
icp_prod_iamtestpass_guest_313,QEBX,Intuit@!123,
icp_prod_iamtestpass_guest_314,YSKP,Intuit@!123,
icp_prod_iamtestpass_guest_315,OETG,Intuit@!123,
icp_prod_iamtestpass_guest_316,CYOZ,Intuit@!123,
icp_prod_iamtestpass_guest_317,YIBZ,Intuit@!123,
icp_prod_iamtestpass_guest_318,CSVH,Intuit@!123,
icp_prod_iamtestpass_guest_319,GPNK,Intuit@!123,
icp_prod_iamtestpass_guest_320,AZNE,Intuit@!123,
icp_prod_iamtestpass_guest_321,MBSG,Intuit@!123,
icp_prod_iamtestpass_guest_322,BHAO,Intuit@!123,
icp_prod_iamtestpass_guest_323,CGOQ,Intuit@!123,
icp_prod_iamtestpass_guest_324,RXVW,Intuit@!123,
icp_prod_iamtestpass_guest_325,RGQS,Intuit@!123,
icp_prod_iamtestpass_guest_326,OQSL,Intuit@!123,
icp_prod_iamtestpass_guest_327,CMHE,Intuit@!123,
icp_prod_iamtestpass_guest_328,MXFD,Intuit@!123,
icp_prod_iamtestpass_guest_329,YPZO,Intuit@!123,
icp_prod_iamtestpass_guest_330,BPTX,Intuit@!123,
icp_prod_iamtestpass_guest_331,FGAO,Intuit@!123,
icp_prod_iamtestpass_guest_332,GIQM,Intuit@!123,
icp_prod_iamtestpass_guest_333,UYUL,Intuit@!123,
icp_prod_iamtestpass_guest_334,GVUM,Intuit@!123,
icp_prod_iamtestpass_guest_335,OXCF,Intuit@!123,
icp_prod_iamtestpass_guest_336,XWCL,Intuit@!123,
icp_prod_iamtestpass_guest_337,XTLU,Intuit@!123,
icp_prod_iamtestpass_guest_338,XEHD,Intuit@!123,
icp_prod_iamtestpass_guest_339,IIKZ,Intuit@!123,
icp_prod_iamtestpass_guest_340,BFFY,Intuit@!123,
icp_prod_iamtestpass_guest_341,HUNC,Intuit@!123,
icp_prod_iamtestpass_guest_342,PXWM,Intuit@!123,
icp_prod_iamtestpass_guest_343,IPMD,Intuit@!123,
icp_prod_iamtestpass_guest_344,WCXV,Intuit@!123,
icp_prod_iamtestpass_guest_345,DFXA,Intuit@!123,
icp_prod_iamtestpass_guest_346,BBIB,Intuit@!123,
icp_prod_iamtestpass_guest_347,GDYL,Intuit@!123,
icp_prod_iamtestpass_guest_348,MLXK,Intuit@!123,
icp_prod_iamtestpass_guest_349,KQAV,Intuit@!123,
icp_prod_iamtestpass_guest_350,AWMU,Intuit@!123,
icp_prod_iamtestpass_guest_351,RBCV,Intuit@!123,
icp_prod_iamtestpass_guest_352,SRRZ,Intuit@!123,
icp_prod_iamtestpass_guest_353,GCDH,Intuit@!123,
icp_prod_iamtestpass_guest_354,EDIS,Intuit@!123,
icp_prod_iamtestpass_guest_355,AOIJ,Intuit@!123,
icp_prod_iamtestpass_guest_356,AJSQ,Intuit@!123,
icp_prod_iamtestpass_guest_357,VOGQ,Intuit@!123,
icp_prod_iamtestpass_guest_358,AABL,Intuit@!123,
icp_prod_iamtestpass_guest_359,JZUN,Intuit@!123,
icp_prod_iamtestpass_guest_360,EFLZ,Intuit@!123,
icp_prod_iamtestpass_guest_361,UIHH,Intuit@!123,
icp_prod_iamtestpass_guest_362,RWVR,Intuit@!123,
icp_prod_iamtestpass_guest_363,HXSP,Intuit@!123,
icp_prod_iamtestpass_guest_364,NKWA,Intuit@!123,
icp_prod_iamtestpass_guest_365,JUNJ,Intuit@!123,
icp_prod_iamtestpass_guest_366,FCPD,Intuit@!123,
icp_prod_iamtestpass_guest_367,WQFV,Intuit@!123,
icp_prod_iamtestpass_guest_368,YHMU,Intuit@!123,
icp_prod_iamtestpass_guest_369,TRQM,Intuit@!123,
icp_prod_iamtestpass_guest_370,ZWQG,Intuit@!123,
icp_prod_iamtestpass_guest_371,XODV,Intuit@!123,
icp_prod_iamtestpass_guest_372,MQIR,Intuit@!123,
icp_prod_iamtestpass_guest_373,IUCP,Intuit@!123,
icp_prod_iamtestpass_guest_374,XFPY,Intuit@!123,
icp_prod_iamtestpass_guest_375,FVDT,Intuit@!123,
icp_prod_iamtestpass_guest_376,QCBP,Intuit@!123,
icp_prod_iamtestpass_guest_377,ZFZC,Intuit@!123,
icp_prod_iamtestpass_guest_378,MULH,Intuit@!123,
icp_prod_iamtestpass_guest_379,KMDP,Intuit@!123,
icp_prod_iamtestpass_guest_380,FSHC,Intuit@!123,
icp_prod_iamtestpass_guest_381,BRGT,Intuit@!123,
icp_prod_iamtestpass_guest_382,EGHP,Intuit@!123,
icp_prod_iamtestpass_guest_383,AXNP,Intuit@!123,
icp_prod_iamtestpass_guest_384,BMGU,Intuit@!123,
icp_prod_iamtestpass_guest_385,HLYD,Intuit@!123,
icp_prod_iamtestpass_guest_386,CSUB,Intuit@!123,
icp_prod_iamtestpass_guest_387,SYBE,Intuit@!123,
icp_prod_iamtestpass_guest_388,MMRI,Intuit@!123,
icp_prod_iamtestpass_guest_389,YYOG,Intuit@!123,
icp_prod_iamtestpass_guest_390,OJJT,Intuit@!123,
icp_prod_iamtestpass_guest_391,PVXE,Intuit@!123,
icp_prod_iamtestpass_guest_392,GHYV,Intuit@!123,
icp_prod_iamtestpass_guest_393,YVYU,Intuit@!123,
icp_prod_iamtestpass_guest_394,TJNS,Intuit@!123,
icp_prod_iamtestpass_guest_395,PAWD,Intuit@!123,
icp_prod_iamtestpass_guest_396,VEQL,Intuit@!123,
icp_prod_iamtestpass_guest_397,YZHV,Intuit@!123,
icp_prod_iamtestpass_guest_398,ZTSO,Intuit@!123,
icp_prod_iamtestpass_guest_399,WRFI,Intuit@!123,
icp_prod_iamtestpass_guest_400,LJEC,Intuit@!123,
icp_prod_iamtestpass_guest_401,SEOU,Intuit@!123,
icp_prod_iamtestpass_guest_402,COAZ,Intuit@!123,
icp_prod_iamtestpass_guest_403,OCAT,Intuit@!123,
icp_prod_iamtestpass_guest_404,LMJN,Intuit@!123,
icp_prod_iamtestpass_guest_405,OGBQ,Intuit@!123,
icp_prod_iamtestpass_guest_406,DOKD,Intuit@!123,
icp_prod_iamtestpass_guest_407,XXJI,Intuit@!123,
icp_prod_iamtestpass_guest_408,ABRR,Intuit@!123,
icp_prod_iamtestpass_guest_409,MYQE,Intuit@!123,
icp_prod_iamtestpass_guest_410,TBLG,Intuit@!123,
icp_prod_iamtestpass_guest_411,AGLJ,Intuit@!123,
icp_prod_iamtestpass_guest_412,HTXA,Intuit@!123,
icp_prod_iamtestpass_guest_413,AEXT,Intuit@!123,
icp_prod_iamtestpass_guest_414,HMHF,Intuit@!123,
icp_prod_iamtestpass_guest_415,USFG,Intuit@!123,
icp_prod_iamtestpass_guest_416,CXOO,Intuit@!123,
icp_prod_iamtestpass_guest_417,JZIW,Intuit@!123,
icp_prod_iamtestpass_guest_418,UEJQ,Intuit@!123,
icp_prod_iamtestpass_guest_419,ZGKV,Intuit@!123,
icp_prod_iamtestpass_guest_420,SYRL,Intuit@!123,
icp_prod_iamtestpass_guest_421,CJDY,Intuit@!123,
icp_prod_iamtestpass_guest_422,SXTA,Intuit@!123,
icp_prod_iamtestpass_guest_423,GLIP,Intuit@!123,
icp_prod_iamtestpass_guest_424,KCIV,Intuit@!123,
icp_prod_iamtestpass_guest_425,HKZO,Intuit@!123,
icp_prod_iamtestpass_guest_426,NGOZ,Intuit@!123,
icp_prod_iamtestpass_guest_427,CHLN,Intuit@!123,
icp_prod_iamtestpass_guest_428,HXNZ,Intuit@!123,
icp_prod_iamtestpass_guest_429,NTXN,Intuit@!123,
icp_prod_iamtestpass_guest_430,IFSW,Intuit@!123,
icp_prod_iamtestpass_guest_431,LOSM,Intuit@!123,
icp_prod_iamtestpass_guest_432,KFAV,Intuit@!123,
icp_prod_iamtestpass_guest_433,TGTH,Intuit@!123,
icp_prod_iamtestpass_guest_434,WIQV,Intuit@!123,
icp_prod_iamtestpass_guest_435,UDUP,Intuit@!123,
icp_prod_iamtestpass_guest_436,QTJM,Intuit@!123,
icp_prod_iamtestpass_guest_437,AMFJ,Intuit@!123,
icp_prod_iamtestpass_guest_438,JILO,Intuit@!123,
icp_prod_iamtestpass_guest_439,DKTI,Intuit@!123,
icp_prod_iamtestpass_guest_440,UUHX,Intuit@!123,
icp_prod_iamtestpass_guest_441,EUCD,Intuit@!123,
icp_prod_iamtestpass_guest_442,LGOQ,Intuit@!123,
icp_prod_iamtestpass_guest_443,PIPB,Intuit@!123,
icp_prod_iamtestpass_guest_444,ECPF,Intuit@!123,
icp_prod_iamtestpass_guest_445,FQGU,Intuit@!123,
icp_prod_iamtestpass_guest_446,IMRA,Intuit@!123,
icp_prod_iamtestpass_guest_447,RFUT,Intuit@!123,
icp_prod_iamtestpass_guest_448,SXBZ,Intuit@!123,
icp_prod_iamtestpass_guest_449,CRKO,Intuit@!123,
icp_prod_iamtestpass_guest_450,PNPA,Intuit@!123,
icp_prod_iamtestpass_guest_451,COIM,Intuit@!123,
icp_prod_iamtestpass_guest_452,PTGR,Intuit@!123,
icp_prod_iamtestpass_guest_453,UAAQ,Intuit@!123,
icp_prod_iamtestpass_guest_454,AEYA,Intuit@!123,
icp_prod_iamtestpass_guest_455,PUHW,Intuit@!123,
icp_prod_iamtestpass_guest_456,QLFZ,Intuit@!123,
icp_prod_iamtestpass_guest_457,JEXU,Intuit@!123,
icp_prod_iamtestpass_guest_458,HDZG,Intuit@!123,
icp_prod_iamtestpass_guest_459,UGES,Intuit@!123,
icp_prod_iamtestpass_guest_460,PGCY,Intuit@!123,
icp_prod_iamtestpass_guest_461,AHQW,Intuit@!123,
icp_prod_iamtestpass_guest_462,YLAI,Intuit@!123,
icp_prod_iamtestpass_guest_463,VNVL,Intuit@!123,
icp_prod_iamtestpass_guest_464,ZEOJ,Intuit@!123,
icp_prod_iamtestpass_guest_465,OKMS,Intuit@!123,
icp_prod_iamtestpass_guest_466,KCYC,Intuit@!123,
icp_prod_iamtestpass_guest_467,DMLK,Intuit@!123,
icp_prod_iamtestpass_guest_468,JXRC,Intuit@!123,
icp_prod_iamtestpass_guest_469,MGMU,Intuit@!123,
icp_prod_iamtestpass_guest_470,GWRS,Intuit@!123,
icp_prod_iamtestpass_guest_471,FBPA,Intuit@!123,
icp_prod_iamtestpass_guest_472,ATUJ,Intuit@!123,
icp_prod_iamtestpass_guest_473,VYMZ,Intuit@!123,
icp_prod_iamtestpass_guest_474,GDRQ,Intuit@!123,
icp_prod_iamtestpass_guest_475,BNDC,Intuit@!123,
icp_prod_iamtestpass_guest_476,YAVD,Intuit@!123,
icp_prod_iamtestpass_guest_477,CHMN,Intuit@!123,
icp_prod_iamtestpass_guest_478,CZBL,Intuit@!123,
icp_prod_iamtestpass_guest_479,KOAI,Intuit@!123,
icp_prod_iamtestpass_guest_480,DJTA,Intuit@!123,
icp_prod_iamtestpass_guest_481,CXLT,Intuit@!123,
icp_prod_iamtestpass_guest_482,CSWU,Intuit@!123,
icp_prod_iamtestpass_guest_483,GGMC,Intuit@!123,
icp_prod_iamtestpass_guest_484,ZGVQ,Intuit@!123,
icp_prod_iamtestpass_guest_485,OWOP,Intuit@!123,
icp_prod_iamtestpass_guest_486,PWNC,Intuit@!123,
icp_prod_iamtestpass_guest_487,SJMN,Intuit@!123,
icp_prod_iamtestpass_guest_488,KAMY,Intuit@!123,
icp_prod_iamtestpass_guest_489,ANMH,Intuit@!123,
icp_prod_iamtestpass_guest_490,WFRI,Intuit@!123,
icp_prod_iamtestpass_guest_491,XAIX,Intuit@!123,
icp_prod_iamtestpass_guest_492,TBTL,Intuit@!123,
icp_prod_iamtestpass_guest_493,YJIT,Intuit@!123,
icp_prod_iamtestpass_guest_494,BZPJ,Intuit@!123,
icp_prod_iamtestpass_guest_495,VTUD,Intuit@!123,
icp_prod_iamtestpass_guest_496,BHJM,Intuit@!123,
icp_prod_iamtestpass_guest_497,QDDC,Intuit@!123,
icp_prod_iamtestpass_guest_498,XSIK,Intuit@!123,
icp_prod_iamtestpass_guest_499,NRNX,Intuit@!123,
icp_prod_iamtestpass_guest_500,TWDP,Intuit@!123,
icp_prod_iamtestpass_guest_501,KARO,Intuit@!123,