icp_prod_iamtestpass_user_2,ANPR,Intuit@!123,
icp_prod_iamtestpass_user_3,FEAC,Intuit@!123,
icp_prod_iamtestpass_user_4,NVFQ,Intuit@!123,
icp_prod_iamtestpass_user_5,NJEY,Intuit@!123,
icp_prod_iamtestpass_user_6,JMPL,Intuit@!123,
icp_prod_iamtestpass_user_7,DDXJ,Intuit@!123,
icp_prod_iamtestpass_user_8,POOG,Intuit@!123,
icp_prod_iamtestpass_user_9,CASU,Intuit@!123,
icp_prod_iamtestpass_user_10,GRCY,Intuit@!123,
icp_prod_iamtestpass_user_11,FLBN,Intuit@!123,
icp_prod_iamtestpass_user_12,YDDR,Intuit@!123,
icp_prod_iamtestpass_user_13,OVDI,Intuit@!123,
icp_prod_iamtestpass_user_14,BOGH,Intuit@!123,
icp_prod_iamtestpass_user_15,HPKG,Intuit@!123,
icp_prod_iamtestpass_user_16,KSNF,Intuit@!123,
icp_prod_iamtestpass_user_17,FCKE,Intuit@!123,
icp_prod_iamtestpass_user_18,IVRL,Intuit@!123,
icp_prod_iamtestpass_user_19,DGTM,Intuit@!123,
icp_prod_iamtestpass_user_20,DPTI,Intuit@!123,
icp_prod_iamtestpass_user_21,SARV,Intuit@!123,
icp_prod_iamtestpass_user_22,BKBL,Intuit@!123,
icp_prod_iamtestpass_user_23,CDAL,Intuit@!123,
icp_prod_iamtestpass_user_24,QYWB,Intuit@!123,
icp_prod_iamtestpass_user_25,ADFC,Intuit@!123,
icp_prod_iamtestpass_user_26,JHAZ,Intuit@!123,
icp_prod_iamtestpass_user_27,KCOD,Intuit@!123,
icp_prod_iamtestpass_user_28,KITA,Intuit@!123,
icp_prod_iamtestpass_user_29,DHCK,Intuit@!123,
icp_prod_iamtestpass_user_30,GEHP,Intuit@!123,
icp_prod_iamtestpass_user_31,YGZB,Intuit@!123,
icp_prod_iamtestpass_user_32,ROZJ,Intuit@!123,
icp_prod_iamtestpass_user_33,RMZJ,Intuit@!123,
icp_prod_iamtestpass_user_34,PAON,Intuit@!123,
icp_prod_iamtestpass_user_35,ZKWX,Intuit@!123,
icp_prod_iamtestpass_user_36,IREF,Intuit@!123,
icp_prod_iamtestpass_user_37,IKOJ,Intuit@!123,
icp_prod_iamtestpass_user_38,GZGG,Intuit@!123,
icp_prod_iamtestpass_user_39,UATR,Intuit@!123,
icp_prod_iamtestpass_user_40,SYGG,Intuit@!123,
icp_prod_iamtestpass_user_41,YFJX,Intuit@!123,
icp_prod_iamtestpass_user_42,ESOP,Intuit@!123,
icp_prod_iamtestpass_user_43,ENIM,Intuit@!123,
icp_prod_iamtestpass_user_44,GPLZ,Intuit@!123,
icp_prod_iamtestpass_user_45,BRQX,Intuit@!123,
icp_prod_iamtestpass_user_46,XWEO,Intuit@!123,
icp_prod_iamtestpass_user_47,JITM,Intuit@!123,
icp_prod_iamtestpass_user_48,ZRLQ,Intuit@!123,
icp_prod_iamtestpass_user_49,TLLV,Intuit@!123,
icp_prod_iamtestpass_user_50,DYZA,Intuit@!123,
icp_prod_iamtestpass_user_51,WVJL,Intuit@!123,
icp_prod_iamtestpass_user_52,DKVT,Intuit@!123,
icp_prod_iamtestpass_user_53,UEBM,Intuit@!123,
icp_prod_iamtestpass_user_54,QKTV,Intuit@!123,
icp_prod_iamtestpass_user_55,QMXU,Intuit@!123,
icp_prod_iamtestpass_user_56,UEOI,Intuit@!123,
icp_prod_iamtestpass_user_57,JKBS,Intuit@!123,
icp_prod_iamtestpass_user_58,VCYG,Intuit@!123,
icp_prod_iamtestpass_user_59,ETTB,Intuit@!123,
icp_prod_iamtestpass_user_60,GWAL,Intuit@!123,
icp_prod_iamtestpass_user_61,VRGR,Intuit@!123,
icp_prod_iamtestpass_user_62,BFVY,Intuit@!123,
icp_prod_iamtestpass_user_63,IIES,Intuit@!123,
icp_prod_iamtestpass_user_64,DOCY,Intuit@!123,
icp_prod_iamtestpass_user_65,SFAS,Intuit@!123,
icp_prod_iamtestpass_user_66,POBJ,Intuit@!123,
icp_prod_iamtestpass_user_67,GCPQ,Intuit@!123,
icp_prod_iamtestpass_user_68,EIHG,Intuit@!123,
icp_prod_iamtestpass_user_69,UGLZ,Intuit@!123,
icp_prod_iamtestpass_user_70,IZWP,Intuit@!123,
icp_prod_iamtestpass_user_71,OORM,Intuit@!123,
icp_prod_iamtestpass_user_72,NYUY,Intuit@!123,
icp_prod_iamtestpass_user_73,VYRG,Intuit@!123,
icp_prod_iamtestpass_user_74,ZTRA,Intuit@!123,
icp_prod_iamtestpass_user_75,CPLW,Intuit@!123,
icp_prod_iamtestpass_user_76,ANXE,Intuit@!123,
icp_prod_iamtestpass_user_77,QLNG,Intuit@!123,
icp_prod_iamtestpass_user_78,SGOZ,Intuit@!123,
icp_prod_iamtestpass_user_79,LZXF,Intuit@!123,
icp_prod_iamtestpass_user_80,BVZD,Intuit@!123,
icp_prod_iamtestpass_user_81,MTXW,Intuit@!123,
icp_prod_iamtestpass_user_82,JJVE,Intuit@!123,
icp_prod_iamtestpass_user_83,NZCQ,Intuit@!123,
icp_prod_iamtestpass_user_84,BTYR,Intuit@!123,
icp_prod_iamtestpass_user_85,FBUT,Intuit@!123,
icp_prod_iamtestpass_user_86,UKXS,Intuit@!123,
icp_prod_iamtestpass_user_87,AILJ,Intuit@!123,
icp_prod_iamtestpass_user_88,ROAJ,Intuit@!123,
icp_prod_iamtestpass_user_89,PAEE,Intuit@!123,
icp_prod_iamtestpass_user_90,TUHO,Intuit@!123,
icp_prod_iamtestpass_user_91,KKEH,Intuit@!123,
icp_prod_iamtestpass_user_92,NHCS,Intuit@!123,
icp_prod_iamtestpass_user_93,OMFI,Intuit@!123,
icp_prod_iamtestpass_user_94,BWWI,Intuit@!123,
icp_prod_iamtestpass_user_95,NKZK,Intuit@!123,
icp_prod_iamtestpass_user_96,PQWF,Intuit@!123,
icp_prod_iamtestpass_user_97,DCSX,Intuit@!123,
icp_prod_iamtestpass_user_98,UTYW,Intuit@!123,
icp_prod_iamtestpass_user_99,KDID,Intuit@!123,
icp_prod_iamtestpass_user_100,KIEO,Intuit@!123,
icp_prod_iamtestpass_user_101,NXVU,Intuit@!123,
icp_prod_iamtestpass_user_102,LVPB,Intuit@!123,
icp_prod_iamtestpass_user_103,VIIJ,Intuit@!123,
icp_prod_iamtestpass_user_104,UKBE,Intuit@!123,
icp_prod_iamtestpass_user_105,KWUJ,Intuit@!123,
icp_prod_iamtestpass_user_106,FWOL,Intuit@!123,
icp_prod_iamtestpass_user_107,KBDE,Intuit@!123,
icp_prod_iamtestpass_user_108,XPGD,Intuit@!123,
icp_prod_iamtestpass_user_109,DADC,Intuit@!123,
icp_prod_iamtestpass_user_110,WELT,Intuit@!123,
icp_prod_iamtestpass_user_111,HTKL,Intuit@!123,
icp_prod_iamtestpass_user_112,SKHI,Intuit@!123,
icp_prod_iamtestpass_user_113,PTUY,Intuit@!123,
icp_prod_iamtestpass_user_114,IEDH,Intuit@!123,
icp_prod_iamtestpass_user_115,HGSN,Intuit@!123,
icp_prod_iamtestpass_user_116,IOMQ,Intuit@!123,
icp_prod_iamtestpass_user_117,EIQQ,Intuit@!123,
icp_prod_iamtestpass_user_118,QOJC,Intuit@!123,
icp_prod_iamtestpass_user_119,BQTL,Intuit@!123,
icp_prod_iamtestpass_user_120,WOIC,Intuit@!123,
icp_prod_iamtestpass_user_121,JTDT,Intuit@!123,
icp_prod_iamtestpass_user_122,YZOI,Intuit@!123,
icp_prod_iamtestpass_user_123,IGMW,Intuit@!123,
icp_prod_iamtestpass_user_124,ZYOC,Intuit@!123,
icp_prod_iamtestpass_user_125,DGCP,Intuit@!123,
icp_prod_iamtestpass_user_126,SAJU,Intuit@!123,
icp_prod_iamtestpass_user_127,HSCM,Intuit@!123,
icp_prod_iamtestpass_user_128,HFHL,Intuit@!123,
icp_prod_iamtestpass_user_129,QLFJ,Intuit@!123,
icp_prod_iamtestpass_user_130,TDWG,Intuit@!123,
icp_prod_iamtestpass_user_131,OFTS,Intuit@!123,
icp_prod_iamtestpass_user_132,BQTB,Intuit@!123,
icp_prod_iamtestpass_user_133,BOOR,Intuit@!123,
icp_prod_iamtestpass_user_134,AEWU,Intuit@!123,
icp_prod_iamtestpass_user_135,RWCD,Intuit@!123,
icp_prod_iamtestpass_user_136,HFFH,Intuit@!123,
icp_prod_iamtestpass_user_137,XXCP,Intuit@!123,
icp_prod_iamtestpass_user_138,VJMV,Intuit@!123,
icp_prod_iamtestpass_user_139,LRFR,Intuit@!123,
icp_prod_iamtestpass_user_140,FCLN,Intuit@!123,
icp_prod_iamtestpass_user_141,XINH,Intuit@!123,
icp_prod_iamtestpass_user_142,EAZC,Intuit@!123,
icp_prod_iamtestpass_user_143,KXQW,Intuit@!123,
icp_prod_iamtestpass_user_144,NOUF,Intuit@!123,
icp_prod_iamtestpass_user_145,ATKC,Intuit@!123,
icp_prod_iamtestpass_user_146,QSQP,Intuit@!123,
icp_prod_iamtestpass_user_147,XJEW,Intuit@!123,
icp_prod_iamtestpass_user_148,HSYL,Intuit@!123,
icp_prod_iamtestpass_user_149,AGTC,Intuit@!123,
icp_prod_iamtestpass_user_150,FTQJ,Intuit@!123,
icp_prod_iamtestpass_user_151,BPSW,Intuit@!123,
icp_prod_iamtestpass_user_152,LIIL,Intuit@!123,
icp_prod_iamtestpass_user_153,PKVZ,Intuit@!123,
icp_prod_iamtestpass_user_154,LHOC,Intuit@!123,
icp_prod_iamtestpass_user_155,YKKJ,Intuit@!123,
icp_prod_iamtestpass_user_156,BKSE,Intuit@!123,
icp_prod_iamtestpass_user_157,KNDO,Intuit@!123,
icp_prod_iamtestpass_user_158,ZMGW,Intuit@!123,
icp_prod_iamtestpass_user_159,VCAV,Intuit@!123,
icp_prod_iamtestpass_user_160,IXFH,Intuit@!123,
icp_prod_iamtestpass_user_161,ZHRT,Intuit@!123,
icp_prod_iamtestpass_user_162,BEGN,Intuit@!123,
icp_prod_iamtestpass_user_163,RZLN,Intuit@!123,
icp_prod_iamtestpass_user_164,GVUM,Intuit@!123,
icp_prod_iamtestpass_user_165,ICRC,Intuit@!123,
icp_prod_iamtestpass_user_166,OUQS,Intuit@!123,
icp_prod_iamtestpass_user_167,KCTG,Intuit@!123,
icp_prod_iamtestpass_user_168,CUWN,Intuit@!123,
icp_prod_iamtestpass_user_169,TIFL,Intuit@!123,
icp_prod_iamtestpass_user_170,AOIK,Intuit@!123,
icp_prod_iamtestpass_user_171,EBBU,Intuit@!123,
icp_prod_iamtestpass_user_172,QSBA,Intuit@!123,
icp_prod_iamtestpass_user_173,AJEU,Intuit@!123,
icp_prod_iamtestpass_user_174,YCLL,Intuit@!123,
icp_prod_iamtestpass_user_175,OTGE,Intuit@!123,
icp_prod_iamtestpass_user_176,QLMS,Intuit@!123,
icp_prod_iamtestpass_user_177,SOET,Intuit@!123,
icp_prod_iamtestpass_user_178,SYFM,Intuit@!123,
icp_prod_iamtestpass_user_179,MYEF,Intuit@!123,
icp_prod_iamtestpass_user_180,ULAY,Intuit@!123,
icp_prod_iamtestpass_user_181,PUTQ,Intuit@!123,
icp_prod_iamtestpass_user_182,ENPB,Intuit@!123,
icp_prod_iamtestpass_user_183,NSYI,Intuit@!123,
icp_prod_iamtestpass_user_184,ITRS,Intuit@!123,
icp_prod_iamtestpass_user_185,GIFT,Intuit@!123,
icp_prod_iamtestpass_user_186,VORR,Intuit@!123,
icp_prod_iamtestpass_user_187,JDQA,Intuit@!123,
icp_prod_iamtestpass_user_188,WMRK,Intuit@!123,
icp_prod_iamtestpass_user_189,DNBV,Intuit@!123,
icp_prod_iamtestpass_user_190,IJWO,Intuit@!123,
icp_prod_iamtestpass_user_191,KCUZ,Intuit@!123,
icp_prod_iamtestpass_user_192,FSLT,Intuit@!123,
icp_prod_iamtestpass_user_193,BJCU,Intuit@!123,
icp_prod_iamtestpass_user_194,HZBA,Intuit@!123,
icp_prod_iamtestpass_user_195,LFBL,Intuit@!123,
icp_prod_iamtestpass_user_196,QIYP,Intuit@!123,
icp_prod_iamtestpass_user_197,CGRT,Intuit@!123,
icp_prod_iamtestpass_user_198,DCHU,Intuit@!123,
icp_prod_iamtestpass_user_199,HRGQ,Intuit@!123,
icp_prod_iamtestpass_user_200,YEBB,Intuit@!123,
icp_prod_iamtestpass_user_201,YYBL,Intuit@!123,
icp_prod_iamtestpass_user_202,PZHY,Intuit@!123,
icp_prod_iamtestpass_user_203,JCRQ,Intuit@!123,
icp_prod_iamtestpass_user_204,KITH,Intuit@!123,
icp_prod_iamtestpass_user_205,NHVI,Intuit@!123,
icp_prod_iamtestpass_user_206,BYST,Intuit@!123,
icp_prod_iamtestpass_user_207,JIZG,Intuit@!123,
icp_prod_iamtestpass_user_208,KCGQ,Intuit@!123,
icp_prod_iamtestpass_user_209,ZMPL,Intuit@!123,
icp_prod_iamtestpass_user_210,GWKK,Intuit@!123,
icp_prod_iamtestpass_user_211,LFYO,Intuit@!123,
icp_prod_iamtestpass_user_212,DJBS,Intuit@!123,
icp_prod_iamtestpass_user_213,XNZE,Intuit@!123,
icp_prod_iamtestpass_user_214,XZJO,Intuit@!123,
icp_prod_iamtestpass_user_215,UFTU,Intuit@!123,
icp_prod_iamtestpass_user_216,AXRD,Intuit@!123,
icp_prod_iamtestpass_user_217,FBMR,Intuit@!123,
icp_prod_iamtestpass_user_218,FXRS,Intuit@!123,
icp_prod_iamtestpass_user_219,IIIS,Intuit@!123,
icp_prod_iamtestpass_user_220,WAIW,Intuit@!123,
icp_prod_iamtestpass_user_221,ILQP,Intuit@!123,
icp_prod_iamtestpass_user_222,CBAD,Intuit@!123,
icp_prod_iamtestpass_user_223,NHBJ,Intuit@!123,
icp_prod_iamtestpass_user_224,FNIF,Intuit@!123,
icp_prod_iamtestpass_user_225,VQJB,Intuit@!123,
icp_prod_iamtestpass_user_226,DUMG,Intuit@!123,
icp_prod_iamtestpass_user_227,YAVV,Intuit@!123,
icp_prod_iamtestpass_user_228,DDDP,Intuit@!123,
icp_prod_iamtestpass_user_229,RLNF,Intuit@!123,
icp_prod_iamtestpass_user_230,PRIQ,Intuit@!123,
icp_prod_iamtestpass_user_231,NBCA,Intuit@!123,
icp_prod_iamtestpass_user_232,AFWO,Intuit@!123,
icp_prod_iamtestpass_user_233,GUAF,Intuit@!123,
icp_prod_iamtestpass_user_234,WIRY,Intuit@!123,
icp_prod_iamtestpass_user_235,ZWYA,Intuit@!123,
icp_prod_iamtestpass_user_236,APXJ,Intuit@!123,
icp_prod_iamtestpass_user_237,VNDA,Intuit@!123,
icp_prod_iamtestpass_user_238,HRMQ,Intuit@!123,
icp_prod_iamtestpass_user_239,SHMD,Intuit@!123,
icp_prod_iamtestpass_user_240,LLCJ,Intuit@!123,
icp_prod_iamtestpass_user_241,OMWS,Intuit@!123,
icp_prod_iamtestpass_user_242,VWHD,Intuit@!123,
icp_prod_iamtestpass_user_243,OQWV,Intuit@!123,
icp_prod_iamtestpass_user_244,JYEA,Intuit@!123,
icp_prod_iamtestpass_user_245,MTQH,Intuit@!123,
icp_prod_iamtestpass_user_246,MLAX,Intuit@!123,
icp_prod_iamtestpass_user_247,FRUU,Intuit@!123,
icp_prod_iamtestpass_user_248,UIUG,Intuit@!123,
icp_prod_iamtestpass_user_249,NTOX,Intuit@!123,
icp_prod_iamtestpass_user_250,DOFX,Intuit@!123,
icp_prod_iamtestpass_user_251,BLJM,Intuit@!123,
icp_prod_iamtestpass_user_252,XNFH,Intuit@!123,
icp_prod_iamtestpass_user_253,UHBD,Intuit@!123,
icp_prod_iamtestpass_user_254,LUTZ,Intuit@!123,
icp_prod_iamtestpass_user_255,ATZZ,Intuit@!123,
icp_prod_iamtestpass_user_256,DRWU,Intuit@!123,
icp_prod_iamtestpass_user_257,JONB,Intuit@!123,
icp_prod_iamtestpass_user_258,NBBO,Intuit@!123,
icp_prod_iamtestpass_user_259,ZIQG,Intuit@!123,
icp_prod_iamtestpass_user_260,KHOC,Intuit@!123,
icp_prod_iamtestpass_user_261,CPOT,Intuit@!123,
icp_prod_iamtestpass_user_262,CEGP,Intuit@!123,
icp_prod_iamtestpass_user_263,KOAH,Intuit@!123,
icp_prod_iamtestpass_user_264,AUAV,Intuit@!123,
icp_prod_iamtestpass_user_265,HFTB,Intuit@!123,
icp_prod_iamtestpass_user_266,NAQH,Intuit@!123,
icp_prod_iamtestpass_user_267,STDB,Intuit@!123,
icp_prod_iamtestpass_user_268,URJV,Intuit@!123,
icp_prod_iamtestpass_user_269,VILB,Intuit@!123,
icp_prod_iamtestpass_user_270,AQDG,Intuit@!123,
icp_prod_iamtestpass_user_271,RWVU,Intuit@!123,
icp_prod_iamtestpass_user_272,LAJY,Intuit@!123,
icp_prod_iamtestpass_user_273,WCPI,Intuit@!123,
icp_prod_iamtestpass_user_274,WGNF,Intuit@!123,
icp_prod_iamtestpass_user_275,HWMU,Intuit@!123,
icp_prod_iamtestpass_user_276,VVVL,Intuit@!123,
icp_prod_iamtestpass_user_277,RZNK,Intuit@!123,
icp_prod_iamtestpass_user_278,DEMJ,Intuit@!123,
icp_prod_iamtestpass_user_279,CHAM,Intuit@!123,
icp_prod_iamtestpass_user_280,XLXT,Intuit@!123,
icp_prod_iamtestpass_user_281,YVRY,Intuit@!123,
icp_prod_iamtestpass_user_282,ENCA,Intuit@!123,
icp_prod_iamtestpass_user_283,QCZI,Intuit@!123,
icp_prod_iamtestpass_user_284,PRZK,Intuit@!123,
icp_prod_iamtestpass_user_285,MLVP,Intuit@!123,
icp_prod_iamtestpass_user_286,YSZZ,Intuit@!123,
icp_prod_iamtestpass_user_287,BKPB,Intuit@!123,
icp_prod_iamtestpass_user_288,JMEP,Intuit@!123,
icp_prod_iamtestpass_user_289,FLOJ,Intuit@!123,
icp_prod_iamtestpass_user_290,QMQR,Intuit@!123,
icp_prod_iamtestpass_user_291,XYLG,Intuit@!123,
icp_prod_iamtestpass_user_292,EAQH,Intuit@!123,
icp_prod_iamtestpass_user_293,IQAH,Intuit@!123,
icp_prod_iamtestpass_user_294,HRHT,Intuit@!123,
icp_prod_iamtestpass_user_295,EXGX,Intuit@!123,
icp_prod_iamtestpass_user_296,SEAL,Intuit@!123,
icp_prod_iamtestpass_user_297,IRTK,Intuit@!123,
icp_prod_iamtestpass_user_298,CZIO,Intuit@!123,
icp_prod_iamtestpass_user_299,NZGW,Intuit@!123,
icp_prod_iamtestpass_user_300,RGFS,Intuit@!123,
icp_prod_iamtestpass_user_301,QZIE,Intuit@!123,
icp_prod_iamtestpass_user_302,OVZV,Intuit@!123,
icp_prod_iamtestpass_user_303,IDHE,Intuit@!123,
icp_prod_iamtestpass_user_304,JRBC,Intuit@!123,
icp_prod_iamtestpass_user_305,RCCW,Intuit@!123,
icp_prod_iamtestpass_user_306,YBCR,Intuit@!123,
icp_prod_iamtestpass_user_307,FEEX,Intuit@!123,
icp_prod_iamtestpass_user_308,ULYQ,Intuit@!123,
icp_prod_iamtestpass_user_309,EKSN,Intuit@!123,
icp_prod_iamtestpass_user_310,RPIN,Intuit@!123,
icp_prod_iamtestpass_user_311,CBOT,Intuit@!123,
icp_prod_iamtestpass_user_312,TUEK,Intuit@!123,
icp_prod_iamtestpass_user_313,QEBX,Intuit@!123,
icp_prod_iamtestpass_user_314,YSKP,Intuit@!123,
icp_prod_iamtestpass_user_315,OETG,Intuit@!123,
icp_prod_iamtestpass_user_316,CYOZ,Intuit@!123,
icp_prod_iamtestpass_user_317,YIBZ,Intuit@!123,
icp_prod_iamtestpass_user_318,CSVH,Intuit@!123,
icp_prod_iamtestpass_user_319,GPNK,Intuit@!123,
icp_prod_iamtestpass_user_320,AZNE,Intuit@!123,
icp_prod_iamtestpass_user_321,MBSG,Intuit@!123,
icp_prod_iamtestpass_user_322,BHAO,Intuit@!123,
icp_prod_iamtestpass_user_323,CGOQ,Intuit@!123,
icp_prod_iamtestpass_user_324,RXVW,Intuit@!123,
icp_prod_iamtestpass_user_325,RGQS,Intuit@!123,
icp_prod_iamtestpass_user_326,OQSL,Intuit@!123,
icp_prod_iamtestpass_user_327,CMHE,Intuit@!123,
icp_prod_iamtestpass_user_328,MXFD,Intuit@!123,
icp_prod_iamtestpass_user_329,YPZO,Intuit@!123,
icp_prod_iamtestpass_user_330,BPTX,Intuit@!123,
icp_prod_iamtestpass_user_331,FGAO,Intuit@!123,
icp_prod_iamtestpass_user_332,GIQM,Intuit@!123,
icp_prod_iamtestpass_user_333,UYUL,Intuit@!123,
icp_prod_iamtestpass_user_334,GVUM,Intuit@!123,
icp_prod_iamtestpass_user_335,OXCF,Intuit@!123,
icp_prod_iamtestpass_user_336,XWCL,Intuit@!123,
icp_prod_iamtestpass_user_337,XTLU,Intuit@!123,
icp_prod_iamtestpass_user_338,XEHD,Intuit@!123,
icp_prod_iamtestpass_user_339,IIKZ,Intuit@!123,
icp_prod_iamtestpass_user_340,BFFY,Intuit@!123,
icp_prod_iamtestpass_user_341,HUNC,Intuit@!123,
icp_prod_iamtestpass_user_342,PXWM,Intuit@!123,
icp_prod_iamtestpass_user_343,IPMD,Intuit@!123,
icp_prod_iamtestpass_user_344,WCXV,Intuit@!123,
icp_prod_iamtestpass_user_345,DFXA,Intuit@!123,
icp_prod_iamtestpass_user_346,BBIB,Intuit@!123,
icp_prod_iamtestpass_user_347,GDYL,Intuit@!123,
icp_prod_iamtestpass_user_348,MLXK,Intuit@!123,
icp_prod_iamtestpass_user_349,KQAV,Intuit@!123,
icp_prod_iamtestpass_user_350,AWMU,Intuit@!123,
icp_prod_iamtestpass_user_351,RBCV,Intuit@!123,
icp_prod_iamtestpass_user_352,SRRZ,Intuit@!123,
icp_prod_iamtestpass_user_353,GCDH,Intuit@!123,
icp_prod_iamtestpass_user_354,EDIS,Intuit@!123,
icp_prod_iamtestpass_user_355,AOIJ,Intuit@!123,
icp_prod_iamtestpass_user_356,AJSQ,Intuit@!123,
icp_prod_iamtestpass_user_357,VOGQ,Intuit@!123,
icp_prod_iamtestpass_user_358,AABL,Intuit@!123,
icp_prod_iamtestpass_user_359,JZUN,Intuit@!123,
icp_prod_iamtestpass_user_360,EFLZ,Intuit@!123,
icp_prod_iamtestpass_user_361,UIHH,Intuit@!123,
icp_prod_iamtestpass_user_362,RWVR,Intuit@!123,
icp_prod_iamtestpass_user_363,HXSP,Intuit@!123,
icp_prod_iamtestpass_user_364,NKWA,Intuit@!123,
icp_prod_iamtestpass_user_365,JUNJ,Intuit@!123,
icp_prod_iamtestpass_user_366,FCPD,Intuit@!123,
icp_prod_iamtestpass_user_367,WQFV,Intuit@!123,
icp_prod_iamtestpass_user_368,YHMU,Intuit@!123,
icp_prod_iamtestpass_user_369,TRQM,Intuit@!123,
icp_prod_iamtestpass_user_370,ZWQG,Intuit@!123,
icp_prod_iamtestpass_user_371,XODV,Intuit@!123,
icp_prod_iamtestpass_user_372,MQIR,Intuit@!123,
icp_prod_iamtestpass_user_373,IUCP,Intuit@!123,
icp_prod_iamtestpass_user_374,XFPY,Intuit@!123,
icp_prod_iamtestpass_user_375,FVDT,Intuit@!123,
icp_prod_iamtestpass_user_376,QCBP,Intuit@!123,
icp_prod_iamtestpass_user_377,ZFZC,Intuit@!123,
icp_prod_iamtestpass_user_378,MULH,Intuit@!123,
icp_prod_iamtestpass_user_379,KMDP,Intuit@!123,
icp_prod_iamtestpass_user_380,FSHC,Intuit@!123,
icp_prod_iamtestpass_user_381,BRGT,Intuit@!123,
icp_prod_iamtestpass_user_382,EGHP,Intuit@!123,
icp_prod_iamtestpass_user_383,AXNP,Intuit@!123,
icp_prod_iamtestpass_user_384,BMGU,Intuit@!123,
icp_prod_iamtestpass_user_385,HLYD,Intuit@!123,
icp_prod_iamtestpass_user_386,CSUB,Intuit@!123,
icp_prod_iamtestpass_user_387,SYBE,Intuit@!123,
icp_prod_iamtestpass_user_388,MMRI,Intuit@!123,
icp_prod_iamtestpass_user_389,YYOG,Intuit@!123,
icp_prod_iamtestpass_user_390,OJJT,Intuit@!123,
icp_prod_iamtestpass_user_391,PVXE,Intuit@!123,
icp_prod_iamtestpass_user_392,GHYV,Intuit@!123,
icp_prod_iamtestpass_user_393,YVYU,Intuit@!123,
icp_prod_iamtestpass_user_394,TJNS,Intuit@!123,
icp_prod_iamtestpass_user_395,PAWD,Intuit@!123,
icp_prod_iamtestpass_user_396,VEQL,Intuit@!123,
icp_prod_iamtestpass_user_397,YZHV,Intuit@!123,
icp_prod_iamtestpass_user_398,ZTSO,Intuit@!123,
icp_prod_iamtestpass_user_399,WRFI,Intuit@!123,
icp_prod_iamtestpass_user_400,LJEC,Intuit@!123,
icp_prod_iamtestpass_user_401,SEOU,Intuit@!123,
icp_prod_iamtestpass_user_402,COAZ,Intuit@!123,
icp_prod_iamtestpass_user_403,OCAT,Intuit@!123,
icp_prod_iamtestpass_user_404,LMJN,Intuit@!123,
icp_prod_iamtestpass_user_405,OGBQ,Intuit@!123,
icp_prod_iamtestpass_user_406,DOKD,Intuit@!123,
icp_prod_iamtestpass_user_407,XXJI,Intuit@!123,
icp_prod_iamtestpass_user_408,ABRR,Intuit@!123,
icp_prod_iamtestpass_user_409,MYQE,Intuit@!123,
icp_prod_iamtestpass_user_410,TBLG,Intuit@!123,
icp_prod_iamtestpass_user_411,AGLJ,Intuit@!123,
icp_prod_iamtestpass_user_412,HTXA,Intuit@!123,
icp_prod_iamtestpass_user_413,AEXT,Intuit@!123,
icp_prod_iamtestpass_user_414,HMHF,Intuit@!123,
icp_prod_iamtestpass_user_415,USFG,Intuit@!123,
icp_prod_iamtestpass_user_416,CXOO,Intuit@!123,
icp_prod_iamtestpass_user_417,JZIW,Intuit@!123,
icp_prod_iamtestpass_user_418,UEJQ,Intuit@!123,
icp_prod_iamtestpass_user_419,ZGKV,Intuit@!123,
icp_prod_iamtestpass_user_420,SYRL,Intuit@!123,
icp_prod_iamtestpass_user_421,CJDY,Intuit@!123,
icp_prod_iamtestpass_user_422,SXTA,Intuit@!123,
icp_prod_iamtestpass_user_423,GLIP,Intuit@!123,
icp_prod_iamtestpass_user_424,KCIV,Intuit@!123,
icp_prod_iamtestpass_user_425,HKZO,Intuit@!123,
icp_prod_iamtestpass_user_426,NGOZ,Intuit@!123,
icp_prod_iamtestpass_user_427,CHLN,Intuit@!123,
icp_prod_iamtestpass_user_428,HXNZ,Intuit@!123,
icp_prod_iamtestpass_user_429,NTXN,Intuit@!123,
icp_prod_iamtestpass_user_430,IFSW,Intuit@!123,
icp_prod_iamtestpass_user_431,LOSM,Intuit@!123,
icp_prod_iamtestpass_user_432,KFAV,Intuit@!123,
icp_prod_iamtestpass_user_433,TGTH,Intuit@!123,
icp_prod_iamtestpass_user_434,WIQV,Intuit@!123,
icp_prod_iamtestpass_user_435,UDUP,Intuit@!123,
icp_prod_iamtestpass_user_436,QTJM,Intuit@!123,
icp_prod_iamtestpass_user_437,AMFJ,Intuit@!123,
icp_prod_iamtestpass_user_438,JILO,Intuit@!123,
icp_prod_iamtestpass_user_439,DKTI,Intuit@!123,
icp_prod_iamtestpass_user_440,UUHX,Intuit@!123,
icp_prod_iamtestpass_user_441,EUCD,Intuit@!123,
icp_prod_iamtestpass_user_442,LGOQ,Intuit@!123,
icp_prod_iamtestpass_user_443,PIPB,Intuit@!123,
icp_prod_iamtestpass_user_444,ECPF,Intuit@!123,
icp_prod_iamtestpass_user_445,FQGU,Intuit@!123,
icp_prod_iamtestpass_user_446,IMRA,Intuit@!123,
icp_prod_iamtestpass_user_447,RFUT,Intuit@!123,
icp_prod_iamtestpass_user_448,SXBZ,Intuit@!123,
icp_prod_iamtestpass_user_449,CRKO,Intuit@!123,
icp_prod_iamtestpass_user_450,PNPA,Intuit@!123,
icp_prod_iamtestpass_user_451,COIM,Intuit@!123,
icp_prod_iamtestpass_user_452,PTGR,Intuit@!123,
icp_prod_iamtestpass_user_453,UAAQ,Intuit@!123,
icp_prod_iamtestpass_user_454,AEYA,Intuit@!123,
icp_prod_iamtestpass_user_455,PUHW,Intuit@!123,
icp_prod_iamtestpass_user_456,QLFZ,Intuit@!123,
icp_prod_iamtestpass_user_457,JEXU,Intuit@!123,
icp_prod_iamtestpass_user_458,HDZG,Intuit@!123,
icp_prod_iamtestpass_user_459,UGES,Intuit@!123,
icp_prod_iamtestpass_user_460,PGCY,Intuit@!123,
icp_prod_iamtestpass_user_461,AHQW,Intuit@!123,
icp_prod_iamtestpass_user_462,YLAI,Intuit@!123,
icp_prod_iamtestpass_user_463,VNVL,Intuit@!123,
icp_prod_iamtestpass_user_464,ZEOJ,Intuit@!123,
icp_prod_iamtestpass_user_465,OKMS,Intuit@!123,
icp_prod_iamtestpass_user_466,KCYC,Intuit@!123,
icp_prod_iamtestpass_user_467,DMLK,Intuit@!123,
icp_prod_iamtestpass_user_468,JXRC,Intuit@!123,
icp_prod_iamtestpass_user_469,MGMU,Intuit@!123,
icp_prod_iamtestpass_user_470,GWRS,Intuit@!123,
icp_prod_iamtestpass_user_471,FBPA,Intuit@!123,
icp_prod_iamtestpass_user_472,ATUJ,Intuit@!123,
icp_prod_iamtestpass_user_473,VYMZ,Intuit@!123,
icp_prod_iamtestpass_user_474,GDRQ,Intuit@!123,
icp_prod_iamtestpass_user_475,BNDC,Intuit@!123,
icp_prod_iamtestpass_user_476,YAVD,Intuit@!123,
icp_prod_iamtestpass_user_477,CHMN,Intuit@!123,
icp_prod_iamtestpass_user_478,CZBL,Intuit@!123,
icp_prod_iamtestpass_user_479,KOAI,Intuit@!123,
icp_prod_iamtestpass_user_480,DJTA,Intuit@!123,
icp_prod_iamtestpass_user_481,CXLT,Intuit@!123,
icp_prod_iamtestpass_user_482,CSWU,Intuit@!123,
icp_prod_iamtestpass_user_483,GGMC,Intuit@!123,
icp_prod_iamtestpass_user_484,ZGVQ,Intuit@!123,
icp_prod_iamtestpass_user_485,OWOP,Intuit@!123,
icp_prod_iamtestpass_user_486,PWNC,Intuit@!123,
icp_prod_iamtestpass_user_487,SJMN,Intuit@!123,
icp_prod_iamtestpass_user_488,KAMY,Intuit@!123,
icp_prod_iamtestpass_user_489,ANMH,Intuit@!123,
icp_prod_iamtestpass_user_490,WFRI,Intuit@!123,
icp_prod_iamtestpass_user_491,XAIX,Intuit@!123,
icp_prod_iamtestpass_user_492,TBTL,Intuit@!123,
icp_prod_iamtestpass_user_493,YJIT,Intuit@!123,
icp_prod_iamtestpass_user_494,BZPJ,Intuit@!123,
icp_prod_iamtestpass_user_495,VTUD,Intuit@!123,
icp_prod_iamtestpass_user_496,BHJM,Intuit@!123,
icp_prod_iamtestpass_user_497,QDDC,Intuit@!123,
icp_prod_iamtestpass_user_498,XSIK,Intuit@!123,
icp_prod_iamtestpass_user_499,NRNX,Intuit@!123,
icp_prod_iamtestpass_user_500,TWDP,Intuit@!123,
icp_prod_iamtestpass_user_501,KARO,Intuit@!123,
icp_prod_iamtestpass_user_502,KRYO,Intuit@!123,
icp_prod_iamtestpass_user_503,ZZQR,Intuit@!123,
icp_prod_iamtestpass_user_504,OSLZ,Intuit@!123,
icp_prod_iamtestpass_user_505,LLIB,Intuit@!123,
icp_prod_iamtestpass_user_506,MQRQ,Intuit@!123,
icp_prod_iamtestpass_user_507,NGGY,Intuit@!123,
icp_prod_iamtestpass_user_508,UELD,Intuit@!123,
icp_prod_iamtestpass_user_509,VHIL,Intuit@!123,
icp_prod_iamtestpass_user_510,OQYM,Intuit@!123,
icp_prod_iamtestpass_user_511,POEK,Intuit@!123,
icp_prod_iamtestpass_user_512,UTCE,Intuit@!123,
icp_prod_iamtestpass_user_513,JWKU,Intuit@!123,
icp_prod_iamtestpass_user_514,RZUP,Intuit@!123,
icp_prod_iamtestpass_user_515,OZVZ,Intuit@!123,
icp_prod_iamtestpass_user_516,ZETT,Intuit@!123,
icp_prod_iamtestpass_user_517,LUES,Intuit@!123,
icp_prod_iamtestpass_user_518,MJBJ,Intuit@!123,
icp_prod_iamtestpass_user_519,KZLU,Intuit@!123,
icp_prod_iamtestpass_user_520,QAGG,Intuit@!123,
icp_prod_iamtestpass_user_521,GYIN,Intuit@!123,
icp_prod_iamtestpass_user_522,JOBE,Intuit@!123,
icp_prod_iamtestpass_user_523,IRIM,Intuit@!123,
icp_prod_iamtestpass_user_524,MRAD,Intuit@!123,
icp_prod_iamtestpass_user_525,LNAA,Intuit@!123,
icp_prod_iamtestpass_user_526,PVLB,Intuit@!123,
icp_prod_iamtestpass_user_527,FUKJ,Intuit@!123,
icp_prod_iamtestpass_user_528,VYAN,Intuit@!123,
icp_prod_iamtestpass_user_529,TKZN,Intuit@!123,
icp_prod_iamtestpass_user_530,WIAB,Intuit@!123,
icp_prod_iamtestpass_user_531,ZATU,Intuit@!123,
icp_prod_iamtestpass_user_532,FSML,Intuit@!123,
icp_prod_iamtestpass_user_533,SGSA,Intuit@!123,
icp_prod_iamtestpass_user_534,ISJA,Intuit@!123,
icp_prod_iamtestpass_user_535,MPOG,Intuit@!123,
icp_prod_iamtestpass_user_536,KGOC,Intuit@!123,
icp_prod_iamtestpass_user_537,QQJY,Intuit@!123,
icp_prod_iamtestpass_user_538,XGIS,Intuit@!123,
icp_prod_iamtestpass_user_539,VKJT,Intuit@!123,
icp_prod_iamtestpass_user_540,JTSZ,Intuit@!123,
icp_prod_iamtestpass_user_541,KRYV,Intuit@!123,
icp_prod_iamtestpass_user_542,TDOH,Intuit@!123,
icp_prod_iamtestpass_user_543,QAZN,Intuit@!123,
icp_prod_iamtestpass_user_544,URAZ,Intuit@!123,
icp_prod_iamtestpass_user_545,MHZP,Intuit@!123,
icp_prod_iamtestpass_user_546,QTJX,Intuit@!123,
icp_prod_iamtestpass_user_547,ARDA,Intuit@!123,
icp_prod_iamtestpass_user_548,GMLQ,Intuit@!123,
icp_prod_iamtestpass_user_549,BVEF,Intuit@!123,
icp_prod_iamtestpass_user_550,CYWX,Intuit@!123,
icp_prod_iamtestpass_user_551,KYFE,Intuit@!123,
icp_prod_iamtestpass_user_552,XEBK,Intuit@!123,
icp_prod_iamtestpass_user_553,WXIC,Intuit@!123,
icp_prod_iamtestpass_user_554,CJQB,Intuit@!123,
icp_prod_iamtestpass_user_555,BZXZ,Intuit@!123,
icp_prod_iamtestpass_user_556,EZUC,Intuit@!123,
icp_prod_iamtestpass_user_557,PZTX,Intuit@!123,
icp_prod_iamtestpass_user_558,CKTH,Intuit@!123,
icp_prod_iamtestpass_user_559,RIEZ,Intuit@!123,
icp_prod_iamtestpass_user_560,GWQZ,Intuit@!123,
icp_prod_iamtestpass_user_561,YMBC,Intuit@!123,
icp_prod_iamtestpass_user_562,SCHG,Intuit@!123,
icp_prod_iamtestpass_user_563,XCUE,Intuit@!123,
icp_prod_iamtestpass_user_564,UGYA,Intuit@!123,
icp_prod_iamtestpass_user_565,NIJL,Intuit@!123,
icp_prod_iamtestpass_user_566,YBQU,Intuit@!123,
icp_prod_iamtestpass_user_567,TPTB,Intuit@!123,
icp_prod_iamtestpass_user_568,KPMR,Intuit@!123,
icp_prod_iamtestpass_user_569,HUPI,Intuit@!123,
icp_prod_iamtestpass_user_570,YEPW,Intuit@!123,
icp_prod_iamtestpass_user_571,HGCU,Intuit@!123,
icp_prod_iamtestpass_user_572,PKPP,Intuit@!123,
icp_prod_iamtestpass_user_573,UONP,Intuit@!123,
icp_prod_iamtestpass_user_574,JAUP,Intuit@!123,
icp_prod_iamtestpass_user_575,DKFQ,Intuit@!123,
icp_prod_iamtestpass_user_576,OURJ,Intuit@!123,
icp_prod_iamtestpass_user_577,SIDX,Intuit@!123,
icp_prod_iamtestpass_user_578,RBES,Intuit@!123,
icp_prod_iamtestpass_user_579,TIZA,Intuit@!123,
icp_prod_iamtestpass_user_580,MJLG,Intuit@!123,
icp_prod_iamtestpass_user_581,QNRD,Intuit@!123,
icp_prod_iamtestpass_user_582,ICBW,Intuit@!123,
icp_prod_iamtestpass_user_583,IDGE,Intuit@!123,
icp_prod_iamtestpass_user_584,MZUM,Intuit@!123,
icp_prod_iamtestpass_user_585,AHEZ,Intuit@!123,
icp_prod_iamtestpass_user_586,VGJC,Intuit@!123,
icp_prod_iamtestpass_user_587,EHTA,Intuit@!123,
icp_prod_iamtestpass_user_588,FBTF,Intuit@!123,
icp_prod_iamtestpass_user_589,AHLI,Intuit@!123,
icp_prod_iamtestpass_user_590,GYFB,Intuit@!123,
icp_prod_iamtestpass_user_591,FRXK,Intuit@!123,
icp_prod_iamtestpass_user_592,CWVT,Intuit@!123,
icp_prod_iamtestpass_user_593,WVZC,Intuit@!123,
icp_prod_iamtestpass_user_594,PHGQ,Intuit@!123,
icp_prod_iamtestpass_user_595,AOOT,Intuit@!123,
icp_prod_iamtestpass_user_596,WTCJ,Intuit@!123,
icp_prod_iamtestpass_user_597,QCEZ,Intuit@!123,
icp_prod_iamtestpass_user_598,HWJK,Intuit@!123,
icp_prod_iamtestpass_user_599,ICIG,Intuit@!123,
icp_prod_iamtestpass_user_600,NFRC,Intuit@!123,
icp_prod_iamtestpass_user_601,XBIL,Intuit@!123,
icp_prod_iamtestpass_user_602,NJFB,Intuit@!123,
icp_prod_iamtestpass_user_603,DJEV,Intuit@!123,
icp_prod_iamtestpass_user_604,MKAT,Intuit@!123,
icp_prod_iamtestpass_user_605,MWTL,Intuit@!123,
icp_prod_iamtestpass_user_606,UAHC,Intuit@!123,
icp_prod_iamtestpass_user_607,PXID,Intuit@!123,
icp_prod_iamtestpass_user_608,EIQZ,Intuit@!123,
icp_prod_iamtestpass_user_609,ESVT,Intuit@!123,
icp_prod_iamtestpass_user_610,LUVD,Intuit@!123,
icp_prod_iamtestpass_user_611,NKQP,Intuit@!123,
icp_prod_iamtestpass_user_612,ENDW,Intuit@!123,
icp_prod_iamtestpass_user_613,HQEK,Intuit@!123,
icp_prod_iamtestpass_user_614,DHHF,Intuit@!123,
icp_prod_iamtestpass_user_615,IKGS,Intuit@!123,
icp_prod_iamtestpass_user_616,HYZY,Intuit@!123,
icp_prod_iamtestpass_user_617,AQBL,Intuit@!123,
icp_prod_iamtestpass_user_618,QUIZ,Intuit@!123,
icp_prod_iamtestpass_user_619,MILK,Intuit@!123,
icp_prod_iamtestpass_user_620,CLPC,Intuit@!123,
icp_prod_iamtestpass_user_621,VMIJ,Intuit@!123,
icp_prod_iamtestpass_user_622,ELDS,Intuit@!123,
icp_prod_iamtestpass_user_623,RWSO,Intuit@!123,
icp_prod_iamtestpass_user_624,RKLW,Intuit@!123,
icp_prod_iamtestpass_user_625,ZNDD,Intuit@!123,
icp_prod_iamtestpass_user_626,FAVK,Intuit@!123,
icp_prod_iamtestpass_user_627,FBOD,Intuit@!123,
icp_prod_iamtestpass_user_628,IXOA,Intuit@!123,
icp_prod_iamtestpass_user_629,QWZV,Intuit@!123,
icp_prod_iamtestpass_user_630,KPQI,Intuit@!123,
icp_prod_iamtestpass_user_631,LPET,Intuit@!123,
icp_prod_iamtestpass_user_632,EMUB,Intuit@!123,
icp_prod_iamtestpass_user_633,FOQK,Intuit@!123,
icp_prod_iamtestpass_user_634,MQUN,Intuit@!123,
icp_prod_iamtestpass_user_635,FQEA,Intuit@!123,
icp_prod_iamtestpass_user_636,AEYZ,Intuit@!123,
icp_prod_iamtestpass_user_637,PCEX,Intuit@!123,
icp_prod_iamtestpass_user_638,FWBM,Intuit@!123,
icp_prod_iamtestpass_user_639,JZZE,Intuit@!123,
icp_prod_iamtestpass_user_640,LFRK,Intuit@!123,
icp_prod_iamtestpass_user_641,LTAO,Intuit@!123,
icp_prod_iamtestpass_user_642,CYMX,Intuit@!123,
icp_prod_iamtestpass_user_643,SHDF,Intuit@!123,
icp_prod_iamtestpass_user_644,UZHS,Intuit@!123,
icp_prod_iamtestpass_user_645,JLEO,Intuit@!123,
icp_prod_iamtestpass_user_646,IHKH,Intuit@!123,
icp_prod_iamtestpass_user_647,AKAG,Intuit@!123,
icp_prod_iamtestpass_user_648,WURC,Intuit@!123,
icp_prod_iamtestpass_user_649,FCAN,Intuit@!123,
icp_prod_iamtestpass_user_650,FCWO,Intuit@!123,
icp_prod_iamtestpass_user_651,LRLB,Intuit@!123,
icp_prod_iamtestpass_user_652,EQTY,Intuit@!123,
icp_prod_iamtestpass_user_653,LQKG,Intuit@!123,
icp_prod_iamtestpass_user_654,SFIX,Intuit@!123,
icp_prod_iamtestpass_user_655,EOBL,Intuit@!123,
icp_prod_iamtestpass_user_656,PZZA,Intuit@!123,
icp_prod_iamtestpass_user_657,VLID,Intuit@!123,
icp_prod_iamtestpass_user_658,MEUZ,Intuit@!123,
icp_prod_iamtestpass_user_659,LOPI,Intuit@!123,
icp_prod_iamtestpass_user_660,PJJP,Intuit@!123,
icp_prod_iamtestpass_user_661,TGAW,Intuit@!123,
icp_prod_iamtestpass_user_662,SMHH,Intuit@!123,
icp_prod_iamtestpass_user_663,AAPB,Intuit@!123,
icp_prod_iamtestpass_user_664,HZQX,Intuit@!123,
icp_prod_iamtestpass_user_665,HRXT,Intuit@!123,
icp_prod_iamtestpass_user_666,XAPX,Intuit@!123,
icp_prod_iamtestpass_user_667,LKTT,Intuit@!123,
icp_prod_iamtestpass_user_668,YUPE,Intuit@!123,
icp_prod_iamtestpass_user_669,ZPOG,Intuit@!123,
icp_prod_iamtestpass_user_670,RUME,Intuit@!123,
icp_prod_iamtestpass_user_671,PWIA,Intuit@!123,
icp_prod_iamtestpass_user_672,NLQZ,Intuit@!123,
icp_prod_iamtestpass_user_673,VFUR,Intuit@!123,
icp_prod_iamtestpass_user_674,ZYVV,Intuit@!123,
icp_prod_iamtestpass_user_675,USTD,Intuit@!123,
icp_prod_iamtestpass_user_676,SREZ,Intuit@!123,
icp_prod_iamtestpass_user_677,EFNX,Intuit@!123,
icp_prod_iamtestpass_user_678,XHCZ,Intuit@!123,
icp_prod_iamtestpass_user_679,LIGK,Intuit@!123,
icp_prod_iamtestpass_user_680,GKUF,Intuit@!123,
icp_prod_iamtestpass_user_681,GNWP,Intuit@!123,
icp_prod_iamtestpass_user_682,SSTF,Intuit@!123,
icp_prod_iamtestpass_user_683,NVYI,Intuit@!123,
icp_prod_iamtestpass_user_684,YVMY,Intuit@!123,
icp_prod_iamtestpass_user_685,DXGD,Intuit@!123,
icp_prod_iamtestpass_user_686,QHJF,Intuit@!123,
icp_prod_iamtestpass_user_687,HDUV,Intuit@!123,
icp_prod_iamtestpass_user_688,UEOO,Intuit@!123,
icp_prod_iamtestpass_user_689,OMTK,Intuit@!123,
icp_prod_iamtestpass_user_690,PMFR,Intuit@!123,
icp_prod_iamtestpass_user_691,HWGI,Intuit@!123,
icp_prod_iamtestpass_user_692,JDBK,Intuit@!123,
icp_prod_iamtestpass_user_693,RERC,Intuit@!123,
icp_prod_iamtestpass_user_694,BRKH,Intuit@!123,
icp_prod_iamtestpass_user_695,LJUN,Intuit@!123,
icp_prod_iamtestpass_user_696,IUDO,Intuit@!123,
icp_prod_iamtestpass_user_697,XUSS,Intuit@!123,
icp_prod_iamtestpass_user_698,LVUC,Intuit@!123,
icp_prod_iamtestpass_user_699,HLZR,Intuit@!123,
icp_prod_iamtestpass_user_700,GBUD,Intuit@!123,
icp_prod_iamtestpass_user_701,ELGX,Intuit@!123,
icp_prod_iamtestpass_user_702,OFQJ,Intuit@!123,
icp_prod_iamtestpass_user_703,KOUK,Intuit@!123,
icp_prod_iamtestpass_user_704,YECJ,Intuit@!123,
icp_prod_iamtestpass_user_705,TFPE,Intuit@!123,
icp_prod_iamtestpass_user_706,TUMI,Intuit@!123,
icp_prod_iamtestpass_user_707,WBVR,Intuit@!123,
icp_prod_iamtestpass_user_708,DOYT,Intuit@!123,
icp_prod_iamtestpass_user_709,HETN,Intuit@!123,
icp_prod_iamtestpass_user_710,ICXF,Intuit@!123,
icp_prod_iamtestpass_user_711,HAVE,Intuit@!123,
icp_prod_iamtestpass_user_712,HVLC,Intuit@!123,
icp_prod_iamtestpass_user_713,ZHXB,Intuit@!123,
icp_prod_iamtestpass_user_714,IDUR,Intuit@!123,
icp_prod_iamtestpass_user_715,PDVO,Intuit@!123,
icp_prod_iamtestpass_user_716,KKDD,Intuit@!123,
icp_prod_iamtestpass_user_717,ABDY,Intuit@!123,
icp_prod_iamtestpass_user_718,EDFK,Intuit@!123,
icp_prod_iamtestpass_user_719,JFUF,Intuit@!123,
icp_prod_iamtestpass_user_720,JZHL,Intuit@!123,
icp_prod_iamtestpass_user_721,SPLK,Intuit@!123,
icp_prod_iamtestpass_user_722,HLXG,Intuit@!123,
icp_prod_iamtestpass_user_723,UDVY,Intuit@!123,
icp_prod_iamtestpass_user_724,KISB,Intuit@!123,
icp_prod_iamtestpass_user_725,JOPP,Intuit@!123,
icp_prod_iamtestpass_user_726,HGKC,Intuit@!123,
icp_prod_iamtestpass_user_727,DKJJ,Intuit@!123,
icp_prod_iamtestpass_user_728,OMIO,Intuit@!123,
icp_prod_iamtestpass_user_729,UCPV,Intuit@!123,
icp_prod_iamtestpass_user_730,EEKP,Intuit@!123,
icp_prod_iamtestpass_user_731,FKLN,Intuit@!123,
icp_prod_iamtestpass_user_732,ZVPI,Intuit@!123,
icp_prod_iamtestpass_user_733,MCSH,Intuit@!123,
icp_prod_iamtestpass_user_734,UZGF,Intuit@!123,
icp_prod_iamtestpass_user_735,RFKN,Intuit@!123,
icp_prod_iamtestpass_user_736,DFOU,Intuit@!123,
icp_prod_iamtestpass_user_737,OETG,Intuit@!123,
icp_prod_iamtestpass_user_738,DMNP,Intuit@!123,
icp_prod_iamtestpass_user_739,VRVI,Intuit@!123,
icp_prod_iamtestpass_user_740,WDGR,Intuit@!123,
icp_prod_iamtestpass_user_741,QNRN,Intuit@!123,
icp_prod_iamtestpass_user_742,SBDR,Intuit@!123,
icp_prod_iamtestpass_user_743,XRNE,Intuit@!123,
icp_prod_iamtestpass_user_744,CXWN,Intuit@!123,
icp_prod_iamtestpass_user_745,XELN,Intuit@!123,
icp_prod_iamtestpass_user_746,PKZH,Intuit@!123,
icp_prod_iamtestpass_user_747,JUDT,Intuit@!123,
icp_prod_iamtestpass_user_748,BJKV,Intuit@!123,
icp_prod_iamtestpass_user_749,WFAW,Intuit@!123,
icp_prod_iamtestpass_user_750,SHVY,Intuit@!123,
icp_prod_iamtestpass_user_751,KXHH,Intuit@!123,
icp_prod_iamtestpass_user_752,MQXW,Intuit@!123,
icp_prod_iamtestpass_user_753,REPK,Intuit@!123,
icp_prod_iamtestpass_user_754,TRCM,Intuit@!123,
icp_prod_iamtestpass_user_755,ZAPZ,Intuit@!123,
icp_prod_iamtestpass_user_756,RHGC,Intuit@!123,
icp_prod_iamtestpass_user_757,JOHM,Intuit@!123,
icp_prod_iamtestpass_user_758,KYJK,Intuit@!123,
icp_prod_iamtestpass_user_759,MHAP,Intuit@!123,
icp_prod_iamtestpass_user_760,XMOC,Intuit@!123,
icp_prod_iamtestpass_user_761,AINU,Intuit@!123,
icp_prod_iamtestpass_user_762,WWAI,Intuit@!123,
icp_prod_iamtestpass_user_763,MKFU,Intuit@!123,
icp_prod_iamtestpass_user_764,YZSM,Intuit@!123,
icp_prod_iamtestpass_user_765,IAQB,Intuit@!123,
icp_prod_iamtestpass_user_766,KVEE,Intuit@!123,
icp_prod_iamtestpass_user_767,LQOH,Intuit@!123,
icp_prod_iamtestpass_user_768,OYTG,Intuit@!123,
icp_prod_iamtestpass_user_769,GBNX,Intuit@!123,
icp_prod_iamtestpass_user_770,BZQL,Intuit@!123,
icp_prod_iamtestpass_user_771,YSWY,Intuit@!123,
icp_prod_iamtestpass_user_772,AEJI,Intuit@!123,
icp_prod_iamtestpass_user_773,CYZA,Intuit@!123,
icp_prod_iamtestpass_user_774,YTII,Intuit@!123,
icp_prod_iamtestpass_user_775,WJGV,Intuit@!123,
icp_prod_iamtestpass_user_776,EYHD,Intuit@!123,
icp_prod_iamtestpass_user_777,GMVY,Intuit@!123,
icp_prod_iamtestpass_user_778,IKTU,Intuit@!123,
icp_prod_iamtestpass_user_779,WWKM,Intuit@!123,
icp_prod_iamtestpass_user_780,WMCZ,Intuit@!123,
icp_prod_iamtestpass_user_781,GEBZ,Intuit@!123,
icp_prod_iamtestpass_user_782,ATRJ,Intuit@!123,
icp_prod_iamtestpass_user_783,EILU,Intuit@!123,
icp_prod_iamtestpass_user_784,YMYM,Intuit@!123,
icp_prod_iamtestpass_user_785,ZOPY,Intuit@!123,
icp_prod_iamtestpass_user_786,NFBC,Intuit@!123,
icp_prod_iamtestpass_user_787,GVDW,Intuit@!123,
icp_prod_iamtestpass_user_788,QMRZ,Intuit@!123,
icp_prod_iamtestpass_user_789,YDFU,Intuit@!123,
icp_prod_iamtestpass_user_790,UXIM,Intuit@!123,
icp_prod_iamtestpass_user_791,SPCD,Intuit@!123,
icp_prod_iamtestpass_user_792,KCGH,Intuit@!123,
icp_prod_iamtestpass_user_793,SAIF,Intuit@!123,
icp_prod_iamtestpass_user_794,DFJS,Intuit@!123,
icp_prod_iamtestpass_user_795,GMCD,Intuit@!123,
icp_prod_iamtestpass_user_796,BQWA,Intuit@!123,
icp_prod_iamtestpass_user_797,PBFG,Intuit@!123,
icp_prod_iamtestpass_user_798,GKTS,Intuit@!123,
icp_prod_iamtestpass_user_799,ZBRP,Intuit@!123,
icp_prod_iamtestpass_user_800,MZBW,Intuit@!123,
icp_prod_iamtestpass_user_801,HBQN,Intuit@!123,
icp_prod_iamtestpass_user_802,LZQZ,Intuit@!123,
icp_prod_iamtestpass_user_803,LQCH,Intuit@!123,
icp_prod_iamtestpass_user_804,ACSA,Intuit@!123,
icp_prod_iamtestpass_user_805,WCVJ,Intuit@!123,
icp_prod_iamtestpass_user_806,RBOJ,Intuit@!123,
icp_prod_iamtestpass_user_807,CUKH,Intuit@!123,
icp_prod_iamtestpass_user_808,VCBT,Intuit@!123,
icp_prod_iamtestpass_user_809,TXZZ,Intuit@!123,
icp_prod_iamtestpass_user_810,WTZX,Intuit@!123,
icp_prod_iamtestpass_user_811,BENW,Intuit@!123,
icp_prod_iamtestpass_user_812,QXWB,Intuit@!123,
icp_prod_iamtestpass_user_813,EAGS,Intuit@!123,
icp_prod_iamtestpass_user_814,LYDW,Intuit@!123,
icp_prod_iamtestpass_user_815,EYBQ,Intuit@!123,
icp_prod_iamtestpass_user_816,WMFN,Intuit@!123,
icp_prod_iamtestpass_user_817,WYNK,Intuit@!123,
icp_prod_iamtestpass_user_818,DNPM,Intuit@!123,
icp_prod_iamtestpass_user_819,AHRL,Intuit@!123,
icp_prod_iamtestpass_user_820,WIOZ,Intuit@!123,
icp_prod_iamtestpass_user_821,TBNX,Intuit@!123,
icp_prod_iamtestpass_user_822,GVEP,Intuit@!123,
icp_prod_iamtestpass_user_823,XOPS,Intuit@!123,
icp_prod_iamtestpass_user_824,JJHM,Intuit@!123,
icp_prod_iamtestpass_user_825,MLKG,Intuit@!123,
icp_prod_iamtestpass_user_826,WSLG,Intuit@!123,
icp_prod_iamtestpass_user_827,WASI,Intuit@!123,
icp_prod_iamtestpass_user_828,NGPI,Intuit@!123,
icp_prod_iamtestpass_user_829,SENG,Intuit@!123,
icp_prod_iamtestpass_user_830,MHVF,Intuit@!123,
icp_prod_iamtestpass_user_831,XWVX,Intuit@!123,
icp_prod_iamtestpass_user_832,VEUJ,Intuit@!123,
icp_prod_iamtestpass_user_833,XQLQ,Intuit@!123,
icp_prod_iamtestpass_user_834,FYAI,Intuit@!123,
icp_prod_iamtestpass_user_835,YLIJ,Intuit@!123,
icp_prod_iamtestpass_user_836,XIMI,Intuit@!123,
icp_prod_iamtestpass_user_837,WCKF,Intuit@!123,
icp_prod_iamtestpass_user_838,DUGX,Intuit@!123,
icp_prod_iamtestpass_user_839,EYZN,Intuit@!123,
icp_prod_iamtestpass_user_840,ZKCP,Intuit@!123,
icp_prod_iamtestpass_user_841,QHZY,Intuit@!123,
icp_prod_iamtestpass_user_842,HYSB,Intuit@!123,
icp_prod_iamtestpass_user_843,OGNG,Intuit@!123,
icp_prod_iamtestpass_user_844,UZVF,Intuit@!123,
icp_prod_iamtestpass_user_845,FKCC,Intuit@!123,
icp_prod_iamtestpass_user_846,RFLP,Intuit@!123,
icp_prod_iamtestpass_user_847,ZSWR,Intuit@!123,
icp_prod_iamtestpass_user_848,SNGN,Intuit@!123,
icp_prod_iamtestpass_user_849,XLPQ,Intuit@!123,
icp_prod_iamtestpass_user_850,LMCY,Intuit@!123,
icp_prod_iamtestpass_user_851,FAMX,Intuit@!123,
icp_prod_iamtestpass_user_852,YUZE,Intuit@!123,
icp_prod_iamtestpass_user_853,PXMZ,Intuit@!123,
icp_prod_iamtestpass_user_854,LATA,Intuit@!123,
icp_prod_iamtestpass_user_855,LCDO,Intuit@!123,
icp_prod_iamtestpass_user_856,RWIB,Intuit@!123,
icp_prod_iamtestpass_user_857,LRLK,Intuit@!123,
icp_prod_iamtestpass_user_858,DYSU,Intuit@!123,
icp_prod_iamtestpass_user_859,HWUJ,Intuit@!123,
icp_prod_iamtestpass_user_860,KLZD,Intuit@!123,
icp_prod_iamtestpass_user_861,SCUW,Intuit@!123,
icp_prod_iamtestpass_user_862,DKJA,Intuit@!123,
icp_prod_iamtestpass_user_863,RSYB,Intuit@!123,
icp_prod_iamtestpass_user_864,EDPG,Intuit@!123,
icp_prod_iamtestpass_user_865,KUZE,Intuit@!123,
icp_prod_iamtestpass_user_866,VRNU,Intuit@!123,
icp_prod_iamtestpass_user_867,FYWE,Intuit@!123,
icp_prod_iamtestpass_user_868,ESGK,Intuit@!123,
icp_prod_iamtestpass_user_869,FCWF,Intuit@!123,
icp_prod_iamtestpass_user_870,SHYQ,Intuit@!123,
icp_prod_iamtestpass_user_871,SZBK,Intuit@!123,
icp_prod_iamtestpass_user_872,EKXP,Intuit@!123,
icp_prod_iamtestpass_user_873,KPUJ,Intuit@!123,
icp_prod_iamtestpass_user_874,XIMU,Intuit@!123,
icp_prod_iamtestpass_user_875,FOCM,Intuit@!123,
icp_prod_iamtestpass_user_876,FXLN,Intuit@!123,
icp_prod_iamtestpass_user_877,ZUPQ,Intuit@!123,
icp_prod_iamtestpass_user_878,HZLW,Intuit@!123,
icp_prod_iamtestpass_user_879,EPPU,Intuit@!123,
icp_prod_iamtestpass_user_880,ZUVH,Intuit@!123,
icp_prod_iamtestpass_user_881,XSPE,Intuit@!123,
icp_prod_iamtestpass_user_882,HDEX,Intuit@!123,
icp_prod_iamtestpass_user_883,LQLX,Intuit@!123,
icp_prod_iamtestpass_user_884,MEGS,Intuit@!123,
icp_prod_iamtestpass_user_885,XITL,Intuit@!123,
icp_prod_iamtestpass_user_886,WQJD,Intuit@!123,
icp_prod_iamtestpass_user_887,OWXC,Intuit@!123,
icp_prod_iamtestpass_user_888,ANUQ,Intuit@!123,
icp_prod_iamtestpass_user_889,JWAQ,Intuit@!123,
icp_prod_iamtestpass_user_890,JIBV,Intuit@!123,
icp_prod_iamtestpass_user_891,DZBR,Intuit@!123,
icp_prod_iamtestpass_user_892,ICVB,Intuit@!123,
icp_prod_iamtestpass_user_893,JGIF,Intuit@!123,
icp_prod_iamtestpass_user_894,GRGE,Intuit@!123,
icp_prod_iamtestpass_user_895,NTQF,Intuit@!123,
icp_prod_iamtestpass_user_896,LJHC,Intuit@!123,
icp_prod_iamtestpass_user_897,FUUJ,Intuit@!123,
icp_prod_iamtestpass_user_898,EZBG,Intuit@!123,
icp_prod_iamtestpass_user_899,HGSX,Intuit@!123,
icp_prod_iamtestpass_user_900,UIPG,Intuit@!123,
icp_prod_iamtestpass_user_901,EXSN,Intuit@!123,
icp_prod_iamtestpass_user_902,DSYI,Intuit@!123,
icp_prod_iamtestpass_user_903,JSYF,Intuit@!123,
icp_prod_iamtestpass_user_904,RTQV,Intuit@!123,
icp_prod_iamtestpass_user_905,QRFY,Intuit@!123,
icp_prod_iamtestpass_user_906,ZHJI,Intuit@!123,
icp_prod_iamtestpass_user_907,MESM,Intuit@!123,
icp_prod_iamtestpass_user_908,MVBL,Intuit@!123,
icp_prod_iamtestpass_user_909,AKGJ,Intuit@!123,
icp_prod_iamtestpass_user_910,RGNL,Intuit@!123,
icp_prod_iamtestpass_user_911,MWDA,Intuit@!123,
icp_prod_iamtestpass_user_912,VZVH,Intuit@!123,
icp_prod_iamtestpass_user_913,RBZK,Intuit@!123,
icp_prod_iamtestpass_user_914,NZHJ,Intuit@!123,
icp_prod_iamtestpass_user_915,LIQO,Intuit@!123,
icp_prod_iamtestpass_user_916,JLOF,Intuit@!123,
icp_prod_iamtestpass_user_917,SUNO,Intuit@!123,
icp_prod_iamtestpass_user_918,SHHI,Intuit@!123,
icp_prod_iamtestpass_user_919,SVWN,Intuit@!123,
icp_prod_iamtestpass_user_920,TRAC,Intuit@!123,
icp_prod_iamtestpass_user_921,GOLO,Intuit@!123,
icp_prod_iamtestpass_user_922,VLLF,Intuit@!123,
icp_prod_iamtestpass_user_923,SBVX,Intuit@!123,
icp_prod_iamtestpass_user_924,NZWF,Intuit@!123,
icp_prod_iamtestpass_user_925,SILE,Intuit@!123,
icp_prod_iamtestpass_user_926,KFPW,Intuit@!123,
icp_prod_iamtestpass_user_927,CEXJ,Intuit@!123,
icp_prod_iamtestpass_user_928,WPGL,Intuit@!123,
icp_prod_iamtestpass_user_929,VCCU,Intuit@!123,
icp_prod_iamtestpass_user_930,PEOC,Intuit@!123,
icp_prod_iamtestpass_user_931,GKUL,Intuit@!123,
icp_prod_iamtestpass_user_932,THCE,Intuit@!123,
icp_prod_iamtestpass_user_933,BCSG,Intuit@!123,
icp_prod_iamtestpass_user_934,IKPC,Intuit@!123,
icp_prod_iamtestpass_user_935,CRYT,Intuit@!123,
icp_prod_iamtestpass_user_936,QAPB,Intuit@!123,
icp_prod_iamtestpass_user_937,MKRZ,Intuit@!123,
icp_prod_iamtestpass_user_938,GCQR,Intuit@!123,
icp_prod_iamtestpass_user_939,OCNQ,Intuit@!123,
icp_prod_iamtestpass_user_940,GIWL,Intuit@!123,
icp_prod_iamtestpass_user_941,FLJS,Intuit@!123,
icp_prod_iamtestpass_user_942,VIMA,Intuit@!123,
icp_prod_iamtestpass_user_943,GHWW,Intuit@!123,
icp_prod_iamtestpass_user_944,ZSQA,Intuit@!123,
icp_prod_iamtestpass_user_945,VLMT,Intuit@!123,
icp_prod_iamtestpass_user_946,LXTN,Intuit@!123,
icp_prod_iamtestpass_user_947,SAKH,Intuit@!123,
icp_prod_iamtestpass_user_948,CMAI,Intuit@!123,
icp_prod_iamtestpass_user_949,OUNL,Intuit@!123,
icp_prod_iamtestpass_user_950,SXNV,Intuit@!123,
icp_prod_iamtestpass_user_951,OEEN,Intuit@!123,
icp_prod_iamtestpass_user_952,FCAK,Intuit@!123,
icp_prod_iamtestpass_user_953,YJAF,Intuit@!123,
icp_prod_iamtestpass_user_954,WSDM,Intuit@!123,
icp_prod_iamtestpass_user_955,MVQG,Intuit@!123,
icp_prod_iamtestpass_user_956,HMQD,Intuit@!123,
icp_prod_iamtestpass_user_957,RPPC,Intuit@!123,
icp_prod_iamtestpass_user_958,JTTV,Intuit@!123,
icp_prod_iamtestpass_user_959,XQEU,Intuit@!123,
icp_prod_iamtestpass_user_960,DTRK,Intuit@!123,
icp_prod_iamtestpass_user_961,BBPR,Intuit@!123,
icp_prod_iamtestpass_user_962,YOCG,Intuit@!123,
icp_prod_iamtestpass_user_963,JEPE,Intuit@!123,
icp_prod_iamtestpass_user_964,OVRI,Intuit@!123,
icp_prod_iamtestpass_user_965,ZLYQ,Intuit@!123,
icp_prod_iamtestpass_user_966,VSZI,Intuit@!123,
icp_prod_iamtestpass_user_967,GQRO,Intuit@!123,
icp_prod_iamtestpass_user_968,PSAU,Intuit@!123,
icp_prod_iamtestpass_user_969,EOXK,Intuit@!123,
icp_prod_iamtestpass_user_970,FBTZ,Intuit@!123,
icp_prod_iamtestpass_user_971,KWBK,Intuit@!123,
icp_prod_iamtestpass_user_972,EKEN,Intuit@!123,
icp_prod_iamtestpass_user_973,ZXMB,Intuit@!123,
icp_prod_iamtestpass_user_974,WKIL,Intuit@!123,
icp_prod_iamtestpass_user_975,GLCH,Intuit@!123,
icp_prod_iamtestpass_user_976,IWCE,Intuit@!123,
icp_prod_iamtestpass_user_977,PSIK,Intuit@!123,
icp_prod_iamtestpass_user_978,GSGI,Intuit@!123,
icp_prod_iamtestpass_user_979,MOHG,Intuit@!123,
icp_prod_iamtestpass_user_980,WTFB,Intuit@!123,
icp_prod_iamtestpass_user_981,KIXF,Intuit@!123,
icp_prod_iamtestpass_user_982,SEOK,Intuit@!123,
icp_prod_iamtestpass_user_983,HTBS,Intuit@!123,
icp_prod_iamtestpass_user_984,TIMX,Intuit@!123,
icp_prod_iamtestpass_user_985,NIGP,Intuit@!123,
icp_prod_iamtestpass_user_986,MLMU,Intuit@!123,
icp_prod_iamtestpass_user_987,PEUZ,Intuit@!123,
icp_prod_iamtestpass_user_988,KTCG,Intuit@!123,
icp_prod_iamtestpass_user_989,ZAAD,Intuit@!123,
icp_prod_iamtestpass_user_990,TUTU,Intuit@!123,
icp_prod_iamtestpass_user_991,AHCO,Intuit@!123,
icp_prod_iamtestpass_user_992,NXWJ,Intuit@!123,
icp_prod_iamtestpass_user_993,PFDJ,Intuit@!123,
icp_prod_iamtestpass_user_994,ZBTN,Intuit@!123,
icp_prod_iamtestpass_user_995,NMVM,Intuit@!123,
icp_prod_iamtestpass_user_996,NEMR,Intuit@!123,
icp_prod_iamtestpass_user_997,SBFA,Intuit@!123,
icp_prod_iamtestpass_user_998,TBPW,Intuit@!123,
icp_prod_iamtestpass_user_999,RVPN,Intuit@!123,
