icp_tta_prf3_iamtestpass_user81,Intuit@!123,icp_tta_prf3_iamtestpass_user81@blackhole.intuit.com,9849925247714190,visa,IVAN,MESSENGER,LANCE,2  RURAL ROUTE   191B,ELMORE CITY,OK,73433,4054695985,cc-1ee8cec0-a76e-4c5f-927f-db8e06df70db,1267162455,9849925247714291,visa,JAMES,JONES,MIGUEL,1832  COUNTRYSIDE  RD ,NIXA,MO,65714,9752046037,cc-4b159da4-1c78-444a-a596-cf5b3a285c96,1267162460
icp_tta_prf3_iamtestpass_user82,Intuit@!123,icp_tta_prf3_iamtestpass_user82@blackhole.intuit.com,9849925247714191,visa,ROBERT,YOUNG,WILLIAM,339 SE REED  RD K4,BEND,OR,97702,9714092303,cc-2083610a-8b56-4cf3-b258-40a36dc800ca,1267162465,9849925247714292,visa,FLORINE,POTTER,JENNIFER,12940  HARRIET S AVE ,BURNSVILLE,MN,55337,6519877736,cc-c115768c-7aab-469f-a3b2-70810579c4ea,1267162540
icp_tta_prf3_iamtestpass_user83,Intuit@!123,icp_tta_prf3_iamtestpass_user83@blackhole.intuit.com,9849925247714192,visa,JOANNIE,MULLINAX,PEGGY,3625  PRIMM  ST ,SAINT LOUIS,MO,63125,5573434434,cc-d42991ea-510d-4999-8393-b87262cc4840,1267162545,9849925247714293,visa,ELIZABETH,MILLER,JANETTA,1495 N 80TH  ST ,SCOTTSDALE,AZ,85257,9288449178,cc-bd31f380-8522-48b7-b3fa-e161ea2288c3,1267162475
icp_tta_prf3_iamtestpass_user84,Intuit@!123,icp_tta_prf3_iamtestpass_user84@blackhole.intuit.com,9849925247714193,visa,KATHRYNE,BREMSETH,MIN,632 E MT CLAIR  ST 2D,SPRINGFIELD,MO,65807,4178324452,cc-403c0c2b-8784-4ea7-80bf-e17527143f5c,1267162495,9849925247714294,visa,ROLANDO,MCDONALD,RICARDO,4025 S 150 W  ,LAGRANGE,IN,46761,2193941421,cc-24f4d5bb-0682-42c8-af85-16367ff387a2,1267162495
icp_tta_prf3_iamtestpass_user85,Intuit@!123,icp_tta_prf3_iamtestpass_user85@blackhole.intuit.com,9849925247714194,visa,HEATHER,ADAMSKI,LORETTA,1910  SOUTHERN  AVE E6,BILOXI,MS,39531,6017514970,cc-0760a567-3e8b-464f-aafa-10370a5d9e5a,1267162560,9849925247714295,visa,BRIAN,ZENISEK,ROBERT,5203 W JEFFERSON  ST ,GROVES,TX,77619,8326455669,cc-2ef3b5df-4000-4be5-8bdc-c1f4a27aafbb,1267162570
icp_tta_prf3_iamtestpass_user86,Intuit@!123,icp_tta_prf3_iamtestpass_user86@blackhole.intuit.com,9849925247714195,visa,GERI,MARTHE,MARY,369 N LAFAYETTE PK  PL ,LOS ANGELES,CA,90026,9095381848,cc-640d651a-8ee8-4df3-a12f-953f1570d2da,1267162600,9849925247714296,visa,MARY,BOYD,CAROLINE,9004  PO BOX   ,CANTON,OH,44711,9377048700,cc-b872bcbf-1675-459d-9f83-b1c45b4c5710,1267162610
icp_tta_prf3_iamtestpass_user87,Intuit@!123,icp_tta_prf3_iamtestpass_user87@blackhole.intuit.com,9849925247714196,visa,ROBERT,GRIFFITH,ALBERT,31  OLD FORGE  RD ,PENNSVILLE,NJ,08070,9736395691,cc-09a2d021-63de-4f8c-8a3e-5e776b519959,1267162615,9849925247714297,visa,JAMES,HATFIELD,LEO,2615  CALDER  ST 400,BEAUMONT,TX,77702,7133129869,cc-a6df09c9-941b-4db0-b832-ab4319701fff,1267162715
icp_tta_prf3_iamtestpass_user88,Intuit@!123,icp_tta_prf3_iamtestpass_user88@blackhole.intuit.com,9849925247714197,visa,DOROTHY,HENSLEY,HELEN,8001  JACQUIS  RD ,WINNECONNE,WI,54986,9202061442,cc-126767ff-eeff-4ab8-bc09-d8cf1152a7b8,1267162625,9849925247714298,visa,JEANNETTE,HOLMES,WINNIFRED,914  COUNTY ROAD 4005   ,ARLEY,AL,35541,2562437768,cc-072cbf7f-2c86-4dbd-b481-5ac47bda8b3a,1267162625
icp_tta_prf3_iamtestpass_user89,Intuit@!123,icp_tta_prf3_iamtestpass_user89@blackhole.intuit.com,9849925247714198,visa,HERBERT,GERRY,JOHN,5223  GEORGIA NW AVE B,WASHINGTON,DC,20011,2025201787,cc-58ec5df4-ffaf-4e4a-a727-e2592f778e64,1267162745,9849925247714299,visa,NANCY,VILLEGAS,SANDEE,15  FAUSNACHT  DR ,DENVER,PA,17517,4847292054,cc-5c558f7d-ccbe-4ba8-b663-46669b8ddeea,1267162645
icp_tta_prf3_iamtestpass_user90,Intuit@!123,icp_tta_prf3_iamtestpass_user90@blackhole.intuit.com,9849925247714199,visa,JOSEPHINE,COLLINS,TONI,870  5TH  AVE ,YOUNGSTOWN,OH,44504,6143541860,cc-8d99ba25-9736-4492-b88e-2378e0d587c9,1267162655,9849925247714300,visa,JUDY,THOMAS,LILY,1057  LINCOLN NW AVE ,GRAND RAPIDS,MI,49504,3134687974,cc-22d2816e-68d0-432b-b6ef-728233c0747b,1267162655
icp_tta_prf3_iamtestpass_user91,Intuit@!123,icp_tta_prf3_iamtestpass_user91@blackhole.intuit.com,9849925247714200,visa,ALTON,RYBAK,DANIEL,336  VAN BUREN  ST ,HOLLYWOOD,FL,33019,8503096065,cc-ec174d3b-3dd8-4c95-9c9e-ee162323b3a8,1267162785,9849925247714301,visa,EDNA,WILLARDSON,ALICE,508  BLUE HERON  DR ,PULASKI,WI,54162,2622454440,cc-ae69db1d-6be3-4709-9cb9-3512c4c858d2,1267162790
icp_tta_prf3_iamtestpass_user92,Intuit@!123,icp_tta_prf3_iamtestpass_user92@blackhole.intuit.com,9849925247714201,visa,CARRIE,WILLIAMS,KATHLEEN,11110  76TH  RD C3,FOREST HILLS,NY,11375,2124309914,cc-d5ad630b-ae05-4f6d-bd67-055d7c2f03f6,1267162795,9849925247714302,visa,JOHN,DAVIS,PHILLIP,51  SANTA CLARA  AVE ,EUGENE,OR,97404,5033641523,cc-3400de8d-e8ed-49f6-817c-48c074f8b80a,1267162680
icp_tta_prf3_iamtestpass_user93,Intuit@!123,icp_tta_prf3_iamtestpass_user93@blackhole.intuit.com,9849925247714202,visa,ERNEST,DAVIS,JOSE,4197  NORGE  RD ,CHICKASHA,OK,73018,5807450791,cc-492712a5-5693-45c2-8088-ba8c7257f0d9,1267162805,9849925247714303,visa,ERICA,CAIN,MARIE,657  SHADY CREEK  DR ,GRAPEVINE,TX,76051,3253861502,cc-3cfeb86e-8cfc-4646-a4aa-f5d3f8a471ba,1267162815
icp_tta_prf3_iamtestpass_user94,Intuit@!123,icp_tta_prf3_iamtestpass_user94@blackhole.intuit.com,9849925247714203,visa,EFFIE,SANDERS,DIXIE,3615  KEELAND  ST 5,HOUSTON,TX,77093,6828290166,cc-c9729ead-c5c7-4dee-93a8-1c6327932be5,1267162910,9849925247714304,visa,HARRY,JERNIGAN,MARK,120 N POINT  DR 273,DORCHESTER,MA,02125,5083728185,cc-71e598da-765d-4017-a7f2-d57b536c3e9c,1267162820
icp_tta_prf3_iamtestpass_user95,Intuit@!123,icp_tta_prf3_iamtestpass_user95@blackhole.intuit.com,9849925247714204,visa,BRETT,JACOBSON,BRUCE,2140 E FM 916   ,CLEBURNE,TX,76031,9032828513,cc-bb494a7c-d5b9-4e2d-ad7f-9b873f7e5bc4,1267162925,9849925247714305,visa,DREAMA,CADENA,CATHERINE,40905  FAUX PAS  RD ,ZEPHYRHILLS,FL,33540,6896470586,cc-7e2e3b54-8cc5-45ed-8ff9-e05fc0587b1c,1267162830
icp_tta_prf3_iamtestpass_user96,Intuit@!123,icp_tta_prf3_iamtestpass_user96@blackhole.intuit.com,9849925247714205,visa,FRANK,NEMETH,VICTOR,1474  HUNTERS  DR ,MERCED,CA,95340,8053813695,cc-792bbea8-2e65-493c-b589-20c864afaa43,1267162840,9849925247714306,visa,JOSEPH,CLARK,ROBERT,4221 NW 62ND  RD ,BOCA RATON,FL,33496,8618180497,cc-04609932-df85-4443-8290-437c58b3f382,1267162950
icp_tta_prf3_iamtestpass_user97,Intuit@!123,icp_tta_prf3_iamtestpass_user97@blackhole.intuit.com,9849925247714206,visa,SUSAN,SANDERS,SANDRA,9222 N COTTONWOOD  DR ,IDAHO FALLS,ID,83401,2082213822,cc-d590c1cf-98d1-4bdd-9e45-a15ede4ef096,1267162850,9849925247714307,visa,KATHLEEN,ARCHER,VICTORIA,218 N LA CROSSE  AVE ,CHICAGO,IL,60644,6182486148,cc-7e7c8af9-0166-4d06-a9f5-9248e53266ec,1267162960
icp_tta_prf3_iamtestpass_user98,Intuit@!123,icp_tta_prf3_iamtestpass_user98@blackhole.intuit.com,9849925247714207,visa,ADAM,CURRY,BRUCE,5114  PT FOSDICK NW DR E,GIG HARBOR,WA,98335,3602496469,cc-f0b58a9a-751d-411c-8025-1d6ccb926ba2,1267162865,9849925247714308,visa,CLYDE,HUMPHREY,DERRICK,89  HIDDENBROOKE  DR ,BEACON,NY,12508,7183537837,cc-18941d56-2453-4fc7-93e2-b02acbcc6830,1267162870
icp_tta_prf3_iamtestpass_user99,Intuit@!123,icp_tta_prf3_iamtestpass_user99@blackhole.intuit.com,9849925247714208,visa,CLARICE,GRIFFIN,ANNETTE,6728  FRANKLIN SE RD ,DEMING,NM,88030,5054135472,cc-6b003e77-48c5-4013-b4fa-affb16cb03d9,1267162875,9849925247714309,visa,ANGELA,LAFLECHE,JENNY,9229  FAIRLEE  RD ,CHESTERTOWN,MD,21620,9693440982,cc-21b62ad1-cde6-4128-9ba8-f573d65f5841,1267162990
icp_tta_prf3_iamtestpass_user100,Intuit@!123,icp_tta_prf3_iamtestpass_user100@blackhole.intuit.com,9849925247714209,visa,RENEE,LANE,WILMA,14487  TRACE  RD ,RUSH,KY,41168,6069513314,cc-1264a4bd-d287-454f-95bd-2f4beb6c4248,1267162995,9849925247714310,visa,TONY,VILLALTA,ALLEN,619  CARROLLWOOD  RD ,MIDDLE RIVER,MD,21220,2492142005,cc-14327402-7dff-4ad7-be66-996aa49eae65,1267163005
