entitlement,QST99103051901021/skuty17tt_basic_dlw,orderId/skuCode,started,eStore92,ICP,eStore92Watcher
entitlement,QST99103051901021/skuty17tt_basic_dlw,orderId/skuCode,success,eStore92,ICP,eStore92Watcher
entitlement,QST99103051901022/skuty17tt_basic_dlw,orderId/skuCode,started,eStore92,ICP,eStore92Watcher
entitlement,QST99103051901022/skuty17tt_basic_dlw,orderId/skuCode,success,eStore92,ICP,eStore92Watcher
entitlement,QST99103051901023/skuty17tt_basic_dlw,orderId/skuCode,started,eStore92,ICP,eStore92Watcher
entitlement,QST99103051901023/skuty17tt_basic_dlw,orderId/skuCode,success,eStore92,ICP,eStore92Watcher
entitlement,QST99103051901024/skuty17tt_basic_dlw,orderId/skuCode,started,eStore92,ICP,eStore92Watcher
entitlement,QST99103051901024/skuty17tt_basic_dlw,orderId/skuCode,success,eStore92,ICP,eStore92Watcher
entitlement,QST99103051901025/skuty17tt_basic_dlw,orderId/skuCode,started,eStore92,ICP,eStore92Watcher
entitlement,QST99103051901025/skuty17tt_basic_dlw,orderId/skuCode,success,eStore92,ICP,eStore92Watcher
entitlement,QST99103051901026/skuty17tt_basic_dlw,orderId/skuCode,started,eStore92,ICP,eStore92Watcher
entitlement,QST99103051901026/skuty17tt_basic_dlw,orderId/skuCode,success,eStore92,ICP,eStore92Watcher
entitlement,QST99103051901027/skuty17tt_basic_dlw,orderId/skuCode,started,eStore92,ICP,eStore92Watcher
entitlement,QST99103051901027/skuty17tt_basic_dlw,orderId/skuCode,success,eStore92,ICP,eStore92Watcher
entitlement,QST99103051901028/skuty17tt_basic_dlw,orderId/skuCode,started,eStore92,ICP,eStore92Watcher
entitlement,QST99103051901028/skuty17tt_basic_dlw,orderId/skuCode,success,eStore92,ICP,eStore92Watcher
entitlement,QST99103051901029/skuty17tt_basic_dlw,orderId/skuCode,started,eStore92,ICP,eStore92Watcher
entitlement,QST99103051901029/skuty17tt_basic_dlw,orderId/skuCode,success,eStore92,ICP,eStore92Watcher