icpprf_acnt8004,Intuit@!123,KWVTM
icpprf_acnt8005,Intuit@!123,YOGPJ
icpprf_acnt8006,Intuit@!123,LDMIE
icpprf_acnt8007,Intuit@!123,SOGPK
icpprf_acnt8008,Intuit@!123,OVDPO
icpprf_acnt8009,Intuit@!123,GZERS
icpprf_acnt8010,Intuit@!123,RPLGQ
icpprf_acnt8011,Intuit@!123,AZKNG
icpprf_acnt8012,Intuit@!123,KSSEP
icpprf_acnt8013,Intuit@!123,LNRQD
icpprf_acnt8014,Intuit@!123,DRQGW
icpprf_acnt8015,Intuit@!123,VWUWL
icpprf_acnt8016,Intuit@!123,LBGPQ
icpprf_acnt8017,Intuit@!123,JXOJA
icpprf_acnt8018,Intuit@!123,CVVKI
icpprf_acnt8019,Intuit@!123,ZXSCU
icpprf_acnt8020,Intuit@!123,TLUFF
icpprf_acnt8021,Intuit@!123,VMXWX
icpprf_acnt8022,Intuit@!123,RSPSB
icpprf_acnt8023,Intuit@!123,ESXHP
icpprf_acnt8024,Intuit@!123,QASJJ
icpprf_acnt8025,Intuit@!123,FQKMY
icpprf_acnt8026,Intuit@!123,NITJM
icpprf_acnt8027,Intuit@!123,DPYZA
icpprf_acnt8028,Intuit@!123,PIZRY
icpprf_acnt8029,Intuit@!123,NXCZW
icpprf_acnt8030,Intuit@!123,HHUME
icpprf_acnt8031,Intuit@!123,ZGSWB
icpprf_acnt8032,Intuit@!123,FAZTR
icpprf_acnt8033,Intuit@!123,LPVGE
icpprf_acnt8034,Intuit@!123,XRUFT
icpprf_acnt8035,Intuit@!123,JBFLZ
icpprf_acnt8036,Intuit@!123,VZUBI
icpprf_acnt8037,Intuit@!123,SKDSC
icpprf_acnt8038,Intuit@!123,ERGEI
icpprf_acnt8039,Intuit@!123,GYOQQ
icpprf_acnt8040,Intuit@!123,JXDQQ
icpprf_acnt8041,Intuit@!123,RXIIY
icpprf_acnt8042,Intuit@!123,ZJMDU
icpprf_acnt8043,Intuit@!123,GTCDG
icpprf_acnt8044,Intuit@!123,GLCDN
icpprf_acnt8045,Intuit@!123,FYLYL
icpprf_acnt8046,Intuit@!123,FDLQP
icpprf_acnt8047,Intuit@!123,BNASF
icpprf_acnt8048,Intuit@!123,BNFWQ
icpprf_acnt8049,Intuit@!123,UQLCA
icpprf_acnt8050,Intuit@!123,ZXLXW
icpprf_acnt8051,Intuit@!123,JRDIC
icpprf_acnt8052,Intuit@!123,YURMA
icpprf_acnt8053,Intuit@!123,WEXHY
icpprf_acnt8054,Intuit@!123,MODUS
icpprf_acnt8055,Intuit@!123,JOWAD
icpprf_acnt8056,Intuit@!123,DTDWP
icpprf_acnt8057,Intuit@!123,SOICF
icpprf_acnt8058,Intuit@!123,TSAVV
icpprf_acnt8059,Intuit@!123,HNUHT
icpprf_acnt8060,Intuit@!123,BROMG
icpprf_acnt8061,Intuit@!123,MJEFE
icpprf_acnt8062,Intuit@!123,CDITK
icpprf_acnt8063,Intuit@!123,KDPNM
icpprf_acnt8064,Intuit@!123,OKSJW
icpprf_acnt8065,Intuit@!123,IRDFD
icpprf_acnt8066,Intuit@!123,YSXHZ
icpprf_acnt8067,Intuit@!123,MFFOD
icpprf_acnt8068,Intuit@!123,WBVPS
icpprf_acnt8069,Intuit@!123,OJEGX
icpprf_acnt8070,Intuit@!123,WRYBX
icpprf_acnt8071,Intuit@!123,UZNEN
icpprf_acnt8072,Intuit@!123,RSLZK
icpprf_acnt8073,Intuit@!123,FUFBI
icpprf_acnt8074,Intuit@!123,XKKKW
icpprf_acnt8075,Intuit@!123,ODKGJ
icpprf_acnt8076,Intuit@!123,KGDGL
icpprf_acnt8077,Intuit@!123,QGYDC
icpprf_acnt8078,Intuit@!123,XZPYF
icpprf_acnt8079,Intuit@!123,RCLGX
icpprf_acnt8080,Intuit@!123,BMSSQ
icpprf_acnt8081,Intuit@!123,SYYKT
icpprf_acnt8082,Intuit@!123,PLTBI
icpprf_acnt8083,Intuit@!123,OXVTB
icpprf_acnt8084,Intuit@!123,HOAUG
icpprf_acnt8085,Intuit@!123,CAQOB
icpprf_acnt8086,Intuit@!123,WDGKW
icpprf_acnt8087,Intuit@!123,MRLAX
icpprf_acnt8088,Intuit@!123,IGAMM
icpprf_acnt8089,Intuit@!123,BLXLH
icpprf_acnt8090,Intuit@!123,KOLKI
icpprf_acnt8091,Intuit@!123,RUYCK
icpprf_acnt8092,Intuit@!123,ZITMG
icpprf_acnt8093,Intuit@!123,UQTXU
icpprf_acnt8094,Intuit@!123,FBTQX
icpprf_acnt8095,Intuit@!123,NMJXA
icpprf_acnt8096,Intuit@!123,MXDWD
icpprf_acnt8097,Intuit@!123,FLUPA
icpprf_acnt8098,Intuit@!123,OXYOW
icpprf_acnt8099,Intuit@!123,LMRIF
icpprf_acnt8100,Intuit@!123,CBSCK
icpprf_acnt8101,Intuit@!123,RJHYP
icpprf_acnt8102,Intuit@!123,IJQOP
icpprf_acnt8103,Intuit@!123,DDYBD
icpprf_acnt8104,Intuit@!123,ANDZD
icpprf_acnt8105,Intuit@!123,HPLKU
icpprf_acnt8106,Intuit@!123,QMJUM
icpprf_acnt8107,Intuit@!123,KKVKJ
icpprf_acnt8108,Intuit@!123,IZEYU
icpprf_acnt8109,Intuit@!123,JRJUZ
icpprf_acnt8110,Intuit@!123,CEGAO
icpprf_acnt8111,Intuit@!123,GIJPE
icpprf_acnt8112,Intuit@!123,YULJE
icpprf_acnt8113,Intuit@!123,BPYKS
icpprf_acnt8114,Intuit@!123,EZLYF
icpprf_acnt8115,Intuit@!123,OLNLQ
icpprf_acnt8116,Intuit@!123,WPWTI
icpprf_acnt8117,Intuit@!123,OIXKW
icpprf_acnt8118,Intuit@!123,QHVRP
icpprf_acnt8119,Intuit@!123,JKBVS
icpprf_acnt8120,Intuit@!123,WPZLS
icpprf_acnt8121,Intuit@!123,PNCAF
icpprf_acnt8122,Intuit@!123,OSLDK
icpprf_acnt8123,Intuit@!123,KKSLO
icpprf_acnt8124,Intuit@!123,VZWBP
icpprf_acnt8125,Intuit@!123,ZJKCH
icpprf_acnt8126,Intuit@!123,QUZZG
icpprf_acnt8127,Intuit@!123,SCWKX
icpprf_acnt8128,Intuit@!123,DXSVN
icpprf_acnt8129,Intuit@!123,OZRTB
icpprf_acnt8130,Intuit@!123,VTRGD
icpprf_acnt8131,Intuit@!123,PVJTM
icpprf_acnt8132,Intuit@!123,MQNTM
icpprf_acnt8133,Intuit@!123,JSYKS
icpprf_acnt8134,Intuit@!123,ULXJT
icpprf_acnt8135,Intuit@!123,FDGTO
icpprf_acnt8136,Intuit@!123,URPJY
icpprf_acnt8137,Intuit@!123,ZOQMH
icpprf_acnt8138,Intuit@!123,SQBFU
icpprf_acnt8139,Intuit@!123,VUFBF
icpprf_acnt8140,Intuit@!123,GOQJM
icpprf_acnt8141,Intuit@!123,TFJAI
icpprf_acnt8142,Intuit@!123,WRNFZ
icpprf_acnt8143,Intuit@!123,HFSBO
icpprf_acnt8144,Intuit@!123,GSYLM
icpprf_acnt8145,Intuit@!123,ROCUG
icpprf_acnt8146,Intuit@!123,ZNSVS
icpprf_acnt8147,Intuit@!123,SNSOA
icpprf_acnt8148,Intuit@!123,ELYXA
icpprf_acnt8149,Intuit@!123,POPPU
icpprf_acnt8150,Intuit@!123,QLXZP
icpprf_acnt8151,Intuit@!123,CZLNE
icpprf_acnt8152,Intuit@!123,MJLUD
icpprf_acnt8153,Intuit@!123,WZSUN
icpprf_acnt8154,Intuit@!123,YLNHZ
icpprf_acnt8155,Intuit@!123,FPNTJ
icpprf_acnt8156,Intuit@!123,FAKIJ
icpprf_acnt8157,Intuit@!123,UNESV
icpprf_acnt8158,Intuit@!123,DEUBG
icpprf_acnt8159,Intuit@!123,QIXUM
icpprf_acnt8160,Intuit@!123,ZUFMA
icpprf_acnt8161,Intuit@!123,QIKNN
icpprf_acnt8162,Intuit@!123,FVMXS
icpprf_acnt8163,Intuit@!123,UTDMD
icpprf_acnt8164,Intuit@!123,EXUEW
icpprf_acnt8165,Intuit@!123,YQUFX
icpprf_acnt8166,Intuit@!123,OIVXZ
icpprf_acnt8167,Intuit@!123,EUWAY
icpprf_acnt8168,Intuit@!123,PSENU
icpprf_acnt8169,Intuit@!123,VTDBV
icpprf_acnt8170,Intuit@!123,XEVKQ
icpprf_acnt8171,Intuit@!123,WEGOE
icpprf_acnt8172,Intuit@!123,MKYLB
icpprf_acnt8173,Intuit@!123,TZXJX
icpprf_acnt8174,Intuit@!123,VQVGX
icpprf_acnt8175,Intuit@!123,GJIFY
icpprf_acnt8176,Intuit@!123,LRZFL
icpprf_acnt8177,Intuit@!123,UDIRQ
icpprf_acnt8178,Intuit@!123,MWIHV
icpprf_acnt8179,Intuit@!123,IYEJE
icpprf_acnt8180,Intuit@!123,UPSGR
icpprf_acnt8181,Intuit@!123,NCAPW
icpprf_acnt8182,Intuit@!123,MUCYW
icpprf_acnt8183,Intuit@!123,LBKIT
icpprf_acnt8184,Intuit@!123,DYDBW
icpprf_acnt8185,Intuit@!123,XRMYI
icpprf_acnt8186,Intuit@!123,SVHRA
icpprf_acnt8187,Intuit@!123,FPCKL
icpprf_acnt8188,Intuit@!123,SCHJH
icpprf_acnt8189,Intuit@!123,WWPUD
icpprf_acnt8190,Intuit@!123,OHRSP
icpprf_acnt8191,Intuit@!123,INTMH
icpprf_acnt8192,Intuit@!123,BAUZI
icpprf_acnt8193,Intuit@!123,HIPDG
icpprf_acnt8194,Intuit@!123,EZEJW
icpprf_acnt8195,Intuit@!123,CFLLD
icpprf_acnt8196,Intuit@!123,GSPYZ
icpprf_acnt8197,Intuit@!123,KYAQH
icpprf_acnt8198,Intuit@!123,ZLFOM
icpprf_acnt8199,Intuit@!123,TRTFI
icpprf_acnt8200,Intuit@!123,MDSQB
icpprf_acnt8201,Intuit@!123,AGOEN
icpprf_acnt8202,Intuit@!123,IEICG
icpprf_acnt8203,Intuit@!123,WWXWV
icpprf_acnt8204,Intuit@!123,TTKVD
icpprf_acnt8205,Intuit@!123,XVBYK
icpprf_acnt8206,Intuit@!123,YLRBN
icpprf_acnt8207,Intuit@!123,EBVPW
icpprf_acnt8208,Intuit@!123,FGPSD
icpprf_acnt8209,Intuit@!123,DDAGA
icpprf_acnt8210,Intuit@!123,QUGMH
icpprf_acnt8211,Intuit@!123,ZXSCH
icpprf_acnt8212,Intuit@!123,GIEAV
icpprf_acnt8213,Intuit@!123,XCVGU
icpprf_acnt8214,Intuit@!123,AVFYF
icpprf_acnt8215,Intuit@!123,WKNGW
icpprf_acnt8216,Intuit@!123,JVXTE
icpprf_acnt8217,Intuit@!123,YQYIG
icpprf_acnt8218,Intuit@!123,UGKQQ
icpprf_acnt8219,Intuit@!123,HWUYV
icpprf_acnt8220,Intuit@!123,OINNS
icpprf_acnt8221,Intuit@!123,MQEBC
icpprf_acnt8222,Intuit@!123,TANAM
icpprf_acnt8223,Intuit@!123,ZHPJF
icpprf_acnt8224,Intuit@!123,TRYOO
icpprf_acnt8225,Intuit@!123,MLFFG
icpprf_acnt8226,Intuit@!123,WRBZL
icpprf_acnt8227,Intuit@!123,NLIUV
icpprf_acnt8228,Intuit@!123,ZOSRQ
icpprf_acnt8229,Intuit@!123,MGIZA
icpprf_acnt8230,Intuit@!123,HYLVM
icpprf_acnt8231,Intuit@!123,NLOKB
icpprf_acnt8232,Intuit@!123,ISYZK
icpprf_acnt8233,Intuit@!123,JIUWD
icpprf_acnt8234,Intuit@!123,TZGOJ
icpprf_acnt8235,Intuit@!123,XXTKT
icpprf_acnt8236,Intuit@!123,DJFME
icpprf_acnt8237,Intuit@!123,DUGNQ
icpprf_acnt8238,Intuit@!123,NTKOF
icpprf_acnt8239,Intuit@!123,NHGCJ
icpprf_acnt8240,Intuit@!123,FKOCC
icpprf_acnt8241,Intuit@!123,RKKNH
icpprf_acnt8242,Intuit@!123,CGXKU
icpprf_acnt8243,Intuit@!123,JDCHO
icpprf_acnt8244,Intuit@!123,VCGIC
icpprf_acnt8245,Intuit@!123,FTQNH
icpprf_acnt8246,Intuit@!123,THPJO
icpprf_acnt8247,Intuit@!123,WOEXI
icpprf_acnt8248,Intuit@!123,BGVSP
icpprf_acnt8249,Intuit@!123,VSFCR
icpprf_acnt8250,Intuit@!123,JNREP
icpprf_acnt8251,Intuit@!123,RKSWH
icpprf_acnt8252,Intuit@!123,QBFIT
icpprf_acnt8253,Intuit@!123,UVPRG
icpprf_acnt8254,Intuit@!123,ITYPM
icpprf_acnt8255,Intuit@!123,LXJUE
icpprf_acnt8256,Intuit@!123,EIXXV
icpprf_acnt8257,Intuit@!123,NQJUU
icpprf_acnt8258,Intuit@!123,UURDP
icpprf_acnt8259,Intuit@!123,FQQUB
icpprf_acnt8260,Intuit@!123,YNRYF
icpprf_acnt8261,Intuit@!123,NOHUJ
icpprf_acnt8262,Intuit@!123,SXXND
icpprf_acnt8263,Intuit@!123,RRJJT
icpprf_acnt8264,Intuit@!123,HFFQZ
icpprf_acnt8265,Intuit@!123,MVGXW
icpprf_acnt8266,Intuit@!123,JVPMP
icpprf_acnt8267,Intuit@!123,GZJOW
icpprf_acnt8268,Intuit@!123,CPKLJ
icpprf_acnt8269,Intuit@!123,RDDNQ
icpprf_acnt8270,Intuit@!123,RKJVV
icpprf_acnt8271,Intuit@!123,LCQFY
icpprf_acnt8272,Intuit@!123,DGYQB
icpprf_acnt8273,Intuit@!123,PBPCU
icpprf_acnt8274,Intuit@!123,SHEMU
icpprf_acnt8275,Intuit@!123,CYCYC
icpprf_acnt8276,Intuit@!123,TDIJG
icpprf_acnt8277,Intuit@!123,EBAFX
icpprf_acnt8278,Intuit@!123,UMUYG
icpprf_acnt8279,Intuit@!123,LPSEQ
icpprf_acnt8280,Intuit@!123,HLYUV
icpprf_acnt8281,Intuit@!123,WPSPQ
icpprf_acnt8282,Intuit@!123,MGYWN
icpprf_acnt8283,Intuit@!123,ISDUB
icpprf_acnt8284,Intuit@!123,RUFAM
icpprf_acnt8285,Intuit@!123,VSLVO
icpprf_acnt8286,Intuit@!123,ETUKZ
icpprf_acnt8287,Intuit@!123,CZLNF
icpprf_acnt8288,Intuit@!123,FURSO
icpprf_acnt8289,Intuit@!123,HHMPR
icpprf_acnt8290,Intuit@!123,DDAHT
icpprf_acnt8291,Intuit@!123,EWSHH
icpprf_acnt8292,Intuit@!123,WJVJN
icpprf_acnt8293,Intuit@!123,EGACN
icpprf_acnt8294,Intuit@!123,RGKQY
icpprf_acnt8295,Intuit@!123,TRDMA
icpprf_acnt8296,Intuit@!123,PSQLT
icpprf_acnt8297,Intuit@!123,GJKDI
icpprf_acnt8298,Intuit@!123,NBOCU
icpprf_acnt8299,Intuit@!123,FVPSB
icpprf_acnt8300,Intuit@!123,CXXQD
icpprf_acnt8301,Intuit@!123,YPOXG
icpprf_acnt8302,Intuit@!123,SWXYN
icpprf_acnt8303,Intuit@!123,CYUQO
icpprf_acnt8304,Intuit@!123,ECKUN
icpprf_acnt8305,Intuit@!123,BVYHK
icpprf_acnt8306,Intuit@!123,SNWHN
icpprf_acnt8307,Intuit@!123,CWLSZ
icpprf_acnt8308,Intuit@!123,ENDDL
icpprf_acnt8309,Intuit@!123,WSIUP
icpprf_acnt8310,Intuit@!123,FXZLH
icpprf_acnt8311,Intuit@!123,MMVBQ
icpprf_acnt8312,Intuit@!123,CJPED
icpprf_acnt8313,Intuit@!123,HSCON
icpprf_acnt8314,Intuit@!123,YRAUF
icpprf_acnt8315,Intuit@!123,XMECQ
icpprf_acnt8316,Intuit@!123,JDKJN
icpprf_acnt8317,Intuit@!123,UGUKE
icpprf_acnt8318,Intuit@!123,AVGFJ
icpprf_acnt8319,Intuit@!123,AEJPP
icpprf_acnt8320,Intuit@!123,HIXFE
icpprf_acnt8321,Intuit@!123,MWOTM
icpprf_acnt8322,Intuit@!123,TCMPC
icpprf_acnt8323,Intuit@!123,RHDTJ
icpprf_acnt8324,Intuit@!123,IBGDN
icpprf_acnt8325,Intuit@!123,ICSNI
icpprf_acnt8326,Intuit@!123,IUFFR
icpprf_acnt8327,Intuit@!123,CBHHP
icpprf_acnt8328,Intuit@!123,SWLFY
icpprf_acnt8329,Intuit@!123,AEIFH
icpprf_acnt8330,Intuit@!123,MNWBR
icpprf_acnt8331,Intuit@!123,JYEJH
icpprf_acnt8332,Intuit@!123,CIGBV
icpprf_acnt8333,Intuit@!123,WHXVQ
icpprf_acnt8334,Intuit@!123,ZZJEL
icpprf_acnt8335,Intuit@!123,MPZWC
icpprf_acnt8336,Intuit@!123,RTTDE
icpprf_acnt8337,Intuit@!123,JBMAX
icpprf_acnt8338,Intuit@!123,RJEON
icpprf_acnt8339,Intuit@!123,WDNQT
icpprf_acnt8340,Intuit@!123,AWYIA
icpprf_acnt8341,Intuit@!123,CQXOH
icpprf_acnt8342,Intuit@!123,QJRBD
icpprf_acnt8343,Intuit@!123,CUAFA
icpprf_acnt8344,Intuit@!123,EUJUG
icpprf_acnt8345,Intuit@!123,DWMJL
icpprf_acnt8346,Intuit@!123,FTILM
icpprf_acnt8347,Intuit@!123,QPCJC
icpprf_acnt8348,Intuit@!123,WSJWT
icpprf_acnt8349,Intuit@!123,TCGTJ
icpprf_acnt8350,Intuit@!123,GQIYY
icpprf_acnt8351,Intuit@!123,CTKBL
icpprf_acnt8352,Intuit@!123,HWIBR
icpprf_acnt8353,Intuit@!123,RBQFN
icpprf_acnt8354,Intuit@!123,FSRVS
icpprf_acnt8355,Intuit@!123,MCFSF
icpprf_acnt8356,Intuit@!123,JEUNB
icpprf_acnt8357,Intuit@!123,PZGPT
icpprf_acnt8358,Intuit@!123,QQMEU
icpprf_acnt8359,Intuit@!123,PFRCO
icpprf_acnt8360,Intuit@!123,XGTBZ
icpprf_acnt8361,Intuit@!123,DDZMA
icpprf_acnt8362,Intuit@!123,AKPQJ
icpprf_acnt8363,Intuit@!123,VUGUG
icpprf_acnt8364,Intuit@!123,ANCBI
icpprf_acnt8365,Intuit@!123,QCCIR
icpprf_acnt8366,Intuit@!123,AEDAT
icpprf_acnt8367,Intuit@!123,HWJPP
icpprf_acnt8368,Intuit@!123,MSBVW
icpprf_acnt8369,Intuit@!123,XDMNT
icpprf_acnt8370,Intuit@!123,PKNBH
icpprf_acnt8371,Intuit@!123,TRDHY
icpprf_acnt8372,Intuit@!123,MFBVJ
icpprf_acnt8373,Intuit@!123,HNGJZ
icpprf_acnt8374,Intuit@!123,GSCLW
icpprf_acnt8375,Intuit@!123,COQJL
icpprf_acnt8376,Intuit@!123,TWYKG
icpprf_acnt8377,Intuit@!123,EWSXD
icpprf_acnt8378,Intuit@!123,PGKSP
icpprf_acnt8379,Intuit@!123,PTWIN
icpprf_acnt8380,Intuit@!123,QHAWB
icpprf_acnt8381,Intuit@!123,IGLLP
icpprf_acnt8382,Intuit@!123,UAVQX
icpprf_acnt8383,Intuit@!123,DQLQW
icpprf_acnt8384,Intuit@!123,RFXYT
icpprf_acnt8385,Intuit@!123,ICUMQ
icpprf_acnt8386,Intuit@!123,FHBZR
icpprf_acnt8387,Intuit@!123,YDNXI
icpprf_acnt8388,Intuit@!123,BLIUW
icpprf_acnt8389,Intuit@!123,KTTEL
icpprf_acnt8390,Intuit@!123,ABKJB
icpprf_acnt8391,Intuit@!123,LDKYE
icpprf_acnt8392,Intuit@!123,TRSBA
icpprf_acnt8393,Intuit@!123,TYEAQ
icpprf_acnt8394,Intuit@!123,EHINL
icpprf_acnt8395,Intuit@!123,NHIHZ
icpprf_acnt8396,Intuit@!123,PPGUN
icpprf_acnt8397,Intuit@!123,HOBXQ
icpprf_acnt8398,Intuit@!123,CORJT
icpprf_acnt8399,Intuit@!123,AATHL
icpprf_acnt8400,Intuit@!123,VAPKU
icpprf_acnt8401,Intuit@!123,HGTHL
icpprf_acnt8402,Intuit@!123,SCLCT
icpprf_acnt8403,Intuit@!123,LBTDM
icpprf_acnt8404,Intuit@!123,VVKQF
icpprf_acnt8405,Intuit@!123,IAPJC
icpprf_acnt8406,Intuit@!123,IBRUC
icpprf_acnt8407,Intuit@!123,ZTFMS
icpprf_acnt8408,Intuit@!123,ZDWGJ
icpprf_acnt8409,Intuit@!123,JHIEY
icpprf_acnt8410,Intuit@!123,WVAZY
icpprf_acnt8411,Intuit@!123,PXVIG
icpprf_acnt8412,Intuit@!123,OVDAS
icpprf_acnt8413,Intuit@!123,ZXVXW
icpprf_acnt8414,Intuit@!123,IXIFL
icpprf_acnt8415,Intuit@!123,RQVZH
icpprf_acnt8416,Intuit@!123,RSWBB
icpprf_acnt8417,Intuit@!123,JQJQQ
icpprf_acnt8418,Intuit@!123,VGUYJ
icpprf_acnt8419,Intuit@!123,SMKMU
icpprf_acnt8420,Intuit@!123,KZPPX
icpprf_acnt8421,Intuit@!123,RQVOT
icpprf_acnt8422,Intuit@!123,KEGEI
icpprf_acnt8423,Intuit@!123,LXXCV
icpprf_acnt8424,Intuit@!123,EIMVB
icpprf_acnt8425,Intuit@!123,HEBKY
icpprf_acnt8426,Intuit@!123,PVSCL
icpprf_acnt8427,Intuit@!123,VVSVA
icpprf_acnt8428,Intuit@!123,ONPAT
icpprf_acnt8429,Intuit@!123,UZYHG
icpprf_acnt8430,Intuit@!123,TZAVA
icpprf_acnt8431,Intuit@!123,VUFWV
icpprf_acnt8432,Intuit@!123,NNWCW
icpprf_acnt8433,Intuit@!123,XTELG
icpprf_acnt8434,Intuit@!123,IUOFO
icpprf_acnt8435,Intuit@!123,DEKMM
icpprf_acnt8436,Intuit@!123,IYNAP
icpprf_acnt8437,Intuit@!123,GGQWI
icpprf_acnt8438,Intuit@!123,LNMIE
icpprf_acnt8439,Intuit@!123,GFJET
icpprf_acnt8440,Intuit@!123,VRZZB
icpprf_acnt8441,Intuit@!123,JZXFW
icpprf_acnt8442,Intuit@!123,IYVDG
icpprf_acnt8443,Intuit@!123,SGHRM
icpprf_acnt8444,Intuit@!123,CUFXN
icpprf_acnt8445,Intuit@!123,YSQBM
icpprf_acnt8446,Intuit@!123,OWXTQ
icpprf_acnt8447,Intuit@!123,FBCHG
icpprf_acnt8448,Intuit@!123,HEKTI
icpprf_acnt8449,Intuit@!123,IWZDZ
icpprf_acnt8450,Intuit@!123,AHHTC
icpprf_acnt8451,Intuit@!123,VQSMC
icpprf_acnt8452,Intuit@!123,USBGU
icpprf_acnt8453,Intuit@!123,ZNTGT
icpprf_acnt8454,Intuit@!123,HWHPM
icpprf_acnt8455,Intuit@!123,QBLYX
icpprf_acnt8456,Intuit@!123,ESTMR
icpprf_acnt8457,Intuit@!123,WLZRH
icpprf_acnt8458,Intuit@!123,SIQYH
icpprf_acnt8459,Intuit@!123,TCOHP
icpprf_acnt8460,Intuit@!123,XMJLN
icpprf_acnt8461,Intuit@!123,YHMIP
icpprf_acnt8462,Intuit@!123,AWATE
icpprf_acnt8463,Intuit@!123,UJWOU
icpprf_acnt8464,Intuit@!123,MHACT
icpprf_acnt8465,Intuit@!123,RGBBS
icpprf_acnt8466,Intuit@!123,WNUNZ
icpprf_acnt8467,Intuit@!123,JNBIS
icpprf_acnt8468,Intuit@!123,GWTAC
icpprf_acnt8469,Intuit@!123,WIGNO
icpprf_acnt8470,Intuit@!123,MRSSM
icpprf_acnt8471,Intuit@!123,RUFJF
icpprf_acnt8472,Intuit@!123,WVAOT
icpprf_acnt8473,Intuit@!123,TAAHH
icpprf_acnt8474,Intuit@!123,YJEGA
icpprf_acnt8475,Intuit@!123,PMDGN
icpprf_acnt8476,Intuit@!123,CNMUL
icpprf_acnt8477,Intuit@!123,CMUOH
icpprf_acnt8478,Intuit@!123,HQNFP
icpprf_acnt8479,Intuit@!123,ALDBE
icpprf_acnt8480,Intuit@!123,LCWFD
icpprf_acnt8481,Intuit@!123,EMQNR
icpprf_acnt8482,Intuit@!123,JXMMA
icpprf_acnt8483,Intuit@!123,FIXTC
icpprf_acnt8484,Intuit@!123,LRRUE
icpprf_acnt8485,Intuit@!123,NSZWO
icpprf_acnt8486,Intuit@!123,NWSRQ
icpprf_acnt8487,Intuit@!123,LOCDH
icpprf_acnt8488,Intuit@!123,OOIYQ
icpprf_acnt8489,Intuit@!123,YHLSF
icpprf_acnt8490,Intuit@!123,HIPWS
icpprf_acnt8491,Intuit@!123,MFRNT
icpprf_acnt8492,Intuit@!123,DACKD
icpprf_acnt8493,Intuit@!123,JIXPA
icpprf_acnt8494,Intuit@!123,OYBQS
icpprf_acnt8495,Intuit@!123,MMOHS
icpprf_acnt8496,Intuit@!123,PSYKB
icpprf_acnt8497,Intuit@!123,YIZWT
icpprf_acnt8498,Intuit@!123,MQJUB
icpprf_acnt8499,Intuit@!123,KGDXA
icpprf_acnt8500,Intuit@!123,GRHRE
icpprf_acnt8501,Intuit@!123,IBYOF
icpprf_acnt8502,Intuit@!123,BFDOX
icpprf_acnt8503,Intuit@!123,NJBRW
icpprf_acnt8504,Intuit@!123,RCTIO
icpprf_acnt8505,Intuit@!123,QDONL
icpprf_acnt8506,Intuit@!123,VGZXY
icpprf_acnt8507,Intuit@!123,BZARG
icpprf_acnt8508,Intuit@!123,ZBHLL
icpprf_acnt8509,Intuit@!123,KSAZV
icpprf_acnt8510,Intuit@!123,PXLIV
icpprf_acnt8511,Intuit@!123,FOADH
icpprf_acnt8512,Intuit@!123,DYTQD
icpprf_acnt8513,Intuit@!123,VUXEP
icpprf_acnt8514,Intuit@!123,UVFCE
icpprf_acnt8515,Intuit@!123,VRFRW
icpprf_acnt8516,Intuit@!123,BAZVN
icpprf_acnt8517,Intuit@!123,MHANR
icpprf_acnt8518,Intuit@!123,JPKPE
icpprf_acnt8519,Intuit@!123,JYOMC
icpprf_acnt8520,Intuit@!123,VDRZC
icpprf_acnt8521,Intuit@!123,VYESY
icpprf_acnt8522,Intuit@!123,BRMIK
icpprf_acnt8523,Intuit@!123,UXIKP
icpprf_acnt8524,Intuit@!123,ZTQBP
icpprf_acnt8525,Intuit@!123,GHBSH
icpprf_acnt8526,Intuit@!123,SOIYI
icpprf_acnt8527,Intuit@!123,XGFDA
icpprf_acnt8528,Intuit@!123,LJXKE
icpprf_acnt8529,Intuit@!123,FIAAU
icpprf_acnt8530,Intuit@!123,LRQEJ
icpprf_acnt8531,Intuit@!123,ZYDFZ
icpprf_acnt8532,Intuit@!123,JPYNL
icpprf_acnt8533,Intuit@!123,BQMLH
icpprf_acnt8534,Intuit@!123,KJUAO
icpprf_acnt8535,Intuit@!123,WDGJI
icpprf_acnt8536,Intuit@!123,YQSLL
icpprf_acnt8537,Intuit@!123,LRUGV
icpprf_acnt8538,Intuit@!123,AXTTF
icpprf_acnt8539,Intuit@!123,DHYSK
icpprf_acnt8540,Intuit@!123,GCMWK
icpprf_acnt8541,Intuit@!123,BXIEI
icpprf_acnt8542,Intuit@!123,DBBFQ
icpprf_acnt8543,Intuit@!123,UTUSE
icpprf_acnt8544,Intuit@!123,TBKPF
icpprf_acnt8545,Intuit@!123,CVQFQ
icpprf_acnt8546,Intuit@!123,UVLBO
icpprf_acnt8547,Intuit@!123,HENNS
icpprf_acnt8548,Intuit@!123,UUEED
icpprf_acnt8549,Intuit@!123,RVSUF
icpprf_acnt8550,Intuit@!123,RFNXO
icpprf_acnt8551,Intuit@!123,TBVXE
icpprf_acnt8552,Intuit@!123,JXLVG
icpprf_acnt8553,Intuit@!123,NGVAB
icpprf_acnt8554,Intuit@!123,STMCW
icpprf_acnt8555,Intuit@!123,KFKDC
icpprf_acnt8556,Intuit@!123,VXMMW
icpprf_acnt8557,Intuit@!123,FHWOZ
icpprf_acnt8558,Intuit@!123,OFOVS
icpprf_acnt8559,Intuit@!123,VUHVI
icpprf_acnt8560,Intuit@!123,AIDHS
icpprf_acnt8561,Intuit@!123,IVZCN
icpprf_acnt8562,Intuit@!123,PVHSG
icpprf_acnt8563,Intuit@!123,EGTND
icpprf_acnt8564,Intuit@!123,CPKEY
icpprf_acnt8565,Intuit@!123,USPTI
icpprf_acnt8566,Intuit@!123,IXXNF
icpprf_acnt8567,Intuit@!123,OXKQW
icpprf_acnt8568,Intuit@!123,WMJPA
icpprf_acnt8569,Intuit@!123,WPLJA
icpprf_acnt8570,Intuit@!123,GOIDR
icpprf_acnt8571,Intuit@!123,QZMQW
icpprf_acnt8572,Intuit@!123,QPYOM
icpprf_acnt8573,Intuit@!123,XDSID
icpprf_acnt8574,Intuit@!123,CZWHV
icpprf_acnt8575,Intuit@!123,GOUIP
icpprf_acnt8576,Intuit@!123,BQDKC
icpprf_acnt8577,Intuit@!123,UUGVA
icpprf_acnt8578,Intuit@!123,UVEMR
icpprf_acnt8579,Intuit@!123,AHADA
icpprf_acnt8580,Intuit@!123,SFNZG
icpprf_acnt8581,Intuit@!123,HBOZL
icpprf_acnt8582,Intuit@!123,QADXT
icpprf_acnt8583,Intuit@!123,CGNNP
icpprf_acnt8584,Intuit@!123,XXPVE
icpprf_acnt8585,Intuit@!123,FVYMC
icpprf_acnt8586,Intuit@!123,AJAWF
icpprf_acnt8587,Intuit@!123,KMLGQ
icpprf_acnt8588,Intuit@!123,RFNZI
icpprf_acnt8589,Intuit@!123,EZXZB
icpprf_acnt8590,Intuit@!123,AYUFI
icpprf_acnt8591,Intuit@!123,TDORZ
icpprf_acnt8592,Intuit@!123,BWVFJ
icpprf_acnt8593,Intuit@!123,SLOMG
icpprf_acnt8594,Intuit@!123,RDEVC
icpprf_acnt8595,Intuit@!123,RXHIH
icpprf_acnt8596,Intuit@!123,OQSTE
icpprf_acnt8597,Intuit@!123,ZXHZS
icpprf_acnt8598,Intuit@!123,SUKVT
icpprf_acnt8599,Intuit@!123,HWQTF
icpprf_acnt8600,Intuit@!123,RBSWW
icpprf_acnt8601,Intuit@!123,QJKSP
icpprf_acnt8602,Intuit@!123,DRDJF
icpprf_acnt8603,Intuit@!123,LFNYX
icpprf_acnt8604,Intuit@!123,RETSO
icpprf_acnt8605,Intuit@!123,SXQGR
icpprf_acnt8606,Intuit@!123,CCAZE
icpprf_acnt8607,Intuit@!123,ZSZAX
icpprf_acnt8608,Intuit@!123,HFHJJ
icpprf_acnt8609,Intuit@!123,WQWYB
icpprf_acnt8610,Intuit@!123,TKGJV
icpprf_acnt8611,Intuit@!123,PFJRE
icpprf_acnt8612,Intuit@!123,MVQAX
icpprf_acnt8613,Intuit@!123,SLHHI
icpprf_acnt8614,Intuit@!123,UYPRB
icpprf_acnt8615,Intuit@!123,HTFBC
icpprf_acnt8616,Intuit@!123,IDWXN
icpprf_acnt8617,Intuit@!123,WPBYY
icpprf_acnt8618,Intuit@!123,LWRJT
icpprf_acnt8619,Intuit@!123,DBMLQ
icpprf_acnt8620,Intuit@!123,FVUUS
icpprf_acnt8621,Intuit@!123,ZVIBP
icpprf_acnt8622,Intuit@!123,JHISS
icpprf_acnt8623,Intuit@!123,QNGZP
icpprf_acnt8624,Intuit@!123,CZKIP
icpprf_acnt8625,Intuit@!123,CVJQF
icpprf_acnt8626,Intuit@!123,EMWAL
icpprf_acnt8627,Intuit@!123,DAJPB
icpprf_acnt8628,Intuit@!123,TQELW
icpprf_acnt8629,Intuit@!123,VAZCA
icpprf_acnt8630,Intuit@!123,SICLO
icpprf_acnt8631,Intuit@!123,MWJMG
icpprf_acnt8632,Intuit@!123,SJOBP
icpprf_acnt8633,Intuit@!123,OXPHR
icpprf_acnt8634,Intuit@!123,SJJLP
icpprf_acnt8635,Intuit@!123,YGZBY
icpprf_acnt8636,Intuit@!123,KBDBQ
icpprf_acnt8637,Intuit@!123,GFSKU
icpprf_acnt8638,Intuit@!123,RSALR
icpprf_acnt8639,Intuit@!123,SFGQJ
icpprf_acnt8640,Intuit@!123,KWJVY
icpprf_acnt8641,Intuit@!123,AICXE
icpprf_acnt8642,Intuit@!123,MWLHI
icpprf_acnt8643,Intuit@!123,EIVLQ
icpprf_acnt8644,Intuit@!123,PELJI
icpprf_acnt8645,Intuit@!123,KZXOQ
icpprf_acnt8646,Intuit@!123,VWZHC
icpprf_acnt8647,Intuit@!123,LFKBJ
icpprf_acnt8648,Intuit@!123,UBQCX
icpprf_acnt8649,Intuit@!123,VCHEX
icpprf_acnt8650,Intuit@!123,GYORQ
icpprf_acnt8651,Intuit@!123,VWWJS
icpprf_acnt8652,Intuit@!123,EWHFV
icpprf_acnt8653,Intuit@!123,MTMYQ
icpprf_acnt8654,Intuit@!123,WXFCX
icpprf_acnt8655,Intuit@!123,RYLCQ
icpprf_acnt8656,Intuit@!123,XHRZY
icpprf_acnt8657,Intuit@!123,CZPYG
icpprf_acnt8658,Intuit@!123,YIVHZ
icpprf_acnt8659,Intuit@!123,DTTRF
icpprf_acnt8660,Intuit@!123,WBDSK
icpprf_acnt8661,Intuit@!123,BPBLI
icpprf_acnt8662,Intuit@!123,ISATY
icpprf_acnt8663,Intuit@!123,IGENB
icpprf_acnt8664,Intuit@!123,SKIPO
icpprf_acnt8665,Intuit@!123,DRTWW
icpprf_acnt8666,Intuit@!123,VRHKX
icpprf_acnt8667,Intuit@!123,XXEYR
icpprf_acnt8668,Intuit@!123,ASOMD
icpprf_acnt8669,Intuit@!123,XBFXT
icpprf_acnt8670,Intuit@!123,YTGGJ
icpprf_acnt8671,Intuit@!123,GLGEM
icpprf_acnt8672,Intuit@!123,IDOWG
icpprf_acnt8673,Intuit@!123,DMQCX
icpprf_acnt8674,Intuit@!123,JKKKQ
icpprf_acnt8675,Intuit@!123,DDJGS
icpprf_acnt8676,Intuit@!123,KIUUK
icpprf_acnt8677,Intuit@!123,YMJRL
icpprf_acnt8678,Intuit@!123,BJECB
icpprf_acnt8679,Intuit@!123,AVVKD
icpprf_acnt8680,Intuit@!123,XZGHD
icpprf_acnt8681,Intuit@!123,ZWCVS
icpprf_acnt8682,Intuit@!123,LQCTB
icpprf_acnt8683,Intuit@!123,HUFXO
icpprf_acnt8684,Intuit@!123,EXQRE
icpprf_acnt8685,Intuit@!123,OGOXS
icpprf_acnt8686,Intuit@!123,JMZHP
icpprf_acnt8687,Intuit@!123,LEZQW
icpprf_acnt8688,Intuit@!123,PTCLQ
icpprf_acnt8689,Intuit@!123,EEOIV
icpprf_acnt8690,Intuit@!123,JAWZG
icpprf_acnt8691,Intuit@!123,ZAJKU
icpprf_acnt8692,Intuit@!123,MWBTV
icpprf_acnt8693,Intuit@!123,GNILI
icpprf_acnt8694,Intuit@!123,QJJZN
icpprf_acnt8695,Intuit@!123,JCINK
icpprf_acnt8696,Intuit@!123,OTJIT
icpprf_acnt8697,Intuit@!123,DCFLH
icpprf_acnt8698,Intuit@!123,SPRLI
icpprf_acnt8699,Intuit@!123,CMFLI
icpprf_acnt8700,Intuit@!123,XJRFS
icpprf_acnt8701,Intuit@!123,NMBTQ
icpprf_acnt8702,Intuit@!123,DIHLL
icpprf_acnt8703,Intuit@!123,RABME
icpprf_acnt8704,Intuit@!123,CPKMQ
icpprf_acnt8705,Intuit@!123,WJOBT
icpprf_acnt8706,Intuit@!123,WTRSX
icpprf_acnt8707,Intuit@!123,PTKOU
icpprf_acnt8708,Intuit@!123,ORXSR
icpprf_acnt8709,Intuit@!123,VDIEG
icpprf_acnt8710,Intuit@!123,ALSFF
icpprf_acnt8711,Intuit@!123,BFPQM
icpprf_acnt8712,Intuit@!123,KONXZ
icpprf_acnt8713,Intuit@!123,ETKXE
icpprf_acnt8714,Intuit@!123,KCUPS
icpprf_acnt8715,Intuit@!123,FILGP
icpprf_acnt8716,Intuit@!123,MZQPM
icpprf_acnt8717,Intuit@!123,NHVLW
icpprf_acnt8718,Intuit@!123,MGBET
icpprf_acnt8719,Intuit@!123,IZJNW
icpprf_acnt8720,Intuit@!123,AXZKG
icpprf_acnt8721,Intuit@!123,ORTTU
icpprf_acnt8722,Intuit@!123,AUDBH
icpprf_acnt8723,Intuit@!123,FXSEG
icpprf_acnt8724,Intuit@!123,YAGYZ
icpprf_acnt8725,Intuit@!123,IRTAK
icpprf_acnt8726,Intuit@!123,TAPNM
icpprf_acnt8727,Intuit@!123,CACRS
icpprf_acnt8728,Intuit@!123,PRNCC
icpprf_acnt8729,Intuit@!123,VSMDB
icpprf_acnt8730,Intuit@!123,UVEMS
icpprf_acnt8731,Intuit@!123,GPJJP
icpprf_acnt8732,Intuit@!123,LUUAT
icpprf_acnt8733,Intuit@!123,YSXUN
icpprf_acnt8734,Intuit@!123,SBUHT
icpprf_acnt8735,Intuit@!123,DOTYZ
icpprf_acnt8736,Intuit@!123,JZZWH
icpprf_acnt8737,Intuit@!123,BYFMY
icpprf_acnt8738,Intuit@!123,PAJKD
icpprf_acnt8739,Intuit@!123,FERBA
icpprf_acnt8740,Intuit@!123,VREQN
icpprf_acnt8741,Intuit@!123,AFBKS
icpprf_acnt8742,Intuit@!123,DUQGD
icpprf_acnt8743,Intuit@!123,TXLXT
icpprf_acnt8744,Intuit@!123,CMLGQ
icpprf_acnt8745,Intuit@!123,FHJUY
icpprf_acnt8746,Intuit@!123,JLZNH
icpprf_acnt8747,Intuit@!123,RFWAA
icpprf_acnt8748,Intuit@!123,VWBMS
icpprf_acnt8749,Intuit@!123,AYPNR
icpprf_acnt8750,Intuit@!123,MWRAU
icpprf_acnt8751,Intuit@!123,BFNRA
icpprf_acnt8752,Intuit@!123,FUCFV
icpprf_acnt8753,Intuit@!123,VQFBG
icpprf_acnt8754,Intuit@!123,ABPDK
icpprf_acnt8755,Intuit@!123,VTSEQ
icpprf_acnt8756,Intuit@!123,XXLRF
icpprf_acnt8757,Intuit@!123,LTLXD
icpprf_acnt8758,Intuit@!123,RFCBK
icpprf_acnt8759,Intuit@!123,ADBAY
icpprf_acnt8760,Intuit@!123,LDAHX
icpprf_acnt8761,Intuit@!123,SVBKO
icpprf_acnt8762,Intuit@!123,PKBEU
icpprf_acnt8763,Intuit@!123,TGKUV
icpprf_acnt8764,Intuit@!123,XKWEQ
icpprf_acnt8765,Intuit@!123,XUXZS
icpprf_acnt8766,Intuit@!123,VIRBJ
icpprf_acnt8767,Intuit@!123,QZTKK
icpprf_acnt8768,Intuit@!123,NWBQD
icpprf_acnt8769,Intuit@!123,DJGOJ
icpprf_acnt8770,Intuit@!123,BBRLL
icpprf_acnt8771,Intuit@!123,CAYHF
icpprf_acnt8772,Intuit@!123,IEEJO
icpprf_acnt8773,Intuit@!123,MFALE
icpprf_acnt8774,Intuit@!123,YXSBB
icpprf_acnt8775,Intuit@!123,BHQQK
icpprf_acnt8776,Intuit@!123,LFIGJ
icpprf_acnt8777,Intuit@!123,EGHGE
icpprf_acnt8778,Intuit@!123,VFNLE
icpprf_acnt8779,Intuit@!123,NDTDH
icpprf_acnt8780,Intuit@!123,IWPLG
icpprf_acnt8781,Intuit@!123,VDUHY
icpprf_acnt8782,Intuit@!123,VFQXV
icpprf_acnt8783,Intuit@!123,UMVFA
icpprf_acnt8784,Intuit@!123,EUJGZ
icpprf_acnt8785,Intuit@!123,HUGIN
icpprf_acnt8786,Intuit@!123,FZSHW
icpprf_acnt8787,Intuit@!123,IHPVA
icpprf_acnt8788,Intuit@!123,AABWI
icpprf_acnt8789,Intuit@!123,ZOFWT
icpprf_acnt8790,Intuit@!123,QQGOQ
icpprf_acnt8791,Intuit@!123,QTBYU
icpprf_acnt8792,Intuit@!123,OMBOT
icpprf_acnt8793,Intuit@!123,KTTAQ
icpprf_acnt8794,Intuit@!123,MOAEM
icpprf_acnt8795,Intuit@!123,OQFMB
icpprf_acnt8796,Intuit@!123,BLQED
icpprf_acnt8797,Intuit@!123,QLDEA
icpprf_acnt8798,Intuit@!123,COYEU
icpprf_acnt8799,Intuit@!123,HWGRS
icpprf_acnt8800,Intuit@!123,TQZUT
icpprf_acnt8801,Intuit@!123,KVRCO
icpprf_acnt8802,Intuit@!123,EIYUO
icpprf_acnt8803,Intuit@!123,BTBEP
icpprf_acnt8804,Intuit@!123,YATKV
icpprf_acnt8805,Intuit@!123,SNGRJ
icpprf_acnt8806,Intuit@!123,PZMRS
icpprf_acnt8807,Intuit@!123,ZZJFI
icpprf_acnt8808,Intuit@!123,SOCKI
icpprf_acnt8809,Intuit@!123,ZYECR
icpprf_acnt8810,Intuit@!123,QQAOS
icpprf_acnt8811,Intuit@!123,BMJGR
icpprf_acnt8812,Intuit@!123,UMFAZ
icpprf_acnt8813,Intuit@!123,ZQQOZ
icpprf_acnt8814,Intuit@!123,RNNVO
icpprf_acnt8815,Intuit@!123,HXYKB
icpprf_acnt8816,Intuit@!123,ROJFV
icpprf_acnt8817,Intuit@!123,HWTIM
icpprf_acnt8818,Intuit@!123,QSJCF
icpprf_acnt8819,Intuit@!123,JAGAB
icpprf_acnt8820,Intuit@!123,ULQWV
icpprf_acnt8821,Intuit@!123,PNEIF
icpprf_acnt8822,Intuit@!123,ZMABD
icpprf_acnt8823,Intuit@!123,PARLZ
icpprf_acnt8824,Intuit@!123,VWGHG
icpprf_acnt8825,Intuit@!123,PTAPF
icpprf_acnt8826,Intuit@!123,EXQFV
icpprf_acnt8827,Intuit@!123,PZKRZ
icpprf_acnt8828,Intuit@!123,MYUMI
icpprf_acnt8829,Intuit@!123,VGJNJ
icpprf_acnt8830,Intuit@!123,ODJMU
icpprf_acnt8831,Intuit@!123,IBPRO
icpprf_acnt8832,Intuit@!123,IMEZI
icpprf_acnt8833,Intuit@!123,CXOLZ
icpprf_acnt8834,Intuit@!123,QQDFI
icpprf_acnt8835,Intuit@!123,NTZZI
icpprf_acnt8836,Intuit@!123,QNSML
icpprf_acnt8837,Intuit@!123,VAPWK
icpprf_acnt8838,Intuit@!123,BFXHE
icpprf_acnt8839,Intuit@!123,TBPHV
icpprf_acnt8840,Intuit@!123,DFUAM
icpprf_acnt8841,Intuit@!123,NGQHK
icpprf_acnt8842,Intuit@!123,JKBPD
icpprf_acnt8843,Intuit@!123,QYJHS
icpprf_acnt8844,Intuit@!123,YTXPG
icpprf_acnt8845,Intuit@!123,JJVSZ
icpprf_acnt8846,Intuit@!123,ISOJF
icpprf_acnt8847,Intuit@!123,JUZRC
icpprf_acnt8848,Intuit@!123,IIOOK
icpprf_acnt8849,Intuit@!123,GYTUI
icpprf_acnt8850,Intuit@!123,QHIVS
icpprf_acnt8851,Intuit@!123,URLZW
icpprf_acnt8852,Intuit@!123,CUVHG
icpprf_acnt8853,Intuit@!123,CBANH
icpprf_acnt8854,Intuit@!123,SSEOG
icpprf_acnt8855,Intuit@!123,IQZMH
icpprf_acnt8856,Intuit@!123,AUCPD
icpprf_acnt8857,Intuit@!123,ANJRL
icpprf_acnt8858,Intuit@!123,AESFN
icpprf_acnt8859,Intuit@!123,RMVET
icpprf_acnt8860,Intuit@!123,HYNNB
icpprf_acnt8861,Intuit@!123,MDTYG
icpprf_acnt8862,Intuit@!123,NCSSN
icpprf_acnt8863,Intuit@!123,EDCDQ
icpprf_acnt8864,Intuit@!123,NKOOM
icpprf_acnt8865,Intuit@!123,OCFBG
icpprf_acnt8866,Intuit@!123,HTFKQ
icpprf_acnt8867,Intuit@!123,GQZCQ
icpprf_acnt8868,Intuit@!123,OJURF
icpprf_acnt8869,Intuit@!123,WHDEK
icpprf_acnt8870,Intuit@!123,DSPQB
icpprf_acnt8871,Intuit@!123,EZIRB
icpprf_acnt8872,Intuit@!123,SAAKC
icpprf_acnt8873,Intuit@!123,LTHYC
icpprf_acnt8874,Intuit@!123,YYATK
icpprf_acnt8875,Intuit@!123,OLKII
icpprf_acnt8876,Intuit@!123,KVOSS
icpprf_acnt8877,Intuit@!123,GINSL
icpprf_acnt8878,Intuit@!123,FHNXN
icpprf_acnt8879,Intuit@!123,UCNFP
icpprf_acnt8880,Intuit@!123,BVNHT
icpprf_acnt8881,Intuit@!123,NEMZR
icpprf_acnt8882,Intuit@!123,KJDRJ
icpprf_acnt8883,Intuit@!123,SRLPS
icpprf_acnt8884,Intuit@!123,FPODS
icpprf_acnt8885,Intuit@!123,JGYKJ
icpprf_acnt8886,Intuit@!123,MXAPV
icpprf_acnt8887,Intuit@!123,MDMGS
icpprf_acnt8888,Intuit@!123,UTNJU
icpprf_acnt8889,Intuit@!123,PIEEI
icpprf_acnt8890,Intuit@!123,PLQFI
icpprf_acnt8891,Intuit@!123,SQHEX
icpprf_acnt8892,Intuit@!123,HHBXO
icpprf_acnt8893,Intuit@!123,MPXPP
icpprf_acnt8894,Intuit@!123,PGMLQ
icpprf_acnt8895,Intuit@!123,KXTDV
icpprf_acnt8896,Intuit@!123,CRDZR
icpprf_acnt8897,Intuit@!123,YUEZL
icpprf_acnt8898,Intuit@!123,JCBSB
icpprf_acnt8899,Intuit@!123,NXYUP
icpprf_acnt8900,Intuit@!123,MPHXN
icpprf_acnt8901,Intuit@!123,ACEIN
icpprf_acnt8902,Intuit@!123,ATQFV
icpprf_acnt8903,Intuit@!123,GTSIZ
icpprf_acnt8904,Intuit@!123,GXNLI
icpprf_acnt8905,Intuit@!123,QWQEE
icpprf_acnt8906,Intuit@!123,QYXBG
icpprf_acnt8907,Intuit@!123,MXIDK
icpprf_acnt8908,Intuit@!123,DQHEK
icpprf_acnt8909,Intuit@!123,PEQYW
icpprf_acnt8910,Intuit@!123,CMLFY
icpprf_acnt8911,Intuit@!123,RJYNC
icpprf_acnt8912,Intuit@!123,LQZPT
icpprf_acnt8913,Intuit@!123,DCXFZ
icpprf_acnt8914,Intuit@!123,DVPGT
icpprf_acnt8915,Intuit@!123,NNVYA
icpprf_acnt8916,Intuit@!123,WBVAR
icpprf_acnt8917,Intuit@!123,PSOQJ
icpprf_acnt8918,Intuit@!123,MLMZT
icpprf_acnt8919,Intuit@!123,VTPDN
icpprf_acnt8920,Intuit@!123,RZXKN
icpprf_acnt8921,Intuit@!123,XWELM
icpprf_acnt8922,Intuit@!123,GOVBB
icpprf_acnt8923,Intuit@!123,VBORP
icpprf_acnt8924,Intuit@!123,LEOTD
icpprf_acnt8925,Intuit@!123,FTGWC
icpprf_acnt8926,Intuit@!123,URXJS
icpprf_acnt8927,Intuit@!123,TDGYP
icpprf_acnt8928,Intuit@!123,DYKJM
icpprf_acnt8929,Intuit@!123,OSJIH
icpprf_acnt8930,Intuit@!123,ADVDB
icpprf_acnt8931,Intuit@!123,ATFWL
icpprf_acnt8932,Intuit@!123,EHJJQ
icpprf_acnt8933,Intuit@!123,VORXL
icpprf_acnt8934,Intuit@!123,IKPFZ
icpprf_acnt8935,Intuit@!123,FKQWF
icpprf_acnt8936,Intuit@!123,TYAFL
icpprf_acnt8937,Intuit@!123,JVZMX
icpprf_acnt8938,Intuit@!123,CDJTE
icpprf_acnt8939,Intuit@!123,XFPPI
icpprf_acnt8940,Intuit@!123,WLUPI
icpprf_acnt8941,Intuit@!123,CJTIX
icpprf_acnt8942,Intuit@!123,RDGJU
icpprf_acnt8943,Intuit@!123,NQNWM
icpprf_acnt8944,Intuit@!123,QZUPN
icpprf_acnt8945,Intuit@!123,DVVGR
icpprf_acnt8946,Intuit@!123,UTFAP
icpprf_acnt8947,Intuit@!123,BWVHL
icpprf_acnt8948,Intuit@!123,NLKKO
icpprf_acnt8949,Intuit@!123,QIOMA
icpprf_acnt8950,Intuit@!123,SOLTD
icpprf_acnt8951,Intuit@!123,ELKSD
icpprf_acnt8952,Intuit@!123,ORQYO
icpprf_acnt8953,Intuit@!123,HSXUZ
icpprf_acnt8954,Intuit@!123,RLTRF
icpprf_acnt8955,Intuit@!123,LNATV
icpprf_acnt8956,Intuit@!123,PQQMW
icpprf_acnt8957,Intuit@!123,PMAUH
icpprf_acnt8958,Intuit@!123,JJZLW
icpprf_acnt8959,Intuit@!123,OAURE
icpprf_acnt8960,Intuit@!123,CGQGY
icpprf_acnt8961,Intuit@!123,JCNYS
icpprf_acnt8962,Intuit@!123,WROEV
icpprf_acnt8963,Intuit@!123,NEWEV
icpprf_acnt8964,Intuit@!123,TVORF
icpprf_acnt8965,Intuit@!123,QYTPS
icpprf_acnt8966,Intuit@!123,CEEQR
icpprf_acnt8967,Intuit@!123,IYNZM
icpprf_acnt8968,Intuit@!123,AECKA
icpprf_acnt8969,Intuit@!123,TRUEV
icpprf_acnt8970,Intuit@!123,ALUDL
icpprf_acnt8971,Intuit@!123,UWWEQ
icpprf_acnt8972,Intuit@!123,IFTCB
icpprf_acnt8973,Intuit@!123,NPZCU
icpprf_acnt8974,Intuit@!123,GVUQV
icpprf_acnt8975,Intuit@!123,SWQCW
icpprf_acnt8976,Intuit@!123,ECUAQ
icpprf_acnt8977,Intuit@!123,FAJIE
icpprf_acnt8978,Intuit@!123,RUJPE
icpprf_acnt8979,Intuit@!123,GEEWT
icpprf_acnt8980,Intuit@!123,WIDGZ
icpprf_acnt8981,Intuit@!123,JPMYX
icpprf_acnt8982,Intuit@!123,KQAQP
icpprf_acnt8983,Intuit@!123,QYGXX
icpprf_acnt8984,Intuit@!123,DBHPO
icpprf_acnt8985,Intuit@!123,JGKNL
icpprf_acnt8986,Intuit@!123,PUVHF
icpprf_acnt8987,Intuit@!123,FECCD
icpprf_acnt8988,Intuit@!123,MYVDZ
icpprf_acnt8989,Intuit@!123,EAQMW
icpprf_acnt8990,Intuit@!123,TCSGA
icpprf_acnt8991,Intuit@!123,QDFMP
icpprf_acnt8992,Intuit@!123,HGGMK
icpprf_acnt8993,Intuit@!123,NXRRN
icpprf_acnt8994,Intuit@!123,MWBLI
icpprf_acnt8995,Intuit@!123,CSTEO
icpprf_acnt8996,Intuit@!123,SXEPT
icpprf_acnt8997,Intuit@!123,XXOEX
icpprf_acnt8998,Intuit@!123,DKTQO
icpprf_acnt8999,Intuit@!123,FBRXW
icpprf_acnt9000,Intuit@!123,CMKNP
icpprf_acnt9001,Intuit@!123,YDVYO
icpprf_acnt9002,Intuit@!123,BREDS
icpprf_acnt9003,Intuit@!123,KWVTM
icpprf_acnt9004,Intuit@!123,YOGPJ
icpprf_acnt9005,Intuit@!123,LDMIE
icpprf_acnt9006,Intuit@!123,SOGPK
icpprf_acnt9007,Intuit@!123,OVDPO
icpprf_acnt9008,Intuit@!123,GZERS
icpprf_acnt9009,Intuit@!123,RPLGQ
icpprf_acnt9010,Intuit@!123,AZKNG
icpprf_acnt9011,Intuit@!123,KSSEP
icpprf_acnt9012,Intuit@!123,LNRQD
icpprf_acnt9013,Intuit@!123,DRQGW
icpprf_acnt9014,Intuit@!123,VWUWL
icpprf_acnt9015,Intuit@!123,LBGPQ
icpprf_acnt9016,Intuit@!123,JXOJA
icpprf_acnt9017,Intuit@!123,CVVKI
icpprf_acnt9018,Intuit@!123,ZXSCU
icpprf_acnt9019,Intuit@!123,TLUFF
icpprf_acnt9020,Intuit@!123,VMXWX
icpprf_acnt9021,Intuit@!123,RSPSB
icpprf_acnt9022,Intuit@!123,ESXHP
icpprf_acnt9023,Intuit@!123,QASJJ
icpprf_acnt9024,Intuit@!123,FQKMY
icpprf_acnt9025,Intuit@!123,NITJM
icpprf_acnt9026,Intuit@!123,DPYZA
icpprf_acnt9027,Intuit@!123,PIZRY
icpprf_acnt9028,Intuit@!123,NXCZW
icpprf_acnt9029,Intuit@!123,HHUME
icpprf_acnt9030,Intuit@!123,ZGSWB
icpprf_acnt9031,Intuit@!123,FAZTR
icpprf_acnt9032,Intuit@!123,LPVGE
icpprf_acnt9033,Intuit@!123,XRUFT
icpprf_acnt9034,Intuit@!123,JBFLZ
icpprf_acnt9035,Intuit@!123,VZUBI
icpprf_acnt9036,Intuit@!123,SKDSC
icpprf_acnt9037,Intuit@!123,ERGEI
icpprf_acnt9038,Intuit@!123,GYOQQ
icpprf_acnt9039,Intuit@!123,JXDQQ
icpprf_acnt9040,Intuit@!123,RXIIY
icpprf_acnt9041,Intuit@!123,ZJMDU
icpprf_acnt9042,Intuit@!123,GTCDG
icpprf_acnt9043,Intuit@!123,GLCDN
icpprf_acnt9044,Intuit@!123,FYLYL
icpprf_acnt9045,Intuit@!123,FDLQP
icpprf_acnt9046,Intuit@!123,BNASF
icpprf_acnt9047,Intuit@!123,BNFWQ
icpprf_acnt9048,Intuit@!123,UQLCA
icpprf_acnt9049,Intuit@!123,ZXLXW
icpprf_acnt9050,Intuit@!123,JRDIC
icpprf_acnt9051,Intuit@!123,YURMA
icpprf_acnt9052,Intuit@!123,WEXHY
icpprf_acnt9053,Intuit@!123,MODUS
icpprf_acnt9054,Intuit@!123,JOWAD
icpprf_acnt9055,Intuit@!123,DTDWP
icpprf_acnt9056,Intuit@!123,SOICF
icpprf_acnt9057,Intuit@!123,TSAVV
icpprf_acnt9058,Intuit@!123,HNUHT
icpprf_acnt9059,Intuit@!123,BROMG
icpprf_acnt9060,Intuit@!123,MJEFE
icpprf_acnt9061,Intuit@!123,CDITK
icpprf_acnt9062,Intuit@!123,KDPNM
icpprf_acnt9063,Intuit@!123,OKSJW
icpprf_acnt9064,Intuit@!123,IRDFD
icpprf_acnt9065,Intuit@!123,YSXHZ
icpprf_acnt9066,Intuit@!123,MFFOD
icpprf_acnt9067,Intuit@!123,WBVPS
icpprf_acnt9068,Intuit@!123,OJEGX
icpprf_acnt9069,Intuit@!123,WRYBX
icpprf_acnt9070,Intuit@!123,UZNEN
icpprf_acnt9071,Intuit@!123,RSLZK
icpprf_acnt9072,Intuit@!123,FUFBI
icpprf_acnt9073,Intuit@!123,XKKKW
icpprf_acnt9074,Intuit@!123,ODKGJ
icpprf_acnt9075,Intuit@!123,KGDGL
icpprf_acnt9076,Intuit@!123,QGYDC
icpprf_acnt9077,Intuit@!123,XZPYF
icpprf_acnt9078,Intuit@!123,RCLGX
icpprf_acnt9079,Intuit@!123,BMSSQ
icpprf_acnt9080,Intuit@!123,SYYKT
icpprf_acnt9081,Intuit@!123,PLTBI
icpprf_acnt9082,Intuit@!123,OXVTB
icpprf_acnt9083,Intuit@!123,HOAUG
icpprf_acnt9084,Intuit@!123,CAQOB
icpprf_acnt9085,Intuit@!123,WDGKW
icpprf_acnt9086,Intuit@!123,MRLAX
icpprf_acnt9087,Intuit@!123,IGAMM
icpprf_acnt9088,Intuit@!123,BLXLH
icpprf_acnt9089,Intuit@!123,KOLKI
icpprf_acnt9090,Intuit@!123,RUYCK
icpprf_acnt9091,Intuit@!123,ZITMG
icpprf_acnt9092,Intuit@!123,UQTXU
icpprf_acnt9093,Intuit@!123,FBTQX
icpprf_acnt9094,Intuit@!123,NMJXA
icpprf_acnt9095,Intuit@!123,MXDWD
icpprf_acnt9096,Intuit@!123,FLUPA
icpprf_acnt9097,Intuit@!123,OXYOW
icpprf_acnt9098,Intuit@!123,LMRIF
icpprf_acnt9099,Intuit@!123,CBSCK
icpprf_acnt9100,Intuit@!123,RJHYP
icpprf_acnt9101,Intuit@!123,IJQOP
icpprf_acnt9102,Intuit@!123,DDYBD
icpprf_acnt9103,Intuit@!123,ANDZD
icpprf_acnt9104,Intuit@!123,HPLKU
icpprf_acnt9105,Intuit@!123,QMJUM
icpprf_acnt9106,Intuit@!123,KKVKJ
icpprf_acnt9107,Intuit@!123,IZEYU
icpprf_acnt9108,Intuit@!123,JRJUZ
icpprf_acnt9109,Intuit@!123,CEGAO
icpprf_acnt9110,Intuit@!123,GIJPE
icpprf_acnt9111,Intuit@!123,YULJE
icpprf_acnt9112,Intuit@!123,BPYKS
icpprf_acnt9113,Intuit@!123,EZLYF
icpprf_acnt9114,Intuit@!123,OLNLQ
icpprf_acnt9115,Intuit@!123,WPWTI
icpprf_acnt9116,Intuit@!123,OIXKW
icpprf_acnt9117,Intuit@!123,QHVRP
icpprf_acnt9118,Intuit@!123,JKBVS
icpprf_acnt9119,Intuit@!123,WPZLS
icpprf_acnt9120,Intuit@!123,PNCAF
icpprf_acnt9121,Intuit@!123,OSLDK
icpprf_acnt9122,Intuit@!123,KKSLO
icpprf_acnt9123,Intuit@!123,VZWBP
icpprf_acnt9124,Intuit@!123,ZJKCH
icpprf_acnt9125,Intuit@!123,QUZZG
icpprf_acnt9126,Intuit@!123,SCWKX
icpprf_acnt9127,Intuit@!123,DXSVN
icpprf_acnt9128,Intuit@!123,OZRTB
icpprf_acnt9129,Intuit@!123,VTRGD
icpprf_acnt9130,Intuit@!123,PVJTM
icpprf_acnt9131,Intuit@!123,MQNTM
icpprf_acnt9132,Intuit@!123,JSYKS
icpprf_acnt9133,Intuit@!123,ULXJT
icpprf_acnt9134,Intuit@!123,FDGTO
icpprf_acnt9135,Intuit@!123,URPJY
icpprf_acnt9136,Intuit@!123,ZOQMH
icpprf_acnt9137,Intuit@!123,SQBFU
icpprf_acnt9138,Intuit@!123,VUFBF
icpprf_acnt9139,Intuit@!123,GOQJM
icpprf_acnt9140,Intuit@!123,TFJAI
icpprf_acnt9141,Intuit@!123,WRNFZ
icpprf_acnt9142,Intuit@!123,HFSBO
icpprf_acnt9143,Intuit@!123,GSYLM
icpprf_acnt9144,Intuit@!123,ROCUG
icpprf_acnt9145,Intuit@!123,ZNSVS
icpprf_acnt9146,Intuit@!123,SNSOA
icpprf_acnt9147,Intuit@!123,ELYXA
icpprf_acnt9148,Intuit@!123,POPPU
icpprf_acnt9149,Intuit@!123,QLXZP
icpprf_acnt9150,Intuit@!123,CZLNE
icpprf_acnt9151,Intuit@!123,MJLUD
icpprf_acnt9152,Intuit@!123,WZSUN
icpprf_acnt9153,Intuit@!123,YLNHZ
icpprf_acnt9154,Intuit@!123,FPNTJ
icpprf_acnt9155,Intuit@!123,FAKIJ
icpprf_acnt9156,Intuit@!123,UNESV
icpprf_acnt9157,Intuit@!123,DEUBG
icpprf_acnt9158,Intuit@!123,QIXUM
icpprf_acnt9159,Intuit@!123,ZUFMA
icpprf_acnt9160,Intuit@!123,QIKNN
icpprf_acnt9161,Intuit@!123,FVMXS
icpprf_acnt9162,Intuit@!123,UTDMD
icpprf_acnt9163,Intuit@!123,EXUEW
icpprf_acnt9164,Intuit@!123,YQUFX
icpprf_acnt9165,Intuit@!123,OIVXZ
icpprf_acnt9166,Intuit@!123,EUWAY
icpprf_acnt9167,Intuit@!123,PSENU
icpprf_acnt9168,Intuit@!123,VTDBV
icpprf_acnt9169,Intuit@!123,XEVKQ
icpprf_acnt9170,Intuit@!123,WEGOE
icpprf_acnt9171,Intuit@!123,MKYLB
icpprf_acnt9172,Intuit@!123,TZXJX
icpprf_acnt9173,Intuit@!123,VQVGX
icpprf_acnt9174,Intuit@!123,GJIFY
icpprf_acnt9175,Intuit@!123,LRZFL
icpprf_acnt9176,Intuit@!123,UDIRQ
icpprf_acnt9177,Intuit@!123,MWIHV
icpprf_acnt9178,Intuit@!123,IYEJE
icpprf_acnt9179,Intuit@!123,UPSGR
icpprf_acnt9180,Intuit@!123,NCAPW
icpprf_acnt9181,Intuit@!123,MUCYW
icpprf_acnt9182,Intuit@!123,LBKIT
icpprf_acnt9183,Intuit@!123,DYDBW
icpprf_acnt9184,Intuit@!123,XRMYI
icpprf_acnt9185,Intuit@!123,SVHRA
icpprf_acnt9186,Intuit@!123,FPCKL
icpprf_acnt9187,Intuit@!123,SCHJH
icpprf_acnt9188,Intuit@!123,WWPUD
icpprf_acnt9189,Intuit@!123,OHRSP
icpprf_acnt9190,Intuit@!123,INTMH
icpprf_acnt9191,Intuit@!123,BAUZI
icpprf_acnt9192,Intuit@!123,HIPDG
icpprf_acnt9193,Intuit@!123,EZEJW
icpprf_acnt9194,Intuit@!123,CFLLD
icpprf_acnt9195,Intuit@!123,GSPYZ
icpprf_acnt9196,Intuit@!123,KYAQH
icpprf_acnt9197,Intuit@!123,ZLFOM
icpprf_acnt9198,Intuit@!123,TRTFI
icpprf_acnt9199,Intuit@!123,MDSQB
icpprf_acnt9200,Intuit@!123,AGOEN
icpprf_acnt9201,Intuit@!123,IEICG
icpprf_acnt9202,Intuit@!123,WWXWV
icpprf_acnt9203,Intuit@!123,TTKVD
icpprf_acnt9204,Intuit@!123,XVBYK
icpprf_acnt9205,Intuit@!123,YLRBN
icpprf_acnt9206,Intuit@!123,EBVPW
icpprf_acnt9207,Intuit@!123,FGPSD
icpprf_acnt9208,Intuit@!123,DDAGA
icpprf_acnt9209,Intuit@!123,QUGMH
icpprf_acnt9210,Intuit@!123,ZXSCH
icpprf_acnt9211,Intuit@!123,GIEAV
icpprf_acnt9212,Intuit@!123,XCVGU
icpprf_acnt9213,Intuit@!123,AVFYF
icpprf_acnt9214,Intuit@!123,WKNGW
icpprf_acnt9215,Intuit@!123,JVXTE
icpprf_acnt9216,Intuit@!123,YQYIG
icpprf_acnt9217,Intuit@!123,UGKQQ
icpprf_acnt9218,Intuit@!123,HWUYV
icpprf_acnt9219,Intuit@!123,OINNS
icpprf_acnt9220,Intuit@!123,MQEBC
icpprf_acnt9221,Intuit@!123,TANAM
icpprf_acnt9222,Intuit@!123,ZHPJF
icpprf_acnt9223,Intuit@!123,TRYOO
icpprf_acnt9224,Intuit@!123,MLFFG
icpprf_acnt9225,Intuit@!123,WRBZL
icpprf_acnt9226,Intuit@!123,NLIUV
icpprf_acnt9227,Intuit@!123,ZOSRQ
icpprf_acnt9228,Intuit@!123,MGIZA
icpprf_acnt9229,Intuit@!123,HYLVM
icpprf_acnt9230,Intuit@!123,NLOKB
icpprf_acnt9231,Intuit@!123,ISYZK
icpprf_acnt9232,Intuit@!123,JIUWD
icpprf_acnt9233,Intuit@!123,TZGOJ
icpprf_acnt9234,Intuit@!123,XXTKT
icpprf_acnt9235,Intuit@!123,DJFME
icpprf_acnt9236,Intuit@!123,DUGNQ
icpprf_acnt9237,Intuit@!123,NTKOF
icpprf_acnt9238,Intuit@!123,NHGCJ
icpprf_acnt9239,Intuit@!123,FKOCC
icpprf_acnt9240,Intuit@!123,RKKNH
icpprf_acnt9241,Intuit@!123,CGXKU
icpprf_acnt9242,Intuit@!123,JDCHO
icpprf_acnt9243,Intuit@!123,VCGIC
icpprf_acnt9244,Intuit@!123,FTQNH
icpprf_acnt9245,Intuit@!123,THPJO
icpprf_acnt9246,Intuit@!123,WOEXI
icpprf_acnt9247,Intuit@!123,BGVSP
icpprf_acnt9248,Intuit@!123,VSFCR
icpprf_acnt9249,Intuit@!123,JNREP
icpprf_acnt9250,Intuit@!123,RKSWH
icpprf_acnt9251,Intuit@!123,QBFIT
icpprf_acnt9252,Intuit@!123,UVPRG
icpprf_acnt9253,Intuit@!123,ITYPM
icpprf_acnt9254,Intuit@!123,LXJUE
icpprf_acnt9255,Intuit@!123,EIXXV
icpprf_acnt9256,Intuit@!123,NQJUU
icpprf_acnt9257,Intuit@!123,UURDP
icpprf_acnt9258,Intuit@!123,FQQUB
icpprf_acnt9259,Intuit@!123,YNRYF
icpprf_acnt9260,Intuit@!123,NOHUJ
icpprf_acnt9261,Intuit@!123,SXXND
icpprf_acnt9262,Intuit@!123,RRJJT
icpprf_acnt9263,Intuit@!123,HFFQZ
icpprf_acnt9264,Intuit@!123,MVGXW
icpprf_acnt9265,Intuit@!123,JVPMP
icpprf_acnt9266,Intuit@!123,GZJOW
icpprf_acnt9267,Intuit@!123,CPKLJ
icpprf_acnt9268,Intuit@!123,RDDNQ
icpprf_acnt9269,Intuit@!123,RKJVV
icpprf_acnt9270,Intuit@!123,LCQFY
icpprf_acnt9271,Intuit@!123,DGYQB
icpprf_acnt9272,Intuit@!123,PBPCU
icpprf_acnt9273,Intuit@!123,SHEMU
icpprf_acnt9274,Intuit@!123,CYCYC
icpprf_acnt9275,Intuit@!123,TDIJG
icpprf_acnt9276,Intuit@!123,EBAFX
icpprf_acnt9277,Intuit@!123,UMUYG
icpprf_acnt9278,Intuit@!123,LPSEQ
icpprf_acnt9279,Intuit@!123,HLYUV
icpprf_acnt9280,Intuit@!123,WPSPQ
icpprf_acnt9281,Intuit@!123,MGYWN
icpprf_acnt9282,Intuit@!123,ISDUB
icpprf_acnt9283,Intuit@!123,RUFAM
icpprf_acnt9284,Intuit@!123,VSLVO
icpprf_acnt9285,Intuit@!123,ETUKZ
icpprf_acnt9286,Intuit@!123,CZLNF
icpprf_acnt9287,Intuit@!123,FURSO
icpprf_acnt9288,Intuit@!123,HHMPR
icpprf_acnt9289,Intuit@!123,DDAHT
icpprf_acnt9290,Intuit@!123,EWSHH
icpprf_acnt9291,Intuit@!123,WJVJN
icpprf_acnt9292,Intuit@!123,EGACN
icpprf_acnt9293,Intuit@!123,RGKQY
icpprf_acnt9294,Intuit@!123,TRDMA
icpprf_acnt9295,Intuit@!123,PSQLT
icpprf_acnt9296,Intuit@!123,GJKDI
icpprf_acnt9297,Intuit@!123,NBOCU
icpprf_acnt9298,Intuit@!123,FVPSB
icpprf_acnt9299,Intuit@!123,CXXQD
icpprf_acnt9300,Intuit@!123,YPOXG
icpprf_acnt9301,Intuit@!123,SWXYN
icpprf_acnt9302,Intuit@!123,CYUQO
icpprf_acnt9303,Intuit@!123,ECKUN
icpprf_acnt9304,Intuit@!123,BVYHK
icpprf_acnt9305,Intuit@!123,SNWHN
icpprf_acnt9306,Intuit@!123,CWLSZ
icpprf_acnt9307,Intuit@!123,ENDDL
icpprf_acnt9308,Intuit@!123,WSIUP
icpprf_acnt9309,Intuit@!123,FXZLH
icpprf_acnt9310,Intuit@!123,MMVBQ
icpprf_acnt9311,Intuit@!123,CJPED
icpprf_acnt9312,Intuit@!123,HSCON
icpprf_acnt9313,Intuit@!123,YRAUF
icpprf_acnt9314,Intuit@!123,XMECQ
icpprf_acnt9315,Intuit@!123,JDKJN
icpprf_acnt9316,Intuit@!123,UGUKE
icpprf_acnt9317,Intuit@!123,AVGFJ
icpprf_acnt9318,Intuit@!123,AEJPP
icpprf_acnt9319,Intuit@!123,HIXFE
icpprf_acnt9320,Intuit@!123,MWOTM
icpprf_acnt9321,Intuit@!123,TCMPC
icpprf_acnt9322,Intuit@!123,RHDTJ
icpprf_acnt9323,Intuit@!123,IBGDN
icpprf_acnt9324,Intuit@!123,ICSNI
icpprf_acnt9325,Intuit@!123,IUFFR
icpprf_acnt9326,Intuit@!123,CBHHP
icpprf_acnt9327,Intuit@!123,SWLFY
icpprf_acnt9328,Intuit@!123,AEIFH
icpprf_acnt9329,Intuit@!123,MNWBR
icpprf_acnt9330,Intuit@!123,JYEJH
icpprf_acnt9331,Intuit@!123,CIGBV
icpprf_acnt9332,Intuit@!123,WHXVQ
icpprf_acnt9333,Intuit@!123,ZZJEL
icpprf_acnt9334,Intuit@!123,MPZWC
icpprf_acnt9335,Intuit@!123,RTTDE
icpprf_acnt9336,Intuit@!123,JBMAX
icpprf_acnt9337,Intuit@!123,RJEON
icpprf_acnt9338,Intuit@!123,WDNQT
icpprf_acnt9339,Intuit@!123,AWYIA
icpprf_acnt9340,Intuit@!123,CQXOH
icpprf_acnt9341,Intuit@!123,QJRBD
icpprf_acnt9342,Intuit@!123,CUAFA
icpprf_acnt9343,Intuit@!123,EUJUG
icpprf_acnt9344,Intuit@!123,DWMJL
icpprf_acnt9345,Intuit@!123,FTILM
icpprf_acnt9346,Intuit@!123,QPCJC
icpprf_acnt9347,Intuit@!123,WSJWT
icpprf_acnt9348,Intuit@!123,TCGTJ
icpprf_acnt9349,Intuit@!123,GQIYY
icpprf_acnt9350,Intuit@!123,CTKBL
icpprf_acnt9351,Intuit@!123,HWIBR
icpprf_acnt9352,Intuit@!123,RBQFN
icpprf_acnt9353,Intuit@!123,FSRVS
icpprf_acnt9354,Intuit@!123,MCFSF
icpprf_acnt9355,Intuit@!123,JEUNB
icpprf_acnt9356,Intuit@!123,PZGPT
icpprf_acnt9357,Intuit@!123,QQMEU
icpprf_acnt9358,Intuit@!123,PFRCO
icpprf_acnt9359,Intuit@!123,XGTBZ
icpprf_acnt9360,Intuit@!123,DDZMA
icpprf_acnt9361,Intuit@!123,AKPQJ
icpprf_acnt9362,Intuit@!123,VUGUG
icpprf_acnt9363,Intuit@!123,ANCBI
icpprf_acnt9364,Intuit@!123,QCCIR
icpprf_acnt9365,Intuit@!123,AEDAT
icpprf_acnt9366,Intuit@!123,HWJPP
icpprf_acnt9367,Intuit@!123,MSBVW
icpprf_acnt9368,Intuit@!123,XDMNT
icpprf_acnt9369,Intuit@!123,PKNBH
icpprf_acnt9370,Intuit@!123,TRDHY
icpprf_acnt9371,Intuit@!123,MFBVJ
icpprf_acnt9372,Intuit@!123,HNGJZ
icpprf_acnt9373,Intuit@!123,GSCLW
icpprf_acnt9374,Intuit@!123,COQJL
icpprf_acnt9375,Intuit@!123,TWYKG
icpprf_acnt9376,Intuit@!123,EWSXD
icpprf_acnt9377,Intuit@!123,PGKSP
icpprf_acnt9378,Intuit@!123,PTWIN
icpprf_acnt9379,Intuit@!123,QHAWB
icpprf_acnt9380,Intuit@!123,IGLLP
icpprf_acnt9381,Intuit@!123,UAVQX
icpprf_acnt9382,Intuit@!123,DQLQW
icpprf_acnt9383,Intuit@!123,RFXYT
icpprf_acnt9384,Intuit@!123,ICUMQ
icpprf_acnt9385,Intuit@!123,FHBZR
icpprf_acnt9386,Intuit@!123,YDNXI
icpprf_acnt9387,Intuit@!123,BLIUW
icpprf_acnt9388,Intuit@!123,KTTEL
icpprf_acnt9389,Intuit@!123,ABKJB
icpprf_acnt9390,Intuit@!123,LDKYE
icpprf_acnt9391,Intuit@!123,TRSBA
icpprf_acnt9392,Intuit@!123,TYEAQ
icpprf_acnt9393,Intuit@!123,EHINL
icpprf_acnt9394,Intuit@!123,NHIHZ
icpprf_acnt9395,Intuit@!123,PPGUN
icpprf_acnt9396,Intuit@!123,HOBXQ
icpprf_acnt9397,Intuit@!123,CORJT
icpprf_acnt9398,Intuit@!123,AATHL
icpprf_acnt9399,Intuit@!123,VAPKU
icpprf_acnt9400,Intuit@!123,HGTHL
icpprf_acnt9401,Intuit@!123,SCLCT
icpprf_acnt9402,Intuit@!123,LBTDM
icpprf_acnt9403,Intuit@!123,VVKQF
icpprf_acnt9404,Intuit@!123,IAPJC
icpprf_acnt9405,Intuit@!123,IBRUC
icpprf_acnt9406,Intuit@!123,ZTFMS
icpprf_acnt9407,Intuit@!123,ZDWGJ
icpprf_acnt9408,Intuit@!123,JHIEY
icpprf_acnt9409,Intuit@!123,WVAZY
icpprf_acnt9410,Intuit@!123,PXVIG
icpprf_acnt9411,Intuit@!123,OVDAS
icpprf_acnt9412,Intuit@!123,ZXVXW
icpprf_acnt9413,Intuit@!123,IXIFL
icpprf_acnt9414,Intuit@!123,RQVZH
icpprf_acnt9415,Intuit@!123,RSWBB
icpprf_acnt9416,Intuit@!123,JQJQQ
icpprf_acnt9417,Intuit@!123,VGUYJ
icpprf_acnt9418,Intuit@!123,SMKMU
icpprf_acnt9419,Intuit@!123,KZPPX
icpprf_acnt9420,Intuit@!123,RQVOT
icpprf_acnt9421,Intuit@!123,KEGEI
icpprf_acnt9422,Intuit@!123,LXXCV
icpprf_acnt9423,Intuit@!123,EIMVB
icpprf_acnt9424,Intuit@!123,HEBKY
icpprf_acnt9425,Intuit@!123,PVSCL
icpprf_acnt9426,Intuit@!123,VVSVA
icpprf_acnt9427,Intuit@!123,ONPAT
icpprf_acnt9428,Intuit@!123,UZYHG
icpprf_acnt9429,Intuit@!123,TZAVA
icpprf_acnt9430,Intuit@!123,VUFWV
icpprf_acnt9431,Intuit@!123,NNWCW
icpprf_acnt9432,Intuit@!123,XTELG
icpprf_acnt9433,Intuit@!123,IUOFO
icpprf_acnt9434,Intuit@!123,DEKMM
icpprf_acnt9435,Intuit@!123,IYNAP
icpprf_acnt9436,Intuit@!123,GGQWI
icpprf_acnt9437,Intuit@!123,LNMIE
icpprf_acnt9438,Intuit@!123,GFJET
icpprf_acnt9439,Intuit@!123,VRZZB
icpprf_acnt9440,Intuit@!123,JZXFW
icpprf_acnt9441,Intuit@!123,IYVDG
icpprf_acnt9442,Intuit@!123,SGHRM
icpprf_acnt9443,Intuit@!123,CUFXN
icpprf_acnt9444,Intuit@!123,YSQBM
icpprf_acnt9445,Intuit@!123,OWXTQ
icpprf_acnt9446,Intuit@!123,FBCHG
icpprf_acnt9447,Intuit@!123,HEKTI
icpprf_acnt9448,Intuit@!123,IWZDZ
icpprf_acnt9449,Intuit@!123,AHHTC
icpprf_acnt9450,Intuit@!123,VQSMC
icpprf_acnt9451,Intuit@!123,USBGU
icpprf_acnt9452,Intuit@!123,ZNTGT
icpprf_acnt9453,Intuit@!123,HWHPM
icpprf_acnt9454,Intuit@!123,QBLYX
icpprf_acnt9455,Intuit@!123,ESTMR
icpprf_acnt9456,Intuit@!123,WLZRH
icpprf_acnt9457,Intuit@!123,SIQYH
icpprf_acnt9458,Intuit@!123,TCOHP
icpprf_acnt9459,Intuit@!123,XMJLN
icpprf_acnt9460,Intuit@!123,YHMIP
icpprf_acnt9461,Intuit@!123,AWATE
icpprf_acnt9462,Intuit@!123,UJWOU
icpprf_acnt9463,Intuit@!123,MHACT
icpprf_acnt9464,Intuit@!123,RGBBS
icpprf_acnt9465,Intuit@!123,WNUNZ
icpprf_acnt9466,Intuit@!123,JNBIS
icpprf_acnt9467,Intuit@!123,GWTAC
icpprf_acnt9468,Intuit@!123,WIGNO
icpprf_acnt9469,Intuit@!123,MRSSM
icpprf_acnt9470,Intuit@!123,RUFJF
icpprf_acnt9471,Intuit@!123,WVAOT
icpprf_acnt9472,Intuit@!123,TAAHH
icpprf_acnt9473,Intuit@!123,YJEGA
icpprf_acnt9474,Intuit@!123,PMDGN
icpprf_acnt9475,Intuit@!123,CNMUL
icpprf_acnt9476,Intuit@!123,CMUOH
icpprf_acnt9477,Intuit@!123,HQNFP
icpprf_acnt9478,Intuit@!123,ALDBE
icpprf_acnt9479,Intuit@!123,LCWFD
icpprf_acnt9480,Intuit@!123,EMQNR
icpprf_acnt9481,Intuit@!123,JXMMA
icpprf_acnt9482,Intuit@!123,FIXTC
icpprf_acnt9483,Intuit@!123,LRRUE
icpprf_acnt9484,Intuit@!123,NSZWO
icpprf_acnt9485,Intuit@!123,NWSRQ
icpprf_acnt9486,Intuit@!123,LOCDH
icpprf_acnt9487,Intuit@!123,OOIYQ
icpprf_acnt9488,Intuit@!123,YHLSF
icpprf_acnt9489,Intuit@!123,HIPWS
icpprf_acnt9490,Intuit@!123,MFRNT
icpprf_acnt9491,Intuit@!123,DACKD
icpprf_acnt9492,Intuit@!123,JIXPA
icpprf_acnt9493,Intuit@!123,OYBQS
icpprf_acnt9494,Intuit@!123,MMOHS
icpprf_acnt9495,Intuit@!123,PSYKB
icpprf_acnt9496,Intuit@!123,YIZWT
icpprf_acnt9497,Intuit@!123,MQJUB
icpprf_acnt9498,Intuit@!123,KGDXA
icpprf_acnt9499,Intuit@!123,GRHRE
icpprf_acnt9500,Intuit@!123,IBYOF
icpprf_acnt9501,Intuit@!123,BFDOX
icpprf_acnt9502,Intuit@!123,NJBRW
icpprf_acnt9503,Intuit@!123,RCTIO
icpprf_acnt9504,Intuit@!123,QDONL
icpprf_acnt9505,Intuit@!123,VGZXY
icpprf_acnt9506,Intuit@!123,BZARG
icpprf_acnt9507,Intuit@!123,ZBHLL
icpprf_acnt9508,Intuit@!123,KSAZV
icpprf_acnt9509,Intuit@!123,PXLIV
icpprf_acnt9510,Intuit@!123,FOADH
icpprf_acnt9511,Intuit@!123,DYTQD
icpprf_acnt9512,Intuit@!123,VUXEP
icpprf_acnt9513,Intuit@!123,UVFCE
icpprf_acnt9514,Intuit@!123,VRFRW
icpprf_acnt9515,Intuit@!123,BAZVN
icpprf_acnt9516,Intuit@!123,MHANR
icpprf_acnt9517,Intuit@!123,JPKPE
icpprf_acnt9518,Intuit@!123,JYOMC
icpprf_acnt9519,Intuit@!123,VDRZC
icpprf_acnt9520,Intuit@!123,VYESY
icpprf_acnt9521,Intuit@!123,BRMIK
icpprf_acnt9522,Intuit@!123,UXIKP
icpprf_acnt9523,Intuit@!123,ZTQBP
icpprf_acnt9524,Intuit@!123,GHBSH
icpprf_acnt9525,Intuit@!123,SOIYI
icpprf_acnt9526,Intuit@!123,XGFDA
icpprf_acnt9527,Intuit@!123,LJXKE
icpprf_acnt9528,Intuit@!123,FIAAU
icpprf_acnt9529,Intuit@!123,LRQEJ
icpprf_acnt9530,Intuit@!123,ZYDFZ
icpprf_acnt9531,Intuit@!123,JPYNL
icpprf_acnt9532,Intuit@!123,BQMLH
icpprf_acnt9533,Intuit@!123,KJUAO
icpprf_acnt9534,Intuit@!123,WDGJI
icpprf_acnt9535,Intuit@!123,YQSLL
icpprf_acnt9536,Intuit@!123,LRUGV
icpprf_acnt9537,Intuit@!123,AXTTF
icpprf_acnt9538,Intuit@!123,DHYSK
icpprf_acnt9539,Intuit@!123,GCMWK
icpprf_acnt9540,Intuit@!123,BXIEI
icpprf_acnt9541,Intuit@!123,DBBFQ
icpprf_acnt9542,Intuit@!123,UTUSE
icpprf_acnt9543,Intuit@!123,TBKPF
icpprf_acnt9544,Intuit@!123,CVQFQ
icpprf_acnt9545,Intuit@!123,UVLBO
icpprf_acnt9546,Intuit@!123,HENNS
icpprf_acnt9547,Intuit@!123,UUEED
icpprf_acnt9548,Intuit@!123,RVSUF
icpprf_acnt9549,Intuit@!123,RFNXO
icpprf_acnt9550,Intuit@!123,TBVXE
icpprf_acnt9551,Intuit@!123,JXLVG
icpprf_acnt9552,Intuit@!123,NGVAB
icpprf_acnt9553,Intuit@!123,STMCW
icpprf_acnt9554,Intuit@!123,KFKDC
icpprf_acnt9555,Intuit@!123,VXMMW
icpprf_acnt9556,Intuit@!123,FHWOZ
icpprf_acnt9557,Intuit@!123,OFOVS
icpprf_acnt9558,Intuit@!123,VUHVI
icpprf_acnt9559,Intuit@!123,AIDHS
icpprf_acnt9560,Intuit@!123,IVZCN
icpprf_acnt9561,Intuit@!123,PVHSG
icpprf_acnt9562,Intuit@!123,EGTND
icpprf_acnt9563,Intuit@!123,CPKEY
icpprf_acnt9564,Intuit@!123,USPTI
icpprf_acnt9565,Intuit@!123,IXXNF
icpprf_acnt9566,Intuit@!123,OXKQW
icpprf_acnt9567,Intuit@!123,WMJPA
icpprf_acnt9568,Intuit@!123,WPLJA
icpprf_acnt9569,Intuit@!123,GOIDR
icpprf_acnt9570,Intuit@!123,QZMQW
icpprf_acnt9571,Intuit@!123,QPYOM
icpprf_acnt9572,Intuit@!123,XDSID
icpprf_acnt9573,Intuit@!123,CZWHV
icpprf_acnt9574,Intuit@!123,GOUIP
icpprf_acnt9575,Intuit@!123,BQDKC
icpprf_acnt9576,Intuit@!123,UUGVA
icpprf_acnt9577,Intuit@!123,UVEMR
icpprf_acnt9578,Intuit@!123,AHADA
icpprf_acnt9579,Intuit@!123,SFNZG
icpprf_acnt9580,Intuit@!123,HBOZL
icpprf_acnt9581,Intuit@!123,QADXT
icpprf_acnt9582,Intuit@!123,CGNNP
icpprf_acnt9583,Intuit@!123,XXPVE
icpprf_acnt9584,Intuit@!123,FVYMC
icpprf_acnt9585,Intuit@!123,AJAWF
icpprf_acnt9586,Intuit@!123,KMLGQ
icpprf_acnt9587,Intuit@!123,RFNZI
icpprf_acnt9588,Intuit@!123,EZXZB
icpprf_acnt9589,Intuit@!123,AYUFI
icpprf_acnt9590,Intuit@!123,TDORZ
icpprf_acnt9591,Intuit@!123,BWVFJ
icpprf_acnt9592,Intuit@!123,SLOMG
icpprf_acnt9593,Intuit@!123,RDEVC
icpprf_acnt9594,Intuit@!123,RXHIH
icpprf_acnt9595,Intuit@!123,OQSTE
icpprf_acnt9596,Intuit@!123,ZXHZS
icpprf_acnt9597,Intuit@!123,SUKVT
icpprf_acnt9598,Intuit@!123,HWQTF
icpprf_acnt9599,Intuit@!123,RBSWW
icpprf_acnt9600,Intuit@!123,QJKSP
icpprf_acnt9601,Intuit@!123,DRDJF
icpprf_acnt9602,Intuit@!123,LFNYX
icpprf_acnt9603,Intuit@!123,RETSO
icpprf_acnt9604,Intuit@!123,SXQGR
icpprf_acnt9605,Intuit@!123,CCAZE
icpprf_acnt9606,Intuit@!123,ZSZAX
icpprf_acnt9607,Intuit@!123,HFHJJ
icpprf_acnt9608,Intuit@!123,WQWYB
icpprf_acnt9609,Intuit@!123,TKGJV
icpprf_acnt9610,Intuit@!123,PFJRE
icpprf_acnt9611,Intuit@!123,MVQAX
icpprf_acnt9612,Intuit@!123,SLHHI
icpprf_acnt9613,Intuit@!123,UYPRB
icpprf_acnt9614,Intuit@!123,HTFBC
icpprf_acnt9615,Intuit@!123,IDWXN
icpprf_acnt9616,Intuit@!123,WPBYY
icpprf_acnt9617,Intuit@!123,LWRJT
icpprf_acnt9618,Intuit@!123,DBMLQ
icpprf_acnt9619,Intuit@!123,FVUUS
icpprf_acnt9620,Intuit@!123,ZVIBP
icpprf_acnt9621,Intuit@!123,JHISS
icpprf_acnt9622,Intuit@!123,QNGZP
icpprf_acnt9623,Intuit@!123,CZKIP
icpprf_acnt9624,Intuit@!123,CVJQF
icpprf_acnt9625,Intuit@!123,EMWAL
icpprf_acnt9626,Intuit@!123,DAJPB
icpprf_acnt9627,Intuit@!123,TQELW
icpprf_acnt9628,Intuit@!123,VAZCA
icpprf_acnt9629,Intuit@!123,SICLO
icpprf_acnt9630,Intuit@!123,MWJMG
icpprf_acnt9631,Intuit@!123,SJOBP
icpprf_acnt9632,Intuit@!123,OXPHR
icpprf_acnt9633,Intuit@!123,SJJLP
icpprf_acnt9634,Intuit@!123,YGZBY
icpprf_acnt9635,Intuit@!123,KBDBQ
icpprf_acnt9636,Intuit@!123,GFSKU
icpprf_acnt9637,Intuit@!123,RSALR
icpprf_acnt9638,Intuit@!123,SFGQJ
icpprf_acnt9639,Intuit@!123,KWJVY
icpprf_acnt9640,Intuit@!123,AICXE
icpprf_acnt9641,Intuit@!123,MWLHI
icpprf_acnt9642,Intuit@!123,EIVLQ
icpprf_acnt9643,Intuit@!123,PELJI
icpprf_acnt9644,Intuit@!123,KZXOQ
icpprf_acnt9645,Intuit@!123,VWZHC
icpprf_acnt9646,Intuit@!123,LFKBJ
icpprf_acnt9647,Intuit@!123,UBQCX
icpprf_acnt9648,Intuit@!123,VCHEX
icpprf_acnt9649,Intuit@!123,GYORQ
icpprf_acnt9650,Intuit@!123,VWWJS
icpprf_acnt9651,Intuit@!123,EWHFV
icpprf_acnt9652,Intuit@!123,MTMYQ
icpprf_acnt9653,Intuit@!123,WXFCX
icpprf_acnt9654,Intuit@!123,RYLCQ
icpprf_acnt9655,Intuit@!123,XHRZY
icpprf_acnt9656,Intuit@!123,CZPYG
icpprf_acnt9657,Intuit@!123,YIVHZ
icpprf_acnt9658,Intuit@!123,DTTRF
icpprf_acnt9659,Intuit@!123,WBDSK
icpprf_acnt9660,Intuit@!123,BPBLI
icpprf_acnt9661,Intuit@!123,ISATY
icpprf_acnt9662,Intuit@!123,IGENB
icpprf_acnt9663,Intuit@!123,SKIPO
icpprf_acnt9664,Intuit@!123,DRTWW
icpprf_acnt9665,Intuit@!123,VRHKX
icpprf_acnt9666,Intuit@!123,XXEYR
icpprf_acnt9667,Intuit@!123,ASOMD
icpprf_acnt9668,Intuit@!123,XBFXT
icpprf_acnt9669,Intuit@!123,YTGGJ
icpprf_acnt9670,Intuit@!123,GLGEM
icpprf_acnt9671,Intuit@!123,IDOWG
icpprf_acnt9672,Intuit@!123,DMQCX
icpprf_acnt9673,Intuit@!123,JKKKQ
icpprf_acnt9674,Intuit@!123,DDJGS
icpprf_acnt9675,Intuit@!123,KIUUK
icpprf_acnt9676,Intuit@!123,YMJRL
icpprf_acnt9677,Intuit@!123,BJECB
icpprf_acnt9678,Intuit@!123,AVVKD
icpprf_acnt9679,Intuit@!123,XZGHD
icpprf_acnt9680,Intuit@!123,ZWCVS
icpprf_acnt9681,Intuit@!123,LQCTB
icpprf_acnt9682,Intuit@!123,HUFXO
icpprf_acnt9683,Intuit@!123,EXQRE
icpprf_acnt9684,Intuit@!123,OGOXS
icpprf_acnt9685,Intuit@!123,JMZHP
icpprf_acnt9686,Intuit@!123,LEZQW
icpprf_acnt9687,Intuit@!123,PTCLQ
icpprf_acnt9688,Intuit@!123,EEOIV
icpprf_acnt9689,Intuit@!123,JAWZG
icpprf_acnt9690,Intuit@!123,ZAJKU
icpprf_acnt9691,Intuit@!123,MWBTV
icpprf_acnt9692,Intuit@!123,GNILI
icpprf_acnt9693,Intuit@!123,QJJZN
icpprf_acnt9694,Intuit@!123,JCINK
icpprf_acnt9695,Intuit@!123,OTJIT
icpprf_acnt9696,Intuit@!123,DCFLH
icpprf_acnt9697,Intuit@!123,SPRLI
icpprf_acnt9698,Intuit@!123,CMFLI
icpprf_acnt9699,Intuit@!123,XJRFS
icpprf_acnt9700,Intuit@!123,NMBTQ
icpprf_acnt9701,Intuit@!123,DIHLL
icpprf_acnt9702,Intuit@!123,RABME
icpprf_acnt9703,Intuit@!123,CPKMQ
icpprf_acnt9704,Intuit@!123,WJOBT
icpprf_acnt9705,Intuit@!123,WTRSX
icpprf_acnt9706,Intuit@!123,PTKOU
icpprf_acnt9707,Intuit@!123,ORXSR
icpprf_acnt9708,Intuit@!123,VDIEG
icpprf_acnt9709,Intuit@!123,ALSFF
icpprf_acnt9710,Intuit@!123,BFPQM
icpprf_acnt9711,Intuit@!123,KONXZ
icpprf_acnt9712,Intuit@!123,ETKXE
icpprf_acnt9713,Intuit@!123,KCUPS
icpprf_acnt9714,Intuit@!123,FILGP
icpprf_acnt9715,Intuit@!123,MZQPM
icpprf_acnt9716,Intuit@!123,NHVLW
icpprf_acnt9717,Intuit@!123,MGBET
icpprf_acnt9718,Intuit@!123,IZJNW
icpprf_acnt9719,Intuit@!123,AXZKG
icpprf_acnt9720,Intuit@!123,ORTTU
icpprf_acnt9721,Intuit@!123,AUDBH
icpprf_acnt9722,Intuit@!123,FXSEG
icpprf_acnt9723,Intuit@!123,YAGYZ
icpprf_acnt9724,Intuit@!123,IRTAK
icpprf_acnt9725,Intuit@!123,TAPNM
icpprf_acnt9726,Intuit@!123,CACRS
icpprf_acnt9727,Intuit@!123,PRNCC
icpprf_acnt9728,Intuit@!123,VSMDB
icpprf_acnt9729,Intuit@!123,UVEMS
icpprf_acnt9730,Intuit@!123,GPJJP
icpprf_acnt9731,Intuit@!123,LUUAT
icpprf_acnt9732,Intuit@!123,YSXUN
icpprf_acnt9733,Intuit@!123,SBUHT
icpprf_acnt9734,Intuit@!123,DOTYZ
icpprf_acnt9735,Intuit@!123,JZZWH
icpprf_acnt9736,Intuit@!123,BYFMY
icpprf_acnt9737,Intuit@!123,PAJKD
icpprf_acnt9738,Intuit@!123,FERBA
icpprf_acnt9739,Intuit@!123,VREQN
icpprf_acnt9740,Intuit@!123,AFBKS
icpprf_acnt9741,Intuit@!123,DUQGD
icpprf_acnt9742,Intuit@!123,TXLXT
icpprf_acnt9743,Intuit@!123,CMLGQ
icpprf_acnt9744,Intuit@!123,FHJUY
icpprf_acnt9745,Intuit@!123,JLZNH
icpprf_acnt9746,Intuit@!123,RFWAA
icpprf_acnt9747,Intuit@!123,VWBMS
icpprf_acnt9748,Intuit@!123,AYPNR
icpprf_acnt9749,Intuit@!123,MWRAU
icpprf_acnt9750,Intuit@!123,BFNRA
icpprf_acnt9751,Intuit@!123,FUCFV
icpprf_acnt9752,Intuit@!123,VQFBG
icpprf_acnt9753,Intuit@!123,ABPDK
icpprf_acnt9754,Intuit@!123,VTSEQ
icpprf_acnt9755,Intuit@!123,XXLRF
icpprf_acnt9756,Intuit@!123,LTLXD
icpprf_acnt9757,Intuit@!123,RFCBK
icpprf_acnt9758,Intuit@!123,ADBAY
icpprf_acnt9759,Intuit@!123,LDAHX
icpprf_acnt9760,Intuit@!123,SVBKO
icpprf_acnt9761,Intuit@!123,PKBEU
icpprf_acnt9762,Intuit@!123,TGKUV
icpprf_acnt9763,Intuit@!123,XKWEQ
icpprf_acnt9764,Intuit@!123,XUXZS
icpprf_acnt9765,Intuit@!123,VIRBJ
icpprf_acnt9766,Intuit@!123,QZTKK
icpprf_acnt9767,Intuit@!123,NWBQD
icpprf_acnt9768,Intuit@!123,DJGOJ
icpprf_acnt9769,Intuit@!123,BBRLL
icpprf_acnt9770,Intuit@!123,CAYHF
icpprf_acnt9771,Intuit@!123,IEEJO
icpprf_acnt9772,Intuit@!123,MFALE
icpprf_acnt9773,Intuit@!123,YXSBB
icpprf_acnt9774,Intuit@!123,BHQQK
icpprf_acnt9775,Intuit@!123,LFIGJ
icpprf_acnt9776,Intuit@!123,EGHGE
icpprf_acnt9777,Intuit@!123,VFNLE
icpprf_acnt9778,Intuit@!123,NDTDH
icpprf_acnt9779,Intuit@!123,IWPLG
icpprf_acnt9780,Intuit@!123,VDUHY
icpprf_acnt9781,Intuit@!123,VFQXV
icpprf_acnt9782,Intuit@!123,UMVFA
icpprf_acnt9783,Intuit@!123,EUJGZ
icpprf_acnt9784,Intuit@!123,HUGIN
icpprf_acnt9785,Intuit@!123,FZSHW
icpprf_acnt9786,Intuit@!123,IHPVA
icpprf_acnt9787,Intuit@!123,AABWI
icpprf_acnt9788,Intuit@!123,ZOFWT
icpprf_acnt9789,Intuit@!123,QQGOQ
icpprf_acnt9790,Intuit@!123,QTBYU
icpprf_acnt9791,Intuit@!123,OMBOT
icpprf_acnt9792,Intuit@!123,KTTAQ
icpprf_acnt9793,Intuit@!123,MOAEM
icpprf_acnt9794,Intuit@!123,OQFMB
icpprf_acnt9795,Intuit@!123,BLQED
icpprf_acnt9796,Intuit@!123,QLDEA
icpprf_acnt9797,Intuit@!123,COYEU
icpprf_acnt9798,Intuit@!123,HWGRS
icpprf_acnt9799,Intuit@!123,TQZUT
icpprf_acnt9800,Intuit@!123,KVRCO
icpprf_acnt9801,Intuit@!123,EIYUO
icpprf_acnt9802,Intuit@!123,BTBEP
icpprf_acnt9803,Intuit@!123,YATKV
icpprf_acnt9804,Intuit@!123,SNGRJ
icpprf_acnt9805,Intuit@!123,PZMRS
icpprf_acnt9806,Intuit@!123,ZZJFI
icpprf_acnt9807,Intuit@!123,SOCKI
icpprf_acnt9808,Intuit@!123,ZYECR
icpprf_acnt9809,Intuit@!123,QQAOS
icpprf_acnt9810,Intuit@!123,BMJGR
icpprf_acnt9811,Intuit@!123,UMFAZ
icpprf_acnt9812,Intuit@!123,ZQQOZ
icpprf_acnt9813,Intuit@!123,RNNVO
icpprf_acnt9814,Intuit@!123,HXYKB
icpprf_acnt9815,Intuit@!123,ROJFV
icpprf_acnt9816,Intuit@!123,HWTIM
icpprf_acnt9817,Intuit@!123,QSJCF
icpprf_acnt9818,Intuit@!123,JAGAB
icpprf_acnt9819,Intuit@!123,ULQWV
icpprf_acnt9820,Intuit@!123,PNEIF
icpprf_acnt9821,Intuit@!123,ZMABD
icpprf_acnt9822,Intuit@!123,PARLZ
icpprf_acnt9823,Intuit@!123,VWGHG
icpprf_acnt9824,Intuit@!123,PTAPF
icpprf_acnt9825,Intuit@!123,EXQFV
icpprf_acnt9826,Intuit@!123,PZKRZ
icpprf_acnt9827,Intuit@!123,MYUMI
icpprf_acnt9828,Intuit@!123,VGJNJ
icpprf_acnt9829,Intuit@!123,ODJMU
icpprf_acnt9830,Intuit@!123,IBPRO
icpprf_acnt9831,Intuit@!123,IMEZI
icpprf_acnt9832,Intuit@!123,CXOLZ
icpprf_acnt9833,Intuit@!123,QQDFI
icpprf_acnt9834,Intuit@!123,NTZZI
icpprf_acnt9835,Intuit@!123,QNSML
icpprf_acnt9836,Intuit@!123,VAPWK
icpprf_acnt9837,Intuit@!123,BFXHE
icpprf_acnt9838,Intuit@!123,TBPHV
icpprf_acnt9839,Intuit@!123,DFUAM
icpprf_acnt9840,Intuit@!123,NGQHK
icpprf_acnt9841,Intuit@!123,JKBPD
icpprf_acnt9842,Intuit@!123,QYJHS
icpprf_acnt9843,Intuit@!123,YTXPG
icpprf_acnt9844,Intuit@!123,JJVSZ
icpprf_acnt9845,Intuit@!123,ISOJF
icpprf_acnt9846,Intuit@!123,JUZRC
icpprf_acnt9847,Intuit@!123,IIOOK
icpprf_acnt9848,Intuit@!123,GYTUI
icpprf_acnt9849,Intuit@!123,QHIVS
icpprf_acnt9850,Intuit@!123,URLZW
icpprf_acnt9851,Intuit@!123,CUVHG
icpprf_acnt9852,Intuit@!123,CBANH
icpprf_acnt9853,Intuit@!123,SSEOG
icpprf_acnt9854,Intuit@!123,IQZMH
icpprf_acnt9855,Intuit@!123,AUCPD
icpprf_acnt9856,Intuit@!123,ANJRL
icpprf_acnt9857,Intuit@!123,AESFN
icpprf_acnt9858,Intuit@!123,RMVET
icpprf_acnt9859,Intuit@!123,HYNNB
icpprf_acnt9860,Intuit@!123,MDTYG
icpprf_acnt9861,Intuit@!123,NCSSN
icpprf_acnt9862,Intuit@!123,EDCDQ
icpprf_acnt9863,Intuit@!123,NKOOM
icpprf_acnt9864,Intuit@!123,OCFBG
icpprf_acnt9865,Intuit@!123,HTFKQ
icpprf_acnt9866,Intuit@!123,GQZCQ
icpprf_acnt9867,Intuit@!123,OJURF
icpprf_acnt9868,Intuit@!123,WHDEK
icpprf_acnt9869,Intuit@!123,DSPQB
icpprf_acnt9870,Intuit@!123,EZIRB
icpprf_acnt9871,Intuit@!123,SAAKC
icpprf_acnt9872,Intuit@!123,LTHYC
icpprf_acnt9873,Intuit@!123,YYATK
icpprf_acnt9874,Intuit@!123,OLKII
icpprf_acnt9875,Intuit@!123,KVOSS
icpprf_acnt9876,Intuit@!123,GINSL
icpprf_acnt9877,Intuit@!123,FHNXN
icpprf_acnt9878,Intuit@!123,UCNFP
icpprf_acnt9879,Intuit@!123,BVNHT
icpprf_acnt9880,Intuit@!123,NEMZR
icpprf_acnt9881,Intuit@!123,KJDRJ
icpprf_acnt9882,Intuit@!123,SRLPS
icpprf_acnt9883,Intuit@!123,FPODS
icpprf_acnt9884,Intuit@!123,JGYKJ
icpprf_acnt9885,Intuit@!123,MXAPV
icpprf_acnt9886,Intuit@!123,MDMGS
icpprf_acnt9887,Intuit@!123,UTNJU
icpprf_acnt9888,Intuit@!123,PIEEI
icpprf_acnt9889,Intuit@!123,PLQFI
icpprf_acnt9890,Intuit@!123,SQHEX
icpprf_acnt9891,Intuit@!123,HHBXO
icpprf_acnt9892,Intuit@!123,MPXPP
icpprf_acnt9893,Intuit@!123,PGMLQ
icpprf_acnt9894,Intuit@!123,KXTDV
icpprf_acnt9895,Intuit@!123,CRDZR
icpprf_acnt9896,Intuit@!123,YUEZL
icpprf_acnt9897,Intuit@!123,JCBSB
icpprf_acnt9898,Intuit@!123,NXYUP
icpprf_acnt9899,Intuit@!123,MPHXN
icpprf_acnt9900,Intuit@!123,ACEIN
icpprf_acnt9901,Intuit@!123,ATQFV
icpprf_acnt9902,Intuit@!123,GTSIZ
icpprf_acnt9903,Intuit@!123,GXNLI
icpprf_acnt9904,Intuit@!123,QWQEE
icpprf_acnt9905,Intuit@!123,QYXBG
icpprf_acnt9906,Intuit@!123,MXIDK
icpprf_acnt9907,Intuit@!123,DQHEK
icpprf_acnt9908,Intuit@!123,PEQYW
icpprf_acnt9909,Intuit@!123,CMLFY
icpprf_acnt9910,Intuit@!123,RJYNC
icpprf_acnt9911,Intuit@!123,LQZPT
icpprf_acnt9912,Intuit@!123,DCXFZ
icpprf_acnt9913,Intuit@!123,DVPGT
icpprf_acnt9914,Intuit@!123,NNVYA
icpprf_acnt9915,Intuit@!123,WBVAR
icpprf_acnt9916,Intuit@!123,PSOQJ
icpprf_acnt9917,Intuit@!123,MLMZT
icpprf_acnt9918,Intuit@!123,VTPDN
icpprf_acnt9919,Intuit@!123,RZXKN
icpprf_acnt9920,Intuit@!123,XWELM
icpprf_acnt9921,Intuit@!123,GOVBB
icpprf_acnt9922,Intuit@!123,VBORP
icpprf_acnt9923,Intuit@!123,LEOTD
icpprf_acnt9924,Intuit@!123,FTGWC
icpprf_acnt9925,Intuit@!123,URXJS
icpprf_acnt9926,Intuit@!123,TDGYP
icpprf_acnt9927,Intuit@!123,DYKJM
icpprf_acnt9928,Intuit@!123,OSJIH
icpprf_acnt9929,Intuit@!123,ADVDB
icpprf_acnt9930,Intuit@!123,ATFWL
icpprf_acnt9931,Intuit@!123,EHJJQ
icpprf_acnt9932,Intuit@!123,VORXL
icpprf_acnt9933,Intuit@!123,IKPFZ
icpprf_acnt9934,Intuit@!123,FKQWF
icpprf_acnt9935,Intuit@!123,TYAFL
icpprf_acnt9936,Intuit@!123,JVZMX
icpprf_acnt9937,Intuit@!123,CDJTE
icpprf_acnt9938,Intuit@!123,XFPPI
icpprf_acnt9939,Intuit@!123,WLUPI
icpprf_acnt9940,Intuit@!123,CJTIX
icpprf_acnt9941,Intuit@!123,RDGJU
icpprf_acnt9942,Intuit@!123,NQNWM
icpprf_acnt9943,Intuit@!123,QZUPN
icpprf_acnt9944,Intuit@!123,DVVGR
icpprf_acnt9945,Intuit@!123,UTFAP
icpprf_acnt9946,Intuit@!123,BWVHL
icpprf_acnt9947,Intuit@!123,NLKKO
icpprf_acnt9948,Intuit@!123,QIOMA
icpprf_acnt9949,Intuit@!123,SOLTD
icpprf_acnt9950,Intuit@!123,ELKSD
icpprf_acnt9951,Intuit@!123,ORQYO
icpprf_acnt9952,Intuit@!123,HSXUZ
icpprf_acnt9953,Intuit@!123,RLTRF
icpprf_acnt9954,Intuit@!123,LNATV
icpprf_acnt9955,Intuit@!123,PQQMW
icpprf_acnt9956,Intuit@!123,PMAUH
icpprf_acnt9957,Intuit@!123,JJZLW
icpprf_acnt9958,Intuit@!123,OAURE
icpprf_acnt9959,Intuit@!123,CGQGY
icpprf_acnt9960,Intuit@!123,JCNYS
icpprf_acnt9961,Intuit@!123,WROEV
icpprf_acnt9962,Intuit@!123,NEWEV
icpprf_acnt9963,Intuit@!123,TVORF
icpprf_acnt9964,Intuit@!123,QYTPS
icpprf_acnt9965,Intuit@!123,CEEQR
icpprf_acnt9966,Intuit@!123,IYNZM
icpprf_acnt9967,Intuit@!123,AECKA
icpprf_acnt9968,Intuit@!123,TRUEV
icpprf_acnt9969,Intuit@!123,ALUDL
icpprf_acnt9970,Intuit@!123,UWWEQ
icpprf_acnt9971,Intuit@!123,IFTCB
icpprf_acnt9972,Intuit@!123,NPZCU
icpprf_acnt9973,Intuit@!123,GVUQV
icpprf_acnt9974,Intuit@!123,SWQCW
icpprf_acnt9975,Intuit@!123,ECUAQ
icpprf_acnt9976,Intuit@!123,FAJIE
icpprf_acnt9977,Intuit@!123,RUJPE
icpprf_acnt9978,Intuit@!123,GEEWT
icpprf_acnt9979,Intuit@!123,WIDGZ
icpprf_acnt9980,Intuit@!123,JPMYX
icpprf_acnt9981,Intuit@!123,KQAQP
icpprf_acnt9982,Intuit@!123,QYGXX
icpprf_acnt9983,Intuit@!123,DBHPO
icpprf_acnt9984,Intuit@!123,JGKNL
icpprf_acnt9985,Intuit@!123,PUVHF
icpprf_acnt9986,Intuit@!123,FECCD
icpprf_acnt9987,Intuit@!123,MYVDZ
icpprf_acnt9988,Intuit@!123,EAQMW
icpprf_acnt9989,Intuit@!123,TCSGA
icpprf_acnt9990,Intuit@!123,QDFMP
icpprf_acnt9991,Intuit@!123,HGGMK
icpprf_acnt9992,Intuit@!123,QYGXX
icpprf_acnt9993,Intuit@!123,DBHPO
icpprf_acnt9994,Intuit@!123,JGKNL
icpprf_acnt9995,Intuit@!123,PUVHF
icpprf_acnt9996,Intuit@!123,FECCD
icpprf_acnt9997,Intuit@!123,MYVDZ
icpprf_acnt9998,Intuit@!123,EAQMW
icpprf_acnt9999,Intuit@!123,TCSGA
icpprf_acnt10000,Intuit@!123,QDFMP