icpprf_acnt38001,Intuit@!123,KWVTM
icpprf_acnt38002,Intuit@!123,YOGPJ
icpprf_acnt38003,Intuit@!123,LDMIE
icpprf_acnt38004,Intuit@!123,SOGPK
icpprf_acnt38005,Intuit@!123,OVDPO
icpprf_acnt38006,Intuit@!123,GZERS
icpprf_acnt38007,Intuit@!123,RPLGQ
icpprf_acnt38008,Intuit@!123,AZKNG
icpprf_acnt38009,Intuit@!123,KSSEP
icpprf_acnt38010,Intuit@!123,LNRQD
icpprf_acnt38011,Intuit@!123,DRQGW
icpprf_acnt38012,Intuit@!123,VWUWL
icpprf_acnt38013,Intuit@!123,LBGPQ
icpprf_acnt38014,Intuit@!123,JXOJA
icpprf_acnt38015,Intuit@!123,CVVKI
icpprf_acnt38016,Intuit@!123,ZXSCU
icpprf_acnt38017,Intuit@!123,TLUFF
icpprf_acnt38018,Intuit@!123,VMXWX
icpprf_acnt38019,Intuit@!123,RSPSB
icpprf_acnt38020,Intuit@!123,ESXHP
icpprf_acnt38021,Intuit@!123,QASJJ
icpprf_acnt38022,Intuit@!123,FQKMY
icpprf_acnt38023,Intuit@!123,NITJM
icpprf_acnt38024,Intuit@!123,DPYZA
icpprf_acnt38025,Intuit@!123,PIZRY
icpprf_acnt38026,Intuit@!123,NXCZW
icpprf_acnt38027,Intuit@!123,HHUME
icpprf_acnt38028,Intuit@!123,ZGSWB
icpprf_acnt38029,Intuit@!123,FAZTR
icpprf_acnt38030,Intuit@!123,LPVGE
icpprf_acnt38031,Intuit@!123,XRUFT
icpprf_acnt38032,Intuit@!123,JBFLZ
icpprf_acnt38033,Intuit@!123,VZUBI
icpprf_acnt38034,Intuit@!123,SKDSC
icpprf_acnt38035,Intuit@!123,ERGEI
icpprf_acnt38036,Intuit@!123,GYOQQ
icpprf_acnt38037,Intuit@!123,JXDQQ
icpprf_acnt38038,Intuit@!123,RXIIY
icpprf_acnt38039,Intuit@!123,ZJMDU
icpprf_acnt38040,Intuit@!123,GTCDG
icpprf_acnt38041,Intuit@!123,GLCDN
icpprf_acnt38042,Intuit@!123,FYLYL
icpprf_acnt38043,Intuit@!123,FDLQP
icpprf_acnt38044,Intuit@!123,BNASF
icpprf_acnt38045,Intuit@!123,BNFWQ
icpprf_acnt38046,Intuit@!123,UQLCA
icpprf_acnt38047,Intuit@!123,ZXLXW
icpprf_acnt38048,Intuit@!123,JRDIC
icpprf_acnt38049,Intuit@!123,YURMA
icpprf_acnt38050,Intuit@!123,WEXHY
icpprf_acnt38051,Intuit@!123,MODUS
icpprf_acnt38052,Intuit@!123,JOWAD
icpprf_acnt38053,Intuit@!123,DTDWP
icpprf_acnt38054,Intuit@!123,SOICF
icpprf_acnt38055,Intuit@!123,TSAVV
icpprf_acnt38056,Intuit@!123,HNUHT
icpprf_acnt38057,Intuit@!123,BROMG
icpprf_acnt38058,Intuit@!123,MJEFE
icpprf_acnt38059,Intuit@!123,CDITK
icpprf_acnt38060,Intuit@!123,KDPNM
icpprf_acnt38061,Intuit@!123,OKSJW
icpprf_acnt38062,Intuit@!123,IRDFD
icpprf_acnt38063,Intuit@!123,YSXHZ
icpprf_acnt38064,Intuit@!123,MFFOD
icpprf_acnt38065,Intuit@!123,WBVPS
icpprf_acnt38066,Intuit@!123,OJEGX
icpprf_acnt38067,Intuit@!123,WRYBX
icpprf_acnt38068,Intuit@!123,UZNEN
icpprf_acnt38069,Intuit@!123,RSLZK
icpprf_acnt38070,Intuit@!123,FUFBI
icpprf_acnt38071,Intuit@!123,XKKKW
icpprf_acnt38072,Intuit@!123,ODKGJ
icpprf_acnt38073,Intuit@!123,KGDGL
icpprf_acnt38074,Intuit@!123,QGYDC
icpprf_acnt38075,Intuit@!123,XZPYF
icpprf_acnt38076,Intuit@!123,RCLGX
icpprf_acnt38077,Intuit@!123,BMSSQ
icpprf_acnt38078,Intuit@!123,SYYKT
icpprf_acnt38079,Intuit@!123,PLTBI
icpprf_acnt38080,Intuit@!123,OXVTB
icpprf_acnt38081,Intuit@!123,HOAUG
icpprf_acnt38082,Intuit@!123,CAQOB
icpprf_acnt38083,Intuit@!123,WDGKW
icpprf_acnt38084,Intuit@!123,MRLAX
icpprf_acnt38085,Intuit@!123,IGAMM
icpprf_acnt38086,Intuit@!123,BLXLH
icpprf_acnt38087,Intuit@!123,KOLKI
icpprf_acnt38088,Intuit@!123,RUYCK
icpprf_acnt38089,Intuit@!123,ZITMG
icpprf_acnt38090,Intuit@!123,UQTXU
icpprf_acnt38091,Intuit@!123,FBTQX
icpprf_acnt38092,Intuit@!123,NMJXA
icpprf_acnt38093,Intuit@!123,MXDWD
icpprf_acnt38094,Intuit@!123,FLUPA
icpprf_acnt38095,Intuit@!123,OXYOW
icpprf_acnt38096,Intuit@!123,LMRIF
icpprf_acnt38097,Intuit@!123,CBSCK
icpprf_acnt38098,Intuit@!123,RJHYP
icpprf_acnt38099,Intuit@!123,IJQOP
icpprf_acnt38100,Intuit@!123,DDYBD
icpprf_acnt38101,Intuit@!123,ANDZD
icpprf_acnt38102,Intuit@!123,HPLKU
icpprf_acnt38103,Intuit@!123,QMJUM
icpprf_acnt38104,Intuit@!123,KKVKJ
icpprf_acnt38105,Intuit@!123,IZEYU
icpprf_acnt38106,Intuit@!123,JRJUZ
icpprf_acnt38107,Intuit@!123,CEGAO
icpprf_acnt38108,Intuit@!123,GIJPE
icpprf_acnt38109,Intuit@!123,YULJE
icpprf_acnt38110,Intuit@!123,BPYKS
icpprf_acnt38111,Intuit@!123,EZLYF
icpprf_acnt38112,Intuit@!123,OLNLQ
icpprf_acnt38113,Intuit@!123,WPWTI
icpprf_acnt38114,Intuit@!123,OIXKW
icpprf_acnt38115,Intuit@!123,QHVRP
icpprf_acnt38116,Intuit@!123,JKBVS
icpprf_acnt38117,Intuit@!123,WPZLS
icpprf_acnt38118,Intuit@!123,PNCAF
icpprf_acnt38119,Intuit@!123,OSLDK
icpprf_acnt38120,Intuit@!123,KKSLO
icpprf_acnt38121,Intuit@!123,VZWBP
icpprf_acnt38122,Intuit@!123,ZJKCH
icpprf_acnt38123,Intuit@!123,QUZZG
icpprf_acnt38124,Intuit@!123,SCWKX
icpprf_acnt38125,Intuit@!123,DXSVN
icpprf_acnt38126,Intuit@!123,OZRTB
icpprf_acnt38127,Intuit@!123,VTRGD
icpprf_acnt38128,Intuit@!123,PVJTM
icpprf_acnt38129,Intuit@!123,MQNTM
icpprf_acnt38130,Intuit@!123,JSYKS
icpprf_acnt38131,Intuit@!123,ULXJT
icpprf_acnt38132,Intuit@!123,FDGTO
icpprf_acnt38133,Intuit@!123,URPJY
icpprf_acnt38134,Intuit@!123,ZOQMH
icpprf_acnt38135,Intuit@!123,SQBFU
icpprf_acnt38136,Intuit@!123,VUFBF
icpprf_acnt38137,Intuit@!123,GOQJM
icpprf_acnt38138,Intuit@!123,TFJAI
icpprf_acnt38139,Intuit@!123,WRNFZ
icpprf_acnt38140,Intuit@!123,HFSBO
icpprf_acnt38141,Intuit@!123,GSYLM
icpprf_acnt38142,Intuit@!123,ROCUG
icpprf_acnt38143,Intuit@!123,ZNSVS
icpprf_acnt38144,Intuit@!123,SNSOA
icpprf_acnt38145,Intuit@!123,ELYXA
icpprf_acnt38146,Intuit@!123,POPPU
icpprf_acnt38147,Intuit@!123,QLXZP
icpprf_acnt38148,Intuit@!123,CZLNE
icpprf_acnt38149,Intuit@!123,MJLUD
icpprf_acnt38150,Intuit@!123,WZSUN
icpprf_acnt38151,Intuit@!123,YLNHZ
icpprf_acnt38152,Intuit@!123,FPNTJ
icpprf_acnt38153,Intuit@!123,FAKIJ
icpprf_acnt38154,Intuit@!123,UNESV
icpprf_acnt38155,Intuit@!123,DEUBG
icpprf_acnt38156,Intuit@!123,QIXUM
icpprf_acnt38157,Intuit@!123,ZUFMA
icpprf_acnt38158,Intuit@!123,QIKNN
icpprf_acnt38159,Intuit@!123,FVMXS
icpprf_acnt38160,Intuit@!123,UTDMD
icpprf_acnt38161,Intuit@!123,EXUEW
icpprf_acnt38162,Intuit@!123,YQUFX
icpprf_acnt38163,Intuit@!123,OIVXZ
icpprf_acnt38164,Intuit@!123,EUWAY
icpprf_acnt38165,Intuit@!123,PSENU
icpprf_acnt38166,Intuit@!123,VTDBV
icpprf_acnt38167,Intuit@!123,XEVKQ
icpprf_acnt38168,Intuit@!123,WEGOE
icpprf_acnt38169,Intuit@!123,MKYLB
icpprf_acnt38170,Intuit@!123,TZXJX
icpprf_acnt38171,Intuit@!123,VQVGX
icpprf_acnt38172,Intuit@!123,GJIFY
icpprf_acnt38173,Intuit@!123,LRZFL
icpprf_acnt38174,Intuit@!123,UDIRQ
icpprf_acnt38175,Intuit@!123,MWIHV
icpprf_acnt38176,Intuit@!123,IYEJE
icpprf_acnt38177,Intuit@!123,UPSGR
icpprf_acnt38178,Intuit@!123,NCAPW
icpprf_acnt38179,Intuit@!123,MUCYW
icpprf_acnt38180,Intuit@!123,LBKIT
icpprf_acnt38181,Intuit@!123,DYDBW
icpprf_acnt38182,Intuit@!123,XRMYI
icpprf_acnt38183,Intuit@!123,SVHRA
icpprf_acnt38184,Intuit@!123,FPCKL
icpprf_acnt38185,Intuit@!123,SCHJH
icpprf_acnt38186,Intuit@!123,WWPUD
icpprf_acnt38187,Intuit@!123,OHRSP
icpprf_acnt38188,Intuit@!123,INTMH
icpprf_acnt38189,Intuit@!123,BAUZI
icpprf_acnt38190,Intuit@!123,HIPDG
icpprf_acnt38191,Intuit@!123,EZEJW
icpprf_acnt38192,Intuit@!123,CFLLD
icpprf_acnt38193,Intuit@!123,GSPYZ
icpprf_acnt38194,Intuit@!123,KYAQH
icpprf_acnt38195,Intuit@!123,ZLFOM
icpprf_acnt38196,Intuit@!123,TRTFI
icpprf_acnt38197,Intuit@!123,MDSQB
icpprf_acnt38198,Intuit@!123,AGOEN
icpprf_acnt38199,Intuit@!123,IEICG
icpprf_acnt38200,Intuit@!123,WWXWV
icpprf_acnt38201,Intuit@!123,TTKVD
icpprf_acnt38202,Intuit@!123,XVBYK
icpprf_acnt38203,Intuit@!123,YLRBN
icpprf_acnt38204,Intuit@!123,EBVPW
icpprf_acnt38205,Intuit@!123,FGPSD
icpprf_acnt38206,Intuit@!123,DDAGA
icpprf_acnt38207,Intuit@!123,QUGMH
icpprf_acnt38208,Intuit@!123,ZXSCH
icpprf_acnt38209,Intuit@!123,GIEAV
icpprf_acnt38210,Intuit@!123,XCVGU
icpprf_acnt38211,Intuit@!123,AVFYF
icpprf_acnt38212,Intuit@!123,WKNGW
icpprf_acnt38213,Intuit@!123,JVXTE
icpprf_acnt38214,Intuit@!123,YQYIG
icpprf_acnt38215,Intuit@!123,UGKQQ
icpprf_acnt38216,Intuit@!123,HWUYV
icpprf_acnt38217,Intuit@!123,OINNS
icpprf_acnt38218,Intuit@!123,MQEBC
icpprf_acnt38219,Intuit@!123,TANAM
icpprf_acnt38220,Intuit@!123,ZHPJF
icpprf_acnt38221,Intuit@!123,TRYOO
icpprf_acnt38222,Intuit@!123,MLFFG
icpprf_acnt38223,Intuit@!123,WRBZL
icpprf_acnt38224,Intuit@!123,NLIUV
icpprf_acnt38225,Intuit@!123,ZOSRQ
icpprf_acnt38226,Intuit@!123,MGIZA
icpprf_acnt38227,Intuit@!123,HYLVM
icpprf_acnt38228,Intuit@!123,NLOKB
icpprf_acnt38229,Intuit@!123,ISYZK
icpprf_acnt38230,Intuit@!123,JIUWD
icpprf_acnt38231,Intuit@!123,TZGOJ
icpprf_acnt38232,Intuit@!123,XXTKT
icpprf_acnt38233,Intuit@!123,DJFME
icpprf_acnt38234,Intuit@!123,DUGNQ
icpprf_acnt38235,Intuit@!123,NTKOF
icpprf_acnt38236,Intuit@!123,NHGCJ
icpprf_acnt38237,Intuit@!123,FKOCC
icpprf_acnt38238,Intuit@!123,RKKNH
icpprf_acnt38239,Intuit@!123,CGXKU
icpprf_acnt38240,Intuit@!123,JDCHO
icpprf_acnt38241,Intuit@!123,VCGIC
icpprf_acnt38242,Intuit@!123,FTQNH
icpprf_acnt38243,Intuit@!123,THPJO
icpprf_acnt38244,Intuit@!123,WOEXI
icpprf_acnt38245,Intuit@!123,BGVSP
icpprf_acnt38246,Intuit@!123,VSFCR
icpprf_acnt38247,Intuit@!123,JNREP
icpprf_acnt38248,Intuit@!123,RKSWH
icpprf_acnt38249,Intuit@!123,QBFIT
icpprf_acnt38250,Intuit@!123,UVPRG
icpprf_acnt38251,Intuit@!123,ITYPM
icpprf_acnt38252,Intuit@!123,LXJUE
icpprf_acnt38253,Intuit@!123,EIXXV
icpprf_acnt38254,Intuit@!123,NQJUU
icpprf_acnt38255,Intuit@!123,UURDP
icpprf_acnt38256,Intuit@!123,FQQUB
icpprf_acnt38257,Intuit@!123,YNRYF
icpprf_acnt38258,Intuit@!123,NOHUJ
icpprf_acnt38259,Intuit@!123,SXXND
icpprf_acnt38260,Intuit@!123,RRJJT
icpprf_acnt38261,Intuit@!123,HFFQZ
icpprf_acnt38262,Intuit@!123,MVGXW
icpprf_acnt38263,Intuit@!123,JVPMP
icpprf_acnt38264,Intuit@!123,GZJOW
icpprf_acnt38265,Intuit@!123,CPKLJ
icpprf_acnt38266,Intuit@!123,RDDNQ
icpprf_acnt38267,Intuit@!123,RKJVV
icpprf_acnt38268,Intuit@!123,LCQFY
icpprf_acnt38269,Intuit@!123,DGYQB
icpprf_acnt38270,Intuit@!123,PBPCU
icpprf_acnt38271,Intuit@!123,SHEMU
icpprf_acnt38272,Intuit@!123,CYCYC
icpprf_acnt38273,Intuit@!123,TDIJG
icpprf_acnt38274,Intuit@!123,EBAFX
icpprf_acnt38275,Intuit@!123,UMUYG
icpprf_acnt38276,Intuit@!123,LPSEQ
icpprf_acnt38277,Intuit@!123,HLYUV
icpprf_acnt38278,Intuit@!123,WPSPQ
icpprf_acnt38279,Intuit@!123,MGYWN
icpprf_acnt38280,Intuit@!123,ISDUB
icpprf_acnt38281,Intuit@!123,RUFAM
icpprf_acnt38282,Intuit@!123,VSLVO
icpprf_acnt38283,Intuit@!123,ETUKZ
icpprf_acnt38284,Intuit@!123,CZLNF
icpprf_acnt38285,Intuit@!123,FURSO
icpprf_acnt38286,Intuit@!123,HHMPR
icpprf_acnt38287,Intuit@!123,DDAHT
icpprf_acnt38288,Intuit@!123,EWSHH
icpprf_acnt38289,Intuit@!123,WJVJN
icpprf_acnt38290,Intuit@!123,EGACN
icpprf_acnt38291,Intuit@!123,RGKQY
icpprf_acnt38292,Intuit@!123,TRDMA
icpprf_acnt38293,Intuit@!123,PSQLT
icpprf_acnt38294,Intuit@!123,GJKDI
icpprf_acnt38295,Intuit@!123,NBOCU
icpprf_acnt38296,Intuit@!123,FVPSB
icpprf_acnt38297,Intuit@!123,CXXQD
icpprf_acnt38298,Intuit@!123,YPOXG
icpprf_acnt38299,Intuit@!123,SWXYN
icpprf_acnt38300,Intuit@!123,CYUQO
icpprf_acnt38301,Intuit@!123,ECKUN
icpprf_acnt38302,Intuit@!123,BVYHK
icpprf_acnt38303,Intuit@!123,SNWHN
icpprf_acnt38304,Intuit@!123,CWLSZ
icpprf_acnt38305,Intuit@!123,ENDDL
icpprf_acnt38306,Intuit@!123,WSIUP
icpprf_acnt38307,Intuit@!123,FXZLH
icpprf_acnt38308,Intuit@!123,MMVBQ
icpprf_acnt38309,Intuit@!123,CJPED
icpprf_acnt38310,Intuit@!123,HSCON
icpprf_acnt38311,Intuit@!123,YRAUF
icpprf_acnt38312,Intuit@!123,XMECQ
icpprf_acnt38313,Intuit@!123,JDKJN
icpprf_acnt38314,Intuit@!123,UGUKE
icpprf_acnt38315,Intuit@!123,AVGFJ
icpprf_acnt38316,Intuit@!123,AEJPP
icpprf_acnt38317,Intuit@!123,HIXFE
icpprf_acnt38318,Intuit@!123,MWOTM
icpprf_acnt38319,Intuit@!123,TCMPC
icpprf_acnt38320,Intuit@!123,RHDTJ
icpprf_acnt38321,Intuit@!123,IBGDN
icpprf_acnt38322,Intuit@!123,ICSNI
icpprf_acnt38323,Intuit@!123,IUFFR
icpprf_acnt38324,Intuit@!123,CBHHP
icpprf_acnt38325,Intuit@!123,SWLFY
icpprf_acnt38326,Intuit@!123,AEIFH
icpprf_acnt38327,Intuit@!123,MNWBR
icpprf_acnt38328,Intuit@!123,JYEJH
icpprf_acnt38329,Intuit@!123,CIGBV
icpprf_acnt38330,Intuit@!123,WHXVQ
icpprf_acnt38331,Intuit@!123,ZZJEL
icpprf_acnt38332,Intuit@!123,MPZWC
icpprf_acnt38333,Intuit@!123,RTTDE
icpprf_acnt38334,Intuit@!123,JBMAX
icpprf_acnt38335,Intuit@!123,RJEON
icpprf_acnt38336,Intuit@!123,WDNQT
icpprf_acnt38337,Intuit@!123,AWYIA
icpprf_acnt38338,Intuit@!123,CQXOH
icpprf_acnt38339,Intuit@!123,QJRBD
icpprf_acnt38340,Intuit@!123,CUAFA
icpprf_acnt38341,Intuit@!123,EUJUG
icpprf_acnt38342,Intuit@!123,DWMJL
icpprf_acnt38343,Intuit@!123,FTILM
icpprf_acnt38344,Intuit@!123,QPCJC
icpprf_acnt38345,Intuit@!123,WSJWT
icpprf_acnt38346,Intuit@!123,TCGTJ
icpprf_acnt38347,Intuit@!123,GQIYY
icpprf_acnt38348,Intuit@!123,CTKBL
icpprf_acnt38349,Intuit@!123,HWIBR
icpprf_acnt38350,Intuit@!123,RBQFN
icpprf_acnt38351,Intuit@!123,FSRVS
icpprf_acnt38352,Intuit@!123,MCFSF
icpprf_acnt38353,Intuit@!123,JEUNB
icpprf_acnt38354,Intuit@!123,PZGPT
icpprf_acnt38355,Intuit@!123,QQMEU
icpprf_acnt38356,Intuit@!123,PFRCO
icpprf_acnt38357,Intuit@!123,XGTBZ
icpprf_acnt38358,Intuit@!123,DDZMA
icpprf_acnt38359,Intuit@!123,AKPQJ
icpprf_acnt38360,Intuit@!123,VUGUG
icpprf_acnt38361,Intuit@!123,ANCBI
icpprf_acnt38362,Intuit@!123,QCCIR
icpprf_acnt38363,Intuit@!123,AEDAT
icpprf_acnt38364,Intuit@!123,HWJPP
icpprf_acnt38365,Intuit@!123,MSBVW
icpprf_acnt38366,Intuit@!123,XDMNT
icpprf_acnt38367,Intuit@!123,PKNBH
icpprf_acnt38368,Intuit@!123,TRDHY
icpprf_acnt38369,Intuit@!123,MFBVJ
icpprf_acnt38370,Intuit@!123,HNGJZ
icpprf_acnt38371,Intuit@!123,GSCLW
icpprf_acnt38372,Intuit@!123,COQJL
icpprf_acnt38373,Intuit@!123,TWYKG
icpprf_acnt38374,Intuit@!123,EWSXD
icpprf_acnt38375,Intuit@!123,PGKSP
icpprf_acnt38376,Intuit@!123,PTWIN
icpprf_acnt38377,Intuit@!123,QHAWB
icpprf_acnt38378,Intuit@!123,IGLLP
icpprf_acnt38379,Intuit@!123,UAVQX
icpprf_acnt38380,Intuit@!123,DQLQW
icpprf_acnt38381,Intuit@!123,RFXYT
icpprf_acnt38382,Intuit@!123,ICUMQ
icpprf_acnt38383,Intuit@!123,FHBZR
icpprf_acnt38384,Intuit@!123,YDNXI
icpprf_acnt38385,Intuit@!123,BLIUW
icpprf_acnt38386,Intuit@!123,KTTEL
icpprf_acnt38387,Intuit@!123,ABKJB
icpprf_acnt38388,Intuit@!123,LDKYE
icpprf_acnt38389,Intuit@!123,TRSBA
icpprf_acnt38390,Intuit@!123,TYEAQ
icpprf_acnt38391,Intuit@!123,EHINL
icpprf_acnt38392,Intuit@!123,NHIHZ
icpprf_acnt38393,Intuit@!123,PPGUN
icpprf_acnt38394,Intuit@!123,HOBXQ
icpprf_acnt38395,Intuit@!123,CORJT
icpprf_acnt38396,Intuit@!123,AATHL
icpprf_acnt38397,Intuit@!123,VAPKU
icpprf_acnt38398,Intuit@!123,HGTHL
icpprf_acnt38399,Intuit@!123,SCLCT
icpprf_acnt38400,Intuit@!123,LBTDM
icpprf_acnt38401,Intuit@!123,VVKQF
icpprf_acnt38402,Intuit@!123,IAPJC
icpprf_acnt38403,Intuit@!123,IBRUC
icpprf_acnt38404,Intuit@!123,ZTFMS
icpprf_acnt38405,Intuit@!123,ZDWGJ
icpprf_acnt38406,Intuit@!123,JHIEY
icpprf_acnt38407,Intuit@!123,WVAZY
icpprf_acnt38408,Intuit@!123,PXVIG
icpprf_acnt38409,Intuit@!123,OVDAS
icpprf_acnt38410,Intuit@!123,ZXVXW
icpprf_acnt38411,Intuit@!123,IXIFL
icpprf_acnt38412,Intuit@!123,RQVZH
icpprf_acnt38413,Intuit@!123,RSWBB
icpprf_acnt38414,Intuit@!123,JQJQQ
icpprf_acnt38415,Intuit@!123,VGUYJ
icpprf_acnt38416,Intuit@!123,SMKMU
icpprf_acnt38417,Intuit@!123,KZPPX
icpprf_acnt38418,Intuit@!123,RQVOT
icpprf_acnt38419,Intuit@!123,KEGEI
icpprf_acnt38420,Intuit@!123,LXXCV
icpprf_acnt38421,Intuit@!123,EIMVB
icpprf_acnt38422,Intuit@!123,HEBKY
icpprf_acnt38423,Intuit@!123,PVSCL
icpprf_acnt38424,Intuit@!123,VVSVA
icpprf_acnt38425,Intuit@!123,ONPAT
icpprf_acnt38426,Intuit@!123,UZYHG
icpprf_acnt38427,Intuit@!123,TZAVA
icpprf_acnt38428,Intuit@!123,VUFWV
icpprf_acnt38429,Intuit@!123,NNWCW
icpprf_acnt38430,Intuit@!123,XTELG
icpprf_acnt38431,Intuit@!123,IUOFO
icpprf_acnt38432,Intuit@!123,DEKMM
icpprf_acnt38433,Intuit@!123,IYNAP
icpprf_acnt38434,Intuit@!123,GGQWI
icpprf_acnt38435,Intuit@!123,LNMIE
icpprf_acnt38436,Intuit@!123,GFJET
icpprf_acnt38437,Intuit@!123,VRZZB
icpprf_acnt38438,Intuit@!123,JZXFW
icpprf_acnt38439,Intuit@!123,IYVDG
icpprf_acnt38440,Intuit@!123,SGHRM
icpprf_acnt38441,Intuit@!123,CUFXN
icpprf_acnt38442,Intuit@!123,YSQBM
icpprf_acnt38443,Intuit@!123,OWXTQ
icpprf_acnt38444,Intuit@!123,FBCHG
icpprf_acnt38445,Intuit@!123,HEKTI
icpprf_acnt38446,Intuit@!123,IWZDZ
icpprf_acnt38447,Intuit@!123,AHHTC
icpprf_acnt38448,Intuit@!123,VQSMC
icpprf_acnt38449,Intuit@!123,USBGU
icpprf_acnt38450,Intuit@!123,ZNTGT
icpprf_acnt38451,Intuit@!123,HWHPM
icpprf_acnt38452,Intuit@!123,QBLYX
icpprf_acnt38453,Intuit@!123,ESTMR
icpprf_acnt38454,Intuit@!123,WLZRH
icpprf_acnt38455,Intuit@!123,SIQYH
icpprf_acnt38456,Intuit@!123,TCOHP
icpprf_acnt38457,Intuit@!123,XMJLN
icpprf_acnt38458,Intuit@!123,YHMIP
icpprf_acnt38459,Intuit@!123,AWATE
icpprf_acnt38460,Intuit@!123,UJWOU
icpprf_acnt38461,Intuit@!123,MHACT
icpprf_acnt38462,Intuit@!123,RGBBS
icpprf_acnt38463,Intuit@!123,WNUNZ
icpprf_acnt38464,Intuit@!123,JNBIS
icpprf_acnt38465,Intuit@!123,GWTAC
icpprf_acnt38466,Intuit@!123,WIGNO
icpprf_acnt38467,Intuit@!123,MRSSM
icpprf_acnt38468,Intuit@!123,RUFJF
icpprf_acnt38469,Intuit@!123,WVAOT
icpprf_acnt38470,Intuit@!123,TAAHH
icpprf_acnt38471,Intuit@!123,YJEGA
icpprf_acnt38472,Intuit@!123,PMDGN
icpprf_acnt38473,Intuit@!123,CNMUL
icpprf_acnt38474,Intuit@!123,CMUOH
icpprf_acnt38475,Intuit@!123,HQNFP
icpprf_acnt38476,Intuit@!123,ALDBE
icpprf_acnt38477,Intuit@!123,LCWFD
icpprf_acnt38478,Intuit@!123,EMQNR
icpprf_acnt38479,Intuit@!123,JXMMA
icpprf_acnt38480,Intuit@!123,FIXTC
icpprf_acnt38481,Intuit@!123,LRRUE
icpprf_acnt38482,Intuit@!123,NSZWO
icpprf_acnt38483,Intuit@!123,NWSRQ
icpprf_acnt38484,Intuit@!123,LOCDH
icpprf_acnt38485,Intuit@!123,OOIYQ
icpprf_acnt38486,Intuit@!123,YHLSF
icpprf_acnt38487,Intuit@!123,HIPWS
icpprf_acnt38488,Intuit@!123,MFRNT
icpprf_acnt38489,Intuit@!123,DACKD
icpprf_acnt38490,Intuit@!123,JIXPA
icpprf_acnt38491,Intuit@!123,OYBQS
icpprf_acnt38492,Intuit@!123,MMOHS
icpprf_acnt38493,Intuit@!123,PSYKB
icpprf_acnt38494,Intuit@!123,YIZWT
icpprf_acnt38495,Intuit@!123,MQJUB
icpprf_acnt38496,Intuit@!123,KGDXA
icpprf_acnt38497,Intuit@!123,GRHRE
icpprf_acnt38498,Intuit@!123,IBYOF
icpprf_acnt38499,Intuit@!123,BFDOX
icpprf_acnt38500,Intuit@!123,NJBRW
icpprf_acnt38501,Intuit@!123,RCTIO
icpprf_acnt38502,Intuit@!123,QDONL
icpprf_acnt38503,Intuit@!123,VGZXY
icpprf_acnt38504,Intuit@!123,BZARG
icpprf_acnt38505,Intuit@!123,ZBHLL
icpprf_acnt38506,Intuit@!123,KSAZV
icpprf_acnt38507,Intuit@!123,PXLIV
icpprf_acnt38508,Intuit@!123,FOADH
icpprf_acnt38509,Intuit@!123,DYTQD
icpprf_acnt38510,Intuit@!123,VUXEP
icpprf_acnt38511,Intuit@!123,UVFCE
icpprf_acnt38512,Intuit@!123,VRFRW
icpprf_acnt38513,Intuit@!123,BAZVN
icpprf_acnt38514,Intuit@!123,MHANR
icpprf_acnt38515,Intuit@!123,JPKPE
icpprf_acnt38516,Intuit@!123,JYOMC
icpprf_acnt38517,Intuit@!123,VDRZC
icpprf_acnt38518,Intuit@!123,VYESY
icpprf_acnt38519,Intuit@!123,BRMIK
icpprf_acnt38520,Intuit@!123,UXIKP
icpprf_acnt38521,Intuit@!123,ZTQBP
icpprf_acnt38522,Intuit@!123,GHBSH
icpprf_acnt38523,Intuit@!123,SOIYI
icpprf_acnt38524,Intuit@!123,XGFDA
icpprf_acnt38525,Intuit@!123,LJXKE
icpprf_acnt38526,Intuit@!123,FIAAU
icpprf_acnt38527,Intuit@!123,LRQEJ
icpprf_acnt38528,Intuit@!123,ZYDFZ
icpprf_acnt38529,Intuit@!123,JPYNL
icpprf_acnt38530,Intuit@!123,BQMLH
icpprf_acnt38531,Intuit@!123,KJUAO
icpprf_acnt38532,Intuit@!123,WDGJI
icpprf_acnt38533,Intuit@!123,YQSLL
icpprf_acnt38534,Intuit@!123,LRUGV
icpprf_acnt38535,Intuit@!123,AXTTF
icpprf_acnt38536,Intuit@!123,DHYSK
icpprf_acnt38537,Intuit@!123,GCMWK
icpprf_acnt38538,Intuit@!123,BXIEI
icpprf_acnt38539,Intuit@!123,DBBFQ
icpprf_acnt38540,Intuit@!123,UTUSE
icpprf_acnt38541,Intuit@!123,TBKPF
icpprf_acnt38542,Intuit@!123,CVQFQ
icpprf_acnt38543,Intuit@!123,UVLBO
icpprf_acnt38544,Intuit@!123,HENNS
icpprf_acnt38545,Intuit@!123,UUEED
icpprf_acnt38546,Intuit@!123,RVSUF
icpprf_acnt38547,Intuit@!123,RFNXO
icpprf_acnt38548,Intuit@!123,TBVXE
icpprf_acnt38549,Intuit@!123,JXLVG
icpprf_acnt38550,Intuit@!123,NGVAB
icpprf_acnt38551,Intuit@!123,STMCW
icpprf_acnt38552,Intuit@!123,KFKDC
icpprf_acnt38553,Intuit@!123,VXMMW
icpprf_acnt38554,Intuit@!123,FHWOZ
icpprf_acnt38555,Intuit@!123,OFOVS
icpprf_acnt38556,Intuit@!123,VUHVI
icpprf_acnt38557,Intuit@!123,AIDHS
icpprf_acnt38558,Intuit@!123,IVZCN
icpprf_acnt38559,Intuit@!123,PVHSG
icpprf_acnt38560,Intuit@!123,EGTND
icpprf_acnt38561,Intuit@!123,CPKEY
icpprf_acnt38562,Intuit@!123,USPTI
icpprf_acnt38563,Intuit@!123,IXXNF
icpprf_acnt38564,Intuit@!123,OXKQW
icpprf_acnt38565,Intuit@!123,WMJPA
icpprf_acnt38566,Intuit@!123,WPLJA
icpprf_acnt38567,Intuit@!123,GOIDR
icpprf_acnt38568,Intuit@!123,QZMQW
icpprf_acnt38569,Intuit@!123,QPYOM
icpprf_acnt38570,Intuit@!123,XDSID
icpprf_acnt38571,Intuit@!123,CZWHV
icpprf_acnt38572,Intuit@!123,GOUIP
icpprf_acnt38573,Intuit@!123,BQDKC
icpprf_acnt38574,Intuit@!123,UUGVA
icpprf_acnt38575,Intuit@!123,UVEMR
icpprf_acnt38576,Intuit@!123,AHADA
icpprf_acnt38577,Intuit@!123,SFNZG
icpprf_acnt38578,Intuit@!123,HBOZL
icpprf_acnt38579,Intuit@!123,QADXT
icpprf_acnt38580,Intuit@!123,CGNNP
icpprf_acnt38581,Intuit@!123,XXPVE
icpprf_acnt38582,Intuit@!123,FVYMC
icpprf_acnt38583,Intuit@!123,AJAWF
icpprf_acnt38584,Intuit@!123,KMLGQ
icpprf_acnt38585,Intuit@!123,RFNZI
icpprf_acnt38586,Intuit@!123,EZXZB
icpprf_acnt38587,Intuit@!123,AYUFI
icpprf_acnt38588,Intuit@!123,TDORZ
icpprf_acnt38589,Intuit@!123,BWVFJ
icpprf_acnt38590,Intuit@!123,SLOMG
icpprf_acnt38591,Intuit@!123,RDEVC
icpprf_acnt38592,Intuit@!123,RXHIH
icpprf_acnt38593,Intuit@!123,OQSTE
icpprf_acnt38594,Intuit@!123,ZXHZS
icpprf_acnt38595,Intuit@!123,SUKVT
icpprf_acnt38596,Intuit@!123,HWQTF
icpprf_acnt38597,Intuit@!123,RBSWW
icpprf_acnt38598,Intuit@!123,QJKSP
icpprf_acnt38599,Intuit@!123,DRDJF
icpprf_acnt38600,Intuit@!123,LFNYX
icpprf_acnt38601,Intuit@!123,RETSO
icpprf_acnt38602,Intuit@!123,SXQGR
icpprf_acnt38603,Intuit@!123,CCAZE
icpprf_acnt38604,Intuit@!123,ZSZAX
icpprf_acnt38605,Intuit@!123,HFHJJ
icpprf_acnt38606,Intuit@!123,WQWYB
icpprf_acnt38607,Intuit@!123,TKGJV
icpprf_acnt38608,Intuit@!123,PFJRE
icpprf_acnt38609,Intuit@!123,MVQAX
icpprf_acnt38610,Intuit@!123,SLHHI
icpprf_acnt38611,Intuit@!123,UYPRB
icpprf_acnt38612,Intuit@!123,HTFBC
icpprf_acnt38613,Intuit@!123,IDWXN
icpprf_acnt38614,Intuit@!123,WPBYY
icpprf_acnt38615,Intuit@!123,LWRJT
icpprf_acnt38616,Intuit@!123,DBMLQ
icpprf_acnt38617,Intuit@!123,FVUUS
icpprf_acnt38618,Intuit@!123,ZVIBP
icpprf_acnt38619,Intuit@!123,JHISS
icpprf_acnt38620,Intuit@!123,QNGZP
icpprf_acnt38621,Intuit@!123,CZKIP
icpprf_acnt38622,Intuit@!123,CVJQF
icpprf_acnt38623,Intuit@!123,EMWAL
icpprf_acnt38624,Intuit@!123,DAJPB
icpprf_acnt38625,Intuit@!123,TQELW
icpprf_acnt38626,Intuit@!123,VAZCA
icpprf_acnt38627,Intuit@!123,SICLO
icpprf_acnt38628,Intuit@!123,MWJMG
icpprf_acnt38629,Intuit@!123,SJOBP
icpprf_acnt38630,Intuit@!123,OXPHR
icpprf_acnt38631,Intuit@!123,SJJLP
icpprf_acnt38632,Intuit@!123,YGZBY
icpprf_acnt38633,Intuit@!123,KBDBQ
icpprf_acnt38634,Intuit@!123,GFSKU
icpprf_acnt38635,Intuit@!123,RSALR
icpprf_acnt38636,Intuit@!123,SFGQJ
icpprf_acnt38637,Intuit@!123,KWJVY
icpprf_acnt38638,Intuit@!123,AICXE
icpprf_acnt38639,Intuit@!123,MWLHI
icpprf_acnt38640,Intuit@!123,EIVLQ
icpprf_acnt38641,Intuit@!123,PELJI
icpprf_acnt38642,Intuit@!123,KZXOQ
icpprf_acnt38643,Intuit@!123,VWZHC
icpprf_acnt38644,Intuit@!123,LFKBJ
icpprf_acnt38645,Intuit@!123,UBQCX
icpprf_acnt38646,Intuit@!123,VCHEX
icpprf_acnt38647,Intuit@!123,GYORQ
icpprf_acnt38648,Intuit@!123,VWWJS
icpprf_acnt38649,Intuit@!123,EWHFV
icpprf_acnt38650,Intuit@!123,MTMYQ
icpprf_acnt38651,Intuit@!123,WXFCX
icpprf_acnt38652,Intuit@!123,RYLCQ
icpprf_acnt38653,Intuit@!123,XHRZY
icpprf_acnt38654,Intuit@!123,CZPYG
icpprf_acnt38655,Intuit@!123,YIVHZ
icpprf_acnt38656,Intuit@!123,DTTRF
icpprf_acnt38657,Intuit@!123,WBDSK
icpprf_acnt38658,Intuit@!123,BPBLI
icpprf_acnt38659,Intuit@!123,ISATY
icpprf_acnt38660,Intuit@!123,IGENB
icpprf_acnt38661,Intuit@!123,SKIPO
icpprf_acnt38662,Intuit@!123,DRTWW
icpprf_acnt38663,Intuit@!123,VRHKX
icpprf_acnt38664,Intuit@!123,XXEYR
icpprf_acnt38665,Intuit@!123,ASOMD
icpprf_acnt38666,Intuit@!123,XBFXT
icpprf_acnt38667,Intuit@!123,YTGGJ
icpprf_acnt38668,Intuit@!123,GLGEM
icpprf_acnt38669,Intuit@!123,IDOWG
icpprf_acnt38670,Intuit@!123,DMQCX
icpprf_acnt38671,Intuit@!123,JKKKQ
icpprf_acnt38672,Intuit@!123,DDJGS
icpprf_acnt38673,Intuit@!123,KIUUK
icpprf_acnt38674,Intuit@!123,YMJRL
icpprf_acnt38675,Intuit@!123,BJECB
icpprf_acnt38676,Intuit@!123,AVVKD
icpprf_acnt38677,Intuit@!123,XZGHD
icpprf_acnt38678,Intuit@!123,ZWCVS
icpprf_acnt38679,Intuit@!123,LQCTB
icpprf_acnt38680,Intuit@!123,HUFXO
icpprf_acnt38681,Intuit@!123,EXQRE
icpprf_acnt38682,Intuit@!123,OGOXS
icpprf_acnt38683,Intuit@!123,JMZHP
icpprf_acnt38684,Intuit@!123,LEZQW
icpprf_acnt38685,Intuit@!123,PTCLQ
icpprf_acnt38686,Intuit@!123,EEOIV
icpprf_acnt38687,Intuit@!123,JAWZG
icpprf_acnt38688,Intuit@!123,ZAJKU
icpprf_acnt38689,Intuit@!123,MWBTV
icpprf_acnt38690,Intuit@!123,GNILI
icpprf_acnt38691,Intuit@!123,QJJZN
icpprf_acnt38692,Intuit@!123,JCINK
icpprf_acnt38693,Intuit@!123,OTJIT
icpprf_acnt38694,Intuit@!123,DCFLH
icpprf_acnt38695,Intuit@!123,SPRLI
icpprf_acnt38696,Intuit@!123,CMFLI
icpprf_acnt38697,Intuit@!123,XJRFS
icpprf_acnt38698,Intuit@!123,NMBTQ
icpprf_acnt38699,Intuit@!123,DIHLL
icpprf_acnt38700,Intuit@!123,RABME
icpprf_acnt38701,Intuit@!123,CPKMQ
icpprf_acnt38702,Intuit@!123,WJOBT
icpprf_acnt38703,Intuit@!123,WTRSX
icpprf_acnt38704,Intuit@!123,PTKOU
icpprf_acnt38705,Intuit@!123,ORXSR
icpprf_acnt38706,Intuit@!123,VDIEG
icpprf_acnt38707,Intuit@!123,ALSFF
icpprf_acnt38708,Intuit@!123,BFPQM
icpprf_acnt38709,Intuit@!123,KONXZ
icpprf_acnt38710,Intuit@!123,ETKXE
icpprf_acnt38711,Intuit@!123,KCUPS
icpprf_acnt38712,Intuit@!123,FILGP
icpprf_acnt38713,Intuit@!123,MZQPM
icpprf_acnt38714,Intuit@!123,NHVLW
icpprf_acnt38715,Intuit@!123,MGBET
icpprf_acnt38716,Intuit@!123,IZJNW
icpprf_acnt38717,Intuit@!123,AXZKG
icpprf_acnt38718,Intuit@!123,ORTTU
icpprf_acnt38719,Intuit@!123,AUDBH
icpprf_acnt38720,Intuit@!123,FXSEG
icpprf_acnt38721,Intuit@!123,YAGYZ
icpprf_acnt38722,Intuit@!123,IRTAK
icpprf_acnt38723,Intuit@!123,TAPNM
icpprf_acnt38724,Intuit@!123,CACRS
icpprf_acnt38725,Intuit@!123,PRNCC
icpprf_acnt38726,Intuit@!123,VSMDB
icpprf_acnt38727,Intuit@!123,UVEMS
icpprf_acnt38728,Intuit@!123,GPJJP
icpprf_acnt38729,Intuit@!123,LUUAT
icpprf_acnt38730,Intuit@!123,YSXUN
icpprf_acnt38731,Intuit@!123,SBUHT
icpprf_acnt38732,Intuit@!123,DOTYZ
icpprf_acnt38733,Intuit@!123,JZZWH
icpprf_acnt38734,Intuit@!123,BYFMY
icpprf_acnt38735,Intuit@!123,PAJKD
icpprf_acnt38736,Intuit@!123,FERBA
icpprf_acnt38737,Intuit@!123,VREQN
icpprf_acnt38738,Intuit@!123,AFBKS
icpprf_acnt38739,Intuit@!123,DUQGD
icpprf_acnt38740,Intuit@!123,TXLXT
icpprf_acnt38741,Intuit@!123,CMLGQ
icpprf_acnt38742,Intuit@!123,FHJUY
icpprf_acnt38743,Intuit@!123,JLZNH
icpprf_acnt38744,Intuit@!123,RFWAA
icpprf_acnt38745,Intuit@!123,VWBMS
icpprf_acnt38746,Intuit@!123,AYPNR
icpprf_acnt38747,Intuit@!123,MWRAU
icpprf_acnt38748,Intuit@!123,BFNRA
icpprf_acnt38749,Intuit@!123,FUCFV
icpprf_acnt38750,Intuit@!123,VQFBG
icpprf_acnt38751,Intuit@!123,ABPDK
icpprf_acnt38752,Intuit@!123,VTSEQ
icpprf_acnt38753,Intuit@!123,XXLRF
icpprf_acnt38754,Intuit@!123,LTLXD
icpprf_acnt38755,Intuit@!123,RFCBK
icpprf_acnt38756,Intuit@!123,ADBAY
icpprf_acnt38757,Intuit@!123,LDAHX
icpprf_acnt38758,Intuit@!123,SVBKO
icpprf_acnt38759,Intuit@!123,PKBEU
icpprf_acnt38760,Intuit@!123,TGKUV
icpprf_acnt38761,Intuit@!123,XKWEQ
icpprf_acnt38762,Intuit@!123,XUXZS
icpprf_acnt38763,Intuit@!123,VIRBJ
icpprf_acnt38764,Intuit@!123,QZTKK
icpprf_acnt38765,Intuit@!123,NWBQD
icpprf_acnt38766,Intuit@!123,DJGOJ
icpprf_acnt38767,Intuit@!123,BBRLL
icpprf_acnt38768,Intuit@!123,CAYHF
icpprf_acnt38769,Intuit@!123,IEEJO
icpprf_acnt38770,Intuit@!123,MFALE
icpprf_acnt38771,Intuit@!123,YXSBB
icpprf_acnt38772,Intuit@!123,BHQQK
icpprf_acnt38773,Intuit@!123,LFIGJ
icpprf_acnt38774,Intuit@!123,EGHGE
icpprf_acnt38775,Intuit@!123,VFNLE
icpprf_acnt38776,Intuit@!123,NDTDH
icpprf_acnt38777,Intuit@!123,IWPLG
icpprf_acnt38778,Intuit@!123,VDUHY
icpprf_acnt38779,Intuit@!123,VFQXV
icpprf_acnt38780,Intuit@!123,UMVFA
icpprf_acnt38781,Intuit@!123,EUJGZ
icpprf_acnt38782,Intuit@!123,HUGIN
icpprf_acnt38783,Intuit@!123,FZSHW
icpprf_acnt38784,Intuit@!123,IHPVA
icpprf_acnt38785,Intuit@!123,AABWI
icpprf_acnt38786,Intuit@!123,ZOFWT
icpprf_acnt38787,Intuit@!123,QQGOQ
icpprf_acnt38788,Intuit@!123,QTBYU
icpprf_acnt38789,Intuit@!123,OMBOT
icpprf_acnt38790,Intuit@!123,KTTAQ
icpprf_acnt38791,Intuit@!123,MOAEM
icpprf_acnt38792,Intuit@!123,OQFMB
icpprf_acnt38793,Intuit@!123,BLQED
icpprf_acnt38794,Intuit@!123,QLDEA
icpprf_acnt38795,Intuit@!123,COYEU
icpprf_acnt38796,Intuit@!123,HWGRS
icpprf_acnt38797,Intuit@!123,TQZUT
icpprf_acnt38798,Intuit@!123,KVRCO
icpprf_acnt38799,Intuit@!123,EIYUO
icpprf_acnt38800,Intuit@!123,BTBEP
icpprf_acnt38801,Intuit@!123,YATKV
icpprf_acnt38802,Intuit@!123,SNGRJ
icpprf_acnt38803,Intuit@!123,PZMRS
icpprf_acnt38804,Intuit@!123,ZZJFI
icpprf_acnt38805,Intuit@!123,SOCKI
icpprf_acnt38806,Intuit@!123,ZYECR
icpprf_acnt38807,Intuit@!123,QQAOS
icpprf_acnt38808,Intuit@!123,BMJGR
icpprf_acnt38809,Intuit@!123,UMFAZ
icpprf_acnt38810,Intuit@!123,ZQQOZ
icpprf_acnt38811,Intuit@!123,RNNVO
icpprf_acnt38812,Intuit@!123,HXYKB
icpprf_acnt38813,Intuit@!123,ROJFV
icpprf_acnt38814,Intuit@!123,HWTIM
icpprf_acnt38815,Intuit@!123,QSJCF
icpprf_acnt38816,Intuit@!123,JAGAB
icpprf_acnt38817,Intuit@!123,ULQWV
icpprf_acnt38818,Intuit@!123,PNEIF
icpprf_acnt38819,Intuit@!123,ZMABD
icpprf_acnt38820,Intuit@!123,PARLZ
icpprf_acnt38821,Intuit@!123,VWGHG
icpprf_acnt38822,Intuit@!123,PTAPF
icpprf_acnt38823,Intuit@!123,EXQFV
icpprf_acnt38824,Intuit@!123,PZKRZ
icpprf_acnt38825,Intuit@!123,MYUMI
icpprf_acnt38826,Intuit@!123,VGJNJ
icpprf_acnt38827,Intuit@!123,ODJMU
icpprf_acnt38828,Intuit@!123,IBPRO
icpprf_acnt38829,Intuit@!123,IMEZI
icpprf_acnt38830,Intuit@!123,CXOLZ
icpprf_acnt38831,Intuit@!123,QQDFI
icpprf_acnt38832,Intuit@!123,NTZZI
icpprf_acnt38833,Intuit@!123,QNSML
icpprf_acnt38834,Intuit@!123,VAPWK
icpprf_acnt38835,Intuit@!123,BFXHE
icpprf_acnt38836,Intuit@!123,TBPHV
icpprf_acnt38837,Intuit@!123,DFUAM
icpprf_acnt38838,Intuit@!123,NGQHK
icpprf_acnt38839,Intuit@!123,JKBPD
icpprf_acnt38840,Intuit@!123,QYJHS
icpprf_acnt38841,Intuit@!123,YTXPG
icpprf_acnt38842,Intuit@!123,JJVSZ
icpprf_acnt38843,Intuit@!123,ISOJF
icpprf_acnt38844,Intuit@!123,JUZRC
icpprf_acnt38845,Intuit@!123,IIOOK
icpprf_acnt38846,Intuit@!123,GYTUI
icpprf_acnt38847,Intuit@!123,QHIVS
icpprf_acnt38848,Intuit@!123,URLZW
icpprf_acnt38849,Intuit@!123,CUVHG
icpprf_acnt38850,Intuit@!123,CBANH
icpprf_acnt38851,Intuit@!123,SSEOG
icpprf_acnt38852,Intuit@!123,IQZMH
icpprf_acnt38853,Intuit@!123,AUCPD
icpprf_acnt38854,Intuit@!123,ANJRL
icpprf_acnt38855,Intuit@!123,AESFN
icpprf_acnt38856,Intuit@!123,RMVET
icpprf_acnt38857,Intuit@!123,HYNNB
icpprf_acnt38858,Intuit@!123,MDTYG
icpprf_acnt38859,Intuit@!123,NCSSN
icpprf_acnt38860,Intuit@!123,EDCDQ
icpprf_acnt38861,Intuit@!123,NKOOM
icpprf_acnt38862,Intuit@!123,OCFBG
icpprf_acnt38863,Intuit@!123,HTFKQ
icpprf_acnt38864,Intuit@!123,GQZCQ
icpprf_acnt38865,Intuit@!123,OJURF
icpprf_acnt38866,Intuit@!123,WHDEK
icpprf_acnt38867,Intuit@!123,DSPQB
icpprf_acnt38868,Intuit@!123,EZIRB
icpprf_acnt38869,Intuit@!123,SAAKC
icpprf_acnt38870,Intuit@!123,LTHYC
icpprf_acnt38871,Intuit@!123,YYATK
icpprf_acnt38872,Intuit@!123,OLKII
icpprf_acnt38873,Intuit@!123,KVOSS
icpprf_acnt38874,Intuit@!123,GINSL
icpprf_acnt38875,Intuit@!123,FHNXN
icpprf_acnt38876,Intuit@!123,UCNFP
icpprf_acnt38877,Intuit@!123,BVNHT
icpprf_acnt38878,Intuit@!123,NEMZR
icpprf_acnt38879,Intuit@!123,KJDRJ
icpprf_acnt38880,Intuit@!123,SRLPS
icpprf_acnt38881,Intuit@!123,FPODS
icpprf_acnt38882,Intuit@!123,JGYKJ
icpprf_acnt38883,Intuit@!123,MXAPV
icpprf_acnt38884,Intuit@!123,MDMGS
icpprf_acnt38885,Intuit@!123,UTNJU
icpprf_acnt38886,Intuit@!123,PIEEI
icpprf_acnt38887,Intuit@!123,PLQFI
icpprf_acnt38888,Intuit@!123,SQHEX
icpprf_acnt38889,Intuit@!123,HHBXO
icpprf_acnt38890,Intuit@!123,MPXPP
icpprf_acnt38891,Intuit@!123,PGMLQ
icpprf_acnt38892,Intuit@!123,KXTDV
icpprf_acnt38893,Intuit@!123,CRDZR
icpprf_acnt38894,Intuit@!123,YUEZL
icpprf_acnt38895,Intuit@!123,JCBSB
icpprf_acnt38896,Intuit@!123,NXYUP
icpprf_acnt38897,Intuit@!123,MPHXN
icpprf_acnt38898,Intuit@!123,ACEIN
icpprf_acnt38899,Intuit@!123,ATQFV
icpprf_acnt38900,Intuit@!123,GTSIZ
icpprf_acnt38901,Intuit@!123,GXNLI
icpprf_acnt38902,Intuit@!123,QWQEE
icpprf_acnt38903,Intuit@!123,QYXBG
icpprf_acnt38904,Intuit@!123,MXIDK
icpprf_acnt38905,Intuit@!123,DQHEK
icpprf_acnt38906,Intuit@!123,PEQYW
icpprf_acnt38907,Intuit@!123,CMLFY
icpprf_acnt38908,Intuit@!123,RJYNC
icpprf_acnt38909,Intuit@!123,LQZPT
icpprf_acnt38910,Intuit@!123,DCXFZ
icpprf_acnt38911,Intuit@!123,DVPGT
icpprf_acnt38912,Intuit@!123,NNVYA
icpprf_acnt38913,Intuit@!123,WBVAR
icpprf_acnt38914,Intuit@!123,PSOQJ
icpprf_acnt38915,Intuit@!123,MLMZT
icpprf_acnt38916,Intuit@!123,VTPDN
icpprf_acnt38917,Intuit@!123,RZXKN
icpprf_acnt38918,Intuit@!123,XWELM
icpprf_acnt38919,Intuit@!123,GOVBB
icpprf_acnt38920,Intuit@!123,VBORP
icpprf_acnt38921,Intuit@!123,LEOTD
icpprf_acnt38922,Intuit@!123,FTGWC
icpprf_acnt38923,Intuit@!123,URXJS
icpprf_acnt38924,Intuit@!123,TDGYP
icpprf_acnt38925,Intuit@!123,DYKJM
icpprf_acnt38926,Intuit@!123,OSJIH
icpprf_acnt38927,Intuit@!123,ADVDB
icpprf_acnt38928,Intuit@!123,ATFWL
icpprf_acnt38929,Intuit@!123,EHJJQ
icpprf_acnt38930,Intuit@!123,VORXL
icpprf_acnt38931,Intuit@!123,IKPFZ
icpprf_acnt38932,Intuit@!123,FKQWF
icpprf_acnt38933,Intuit@!123,TYAFL
icpprf_acnt38934,Intuit@!123,JVZMX
icpprf_acnt38935,Intuit@!123,CDJTE
icpprf_acnt38936,Intuit@!123,XFPPI
icpprf_acnt38937,Intuit@!123,WLUPI
icpprf_acnt38938,Intuit@!123,CJTIX
icpprf_acnt38939,Intuit@!123,RDGJU
icpprf_acnt38940,Intuit@!123,NQNWM
icpprf_acnt38941,Intuit@!123,QZUPN
icpprf_acnt38942,Intuit@!123,DVVGR
icpprf_acnt38943,Intuit@!123,UTFAP
icpprf_acnt38944,Intuit@!123,BWVHL
icpprf_acnt38945,Intuit@!123,NLKKO
icpprf_acnt38946,Intuit@!123,QIOMA
icpprf_acnt38947,Intuit@!123,SOLTD
icpprf_acnt38948,Intuit@!123,ELKSD
icpprf_acnt38949,Intuit@!123,ORQYO
icpprf_acnt38950,Intuit@!123,HSXUZ
icpprf_acnt38951,Intuit@!123,RLTRF
icpprf_acnt38952,Intuit@!123,LNATV
icpprf_acnt38953,Intuit@!123,PQQMW
icpprf_acnt38954,Intuit@!123,PMAUH
icpprf_acnt38955,Intuit@!123,JJZLW
icpprf_acnt38956,Intuit@!123,OAURE
icpprf_acnt38957,Intuit@!123,CGQGY
icpprf_acnt38958,Intuit@!123,JCNYS
icpprf_acnt38959,Intuit@!123,WROEV
icpprf_acnt38960,Intuit@!123,NEWEV
icpprf_acnt38961,Intuit@!123,TVORF
icpprf_acnt38962,Intuit@!123,QYTPS
icpprf_acnt38963,Intuit@!123,CEEQR
icpprf_acnt38964,Intuit@!123,IYNZM
icpprf_acnt38965,Intuit@!123,AECKA
icpprf_acnt38966,Intuit@!123,TRUEV
icpprf_acnt38967,Intuit@!123,ALUDL
icpprf_acnt38968,Intuit@!123,UWWEQ
icpprf_acnt38969,Intuit@!123,IFTCB
icpprf_acnt38970,Intuit@!123,NPZCU
icpprf_acnt38971,Intuit@!123,GVUQV
icpprf_acnt38972,Intuit@!123,SWQCW
icpprf_acnt38973,Intuit@!123,ECUAQ
icpprf_acnt38974,Intuit@!123,FAJIE
icpprf_acnt38975,Intuit@!123,RUJPE
icpprf_acnt38976,Intuit@!123,GEEWT
icpprf_acnt38977,Intuit@!123,WIDGZ
icpprf_acnt38978,Intuit@!123,JPMYX
icpprf_acnt38979,Intuit@!123,KQAQP
icpprf_acnt38980,Intuit@!123,QYGXX
icpprf_acnt38981,Intuit@!123,DBHPO
icpprf_acnt38982,Intuit@!123,JGKNL
icpprf_acnt38983,Intuit@!123,PUVHF
icpprf_acnt38984,Intuit@!123,FECCD
icpprf_acnt38985,Intuit@!123,MYVDZ
icpprf_acnt38986,Intuit@!123,EAQMW
icpprf_acnt38987,Intuit@!123,TCSGA
icpprf_acnt38988,Intuit@!123,QDFMP
icpprf_acnt38989,Intuit@!123,HGGMK
icpprf_acnt38990,Intuit@!123,NXRRN
icpprf_acnt38991,Intuit@!123,MWBLI
icpprf_acnt38992,Intuit@!123,CSTEO
icpprf_acnt38993,Intuit@!123,SXEPT
icpprf_acnt38994,Intuit@!123,XXOEX
icpprf_acnt38995,Intuit@!123,DKTQO
icpprf_acnt38996,Intuit@!123,FBRXW
icpprf_acnt38997,Intuit@!123,CMKNP
icpprf_acnt38998,Intuit@!123,YDVYO
icpprf_acnt38999,Intuit@!123,BREDS
icpprf_acnt39000,Intuit@!123,KWVTM
icpprf_acnt39001,Intuit@!123,YOGPJ
icpprf_acnt39002,Intuit@!123,LDMIE
icpprf_acnt39003,Intuit@!123,SOGPK
icpprf_acnt39004,Intuit@!123,OVDPO
icpprf_acnt39005,Intuit@!123,GZERS
icpprf_acnt39006,Intuit@!123,RPLGQ
icpprf_acnt39007,Intuit@!123,AZKNG
icpprf_acnt39008,Intuit@!123,KSSEP
icpprf_acnt39009,Intuit@!123,LNRQD
icpprf_acnt39010,Intuit@!123,DRQGW
icpprf_acnt39011,Intuit@!123,VWUWL
icpprf_acnt39012,Intuit@!123,LBGPQ
icpprf_acnt39013,Intuit@!123,JXOJA
icpprf_acnt39014,Intuit@!123,CVVKI
icpprf_acnt39015,Intuit@!123,ZXSCU
icpprf_acnt39016,Intuit@!123,TLUFF
icpprf_acnt39017,Intuit@!123,VMXWX
icpprf_acnt39018,Intuit@!123,RSPSB
icpprf_acnt39019,Intuit@!123,ESXHP
icpprf_acnt39020,Intuit@!123,QASJJ
icpprf_acnt39021,Intuit@!123,FQKMY
icpprf_acnt39022,Intuit@!123,NITJM
icpprf_acnt39023,Intuit@!123,DPYZA
icpprf_acnt39024,Intuit@!123,PIZRY
icpprf_acnt39025,Intuit@!123,NXCZW
icpprf_acnt39026,Intuit@!123,HHUME
icpprf_acnt39027,Intuit@!123,ZGSWB
icpprf_acnt39028,Intuit@!123,FAZTR
icpprf_acnt39029,Intuit@!123,LPVGE
icpprf_acnt39030,Intuit@!123,XRUFT
icpprf_acnt39031,Intuit@!123,JBFLZ
icpprf_acnt39032,Intuit@!123,VZUBI
icpprf_acnt39033,Intuit@!123,SKDSC
icpprf_acnt39034,Intuit@!123,ERGEI
icpprf_acnt39035,Intuit@!123,GYOQQ
icpprf_acnt39036,Intuit@!123,JXDQQ
icpprf_acnt39037,Intuit@!123,RXIIY
icpprf_acnt39038,Intuit@!123,ZJMDU
icpprf_acnt39039,Intuit@!123,GTCDG
icpprf_acnt39040,Intuit@!123,GLCDN
icpprf_acnt39041,Intuit@!123,FYLYL
icpprf_acnt39042,Intuit@!123,FDLQP
icpprf_acnt39043,Intuit@!123,BNASF
icpprf_acnt39044,Intuit@!123,BNFWQ
icpprf_acnt39045,Intuit@!123,UQLCA
icpprf_acnt39046,Intuit@!123,ZXLXW
icpprf_acnt39047,Intuit@!123,JRDIC
icpprf_acnt39048,Intuit@!123,YURMA
icpprf_acnt39049,Intuit@!123,WEXHY
icpprf_acnt39050,Intuit@!123,MODUS
icpprf_acnt39051,Intuit@!123,JOWAD
icpprf_acnt39052,Intuit@!123,DTDWP
icpprf_acnt39053,Intuit@!123,SOICF
icpprf_acnt39054,Intuit@!123,TSAVV
icpprf_acnt39055,Intuit@!123,HNUHT
icpprf_acnt39056,Intuit@!123,BROMG
icpprf_acnt39057,Intuit@!123,MJEFE
icpprf_acnt39058,Intuit@!123,CDITK
icpprf_acnt39059,Intuit@!123,KDPNM
icpprf_acnt39060,Intuit@!123,OKSJW
icpprf_acnt39061,Intuit@!123,IRDFD
icpprf_acnt39062,Intuit@!123,YSXHZ
icpprf_acnt39063,Intuit@!123,MFFOD
icpprf_acnt39064,Intuit@!123,WBVPS
icpprf_acnt39065,Intuit@!123,OJEGX
icpprf_acnt39066,Intuit@!123,WRYBX
icpprf_acnt39067,Intuit@!123,UZNEN
icpprf_acnt39068,Intuit@!123,RSLZK
icpprf_acnt39069,Intuit@!123,FUFBI
icpprf_acnt39070,Intuit@!123,XKKKW
icpprf_acnt39071,Intuit@!123,ODKGJ
icpprf_acnt39072,Intuit@!123,KGDGL
icpprf_acnt39073,Intuit@!123,QGYDC
icpprf_acnt39074,Intuit@!123,XZPYF
icpprf_acnt39075,Intuit@!123,RCLGX
icpprf_acnt39076,Intuit@!123,BMSSQ
icpprf_acnt39077,Intuit@!123,SYYKT
icpprf_acnt39078,Intuit@!123,PLTBI
icpprf_acnt39079,Intuit@!123,OXVTB
icpprf_acnt39080,Intuit@!123,HOAUG
icpprf_acnt39081,Intuit@!123,CAQOB
icpprf_acnt39082,Intuit@!123,WDGKW
icpprf_acnt39083,Intuit@!123,MRLAX
icpprf_acnt39084,Intuit@!123,IGAMM
icpprf_acnt39085,Intuit@!123,BLXLH
icpprf_acnt39086,Intuit@!123,KOLKI
icpprf_acnt39087,Intuit@!123,RUYCK
icpprf_acnt39088,Intuit@!123,ZITMG
icpprf_acnt39089,Intuit@!123,UQTXU
icpprf_acnt39090,Intuit@!123,FBTQX
icpprf_acnt39091,Intuit@!123,NMJXA
icpprf_acnt39092,Intuit@!123,MXDWD
icpprf_acnt39093,Intuit@!123,FLUPA
icpprf_acnt39094,Intuit@!123,OXYOW
icpprf_acnt39095,Intuit@!123,LMRIF
icpprf_acnt39096,Intuit@!123,CBSCK
icpprf_acnt39097,Intuit@!123,RJHYP
icpprf_acnt39098,Intuit@!123,IJQOP
icpprf_acnt39099,Intuit@!123,DDYBD
icpprf_acnt39100,Intuit@!123,ANDZD
icpprf_acnt39101,Intuit@!123,HPLKU
icpprf_acnt39102,Intuit@!123,QMJUM
icpprf_acnt39103,Intuit@!123,KKVKJ
icpprf_acnt39104,Intuit@!123,IZEYU
icpprf_acnt39105,Intuit@!123,JRJUZ
icpprf_acnt39106,Intuit@!123,CEGAO
icpprf_acnt39107,Intuit@!123,GIJPE
icpprf_acnt39108,Intuit@!123,YULJE
icpprf_acnt39109,Intuit@!123,BPYKS
icpprf_acnt39110,Intuit@!123,EZLYF
icpprf_acnt39111,Intuit@!123,OLNLQ
icpprf_acnt39112,Intuit@!123,WPWTI
icpprf_acnt39113,Intuit@!123,OIXKW
icpprf_acnt39114,Intuit@!123,QHVRP
icpprf_acnt39115,Intuit@!123,JKBVS
icpprf_acnt39116,Intuit@!123,WPZLS
icpprf_acnt39117,Intuit@!123,PNCAF
icpprf_acnt39118,Intuit@!123,OSLDK
icpprf_acnt39119,Intuit@!123,KKSLO
icpprf_acnt39120,Intuit@!123,VZWBP
icpprf_acnt39121,Intuit@!123,ZJKCH
icpprf_acnt39122,Intuit@!123,QUZZG
icpprf_acnt39123,Intuit@!123,SCWKX
icpprf_acnt39124,Intuit@!123,DXSVN
icpprf_acnt39125,Intuit@!123,OZRTB
icpprf_acnt39126,Intuit@!123,VTRGD
icpprf_acnt39127,Intuit@!123,PVJTM
icpprf_acnt39128,Intuit@!123,MQNTM
icpprf_acnt39129,Intuit@!123,JSYKS
icpprf_acnt39130,Intuit@!123,ULXJT
icpprf_acnt39131,Intuit@!123,FDGTO
icpprf_acnt39132,Intuit@!123,URPJY
icpprf_acnt39133,Intuit@!123,ZOQMH
icpprf_acnt39134,Intuit@!123,SQBFU
icpprf_acnt39135,Intuit@!123,VUFBF
icpprf_acnt39136,Intuit@!123,GOQJM
icpprf_acnt39137,Intuit@!123,TFJAI
icpprf_acnt39138,Intuit@!123,WRNFZ
icpprf_acnt39139,Intuit@!123,HFSBO
icpprf_acnt39140,Intuit@!123,GSYLM
icpprf_acnt39141,Intuit@!123,ROCUG
icpprf_acnt39142,Intuit@!123,ZNSVS
icpprf_acnt39143,Intuit@!123,SNSOA
icpprf_acnt39144,Intuit@!123,ELYXA
icpprf_acnt39145,Intuit@!123,POPPU
icpprf_acnt39146,Intuit@!123,QLXZP
icpprf_acnt39147,Intuit@!123,CZLNE
icpprf_acnt39148,Intuit@!123,MJLUD
icpprf_acnt39149,Intuit@!123,WZSUN
icpprf_acnt39150,Intuit@!123,YLNHZ
icpprf_acnt39151,Intuit@!123,FPNTJ
icpprf_acnt39152,Intuit@!123,FAKIJ
icpprf_acnt39153,Intuit@!123,UNESV
icpprf_acnt39154,Intuit@!123,DEUBG
icpprf_acnt39155,Intuit@!123,QIXUM
icpprf_acnt39156,Intuit@!123,ZUFMA
icpprf_acnt39157,Intuit@!123,QIKNN
icpprf_acnt39158,Intuit@!123,FVMXS
icpprf_acnt39159,Intuit@!123,UTDMD
icpprf_acnt39160,Intuit@!123,EXUEW
icpprf_acnt39161,Intuit@!123,YQUFX
icpprf_acnt39162,Intuit@!123,OIVXZ
icpprf_acnt39163,Intuit@!123,EUWAY
icpprf_acnt39164,Intuit@!123,PSENU
icpprf_acnt39165,Intuit@!123,VTDBV
icpprf_acnt39166,Intuit@!123,XEVKQ
icpprf_acnt39167,Intuit@!123,WEGOE
icpprf_acnt39168,Intuit@!123,MKYLB
icpprf_acnt39169,Intuit@!123,TZXJX
icpprf_acnt39170,Intuit@!123,VQVGX
icpprf_acnt39171,Intuit@!123,GJIFY
icpprf_acnt39172,Intuit@!123,LRZFL
icpprf_acnt39173,Intuit@!123,UDIRQ
icpprf_acnt39174,Intuit@!123,MWIHV
icpprf_acnt39175,Intuit@!123,IYEJE
icpprf_acnt39176,Intuit@!123,UPSGR
icpprf_acnt39177,Intuit@!123,NCAPW
icpprf_acnt39178,Intuit@!123,MUCYW
icpprf_acnt39179,Intuit@!123,LBKIT
icpprf_acnt39180,Intuit@!123,DYDBW
icpprf_acnt39181,Intuit@!123,XRMYI
icpprf_acnt39182,Intuit@!123,SVHRA
icpprf_acnt39183,Intuit@!123,FPCKL
icpprf_acnt39184,Intuit@!123,SCHJH
icpprf_acnt39185,Intuit@!123,WWPUD
icpprf_acnt39186,Intuit@!123,OHRSP
icpprf_acnt39187,Intuit@!123,INTMH
icpprf_acnt39188,Intuit@!123,BAUZI
icpprf_acnt39189,Intuit@!123,HIPDG
icpprf_acnt39190,Intuit@!123,EZEJW
icpprf_acnt39191,Intuit@!123,CFLLD
icpprf_acnt39192,Intuit@!123,GSPYZ
icpprf_acnt39193,Intuit@!123,KYAQH
icpprf_acnt39194,Intuit@!123,ZLFOM
icpprf_acnt39195,Intuit@!123,TRTFI
icpprf_acnt39196,Intuit@!123,MDSQB
icpprf_acnt39197,Intuit@!123,AGOEN
icpprf_acnt39198,Intuit@!123,IEICG
icpprf_acnt39199,Intuit@!123,WWXWV
icpprf_acnt39200,Intuit@!123,TTKVD
icpprf_acnt39201,Intuit@!123,XVBYK
icpprf_acnt39202,Intuit@!123,YLRBN
icpprf_acnt39203,Intuit@!123,EBVPW
icpprf_acnt39204,Intuit@!123,FGPSD
icpprf_acnt39205,Intuit@!123,DDAGA
icpprf_acnt39206,Intuit@!123,QUGMH
icpprf_acnt39207,Intuit@!123,ZXSCH
icpprf_acnt39208,Intuit@!123,GIEAV
icpprf_acnt39209,Intuit@!123,XCVGU
icpprf_acnt39210,Intuit@!123,AVFYF
icpprf_acnt39211,Intuit@!123,WKNGW
icpprf_acnt39212,Intuit@!123,JVXTE
icpprf_acnt39213,Intuit@!123,YQYIG
icpprf_acnt39214,Intuit@!123,UGKQQ
icpprf_acnt39215,Intuit@!123,HWUYV
icpprf_acnt39216,Intuit@!123,OINNS
icpprf_acnt39217,Intuit@!123,MQEBC
icpprf_acnt39218,Intuit@!123,TANAM
icpprf_acnt39219,Intuit@!123,ZHPJF
icpprf_acnt39220,Intuit@!123,TRYOO
icpprf_acnt39221,Intuit@!123,MLFFG
icpprf_acnt39222,Intuit@!123,WRBZL
icpprf_acnt39223,Intuit@!123,NLIUV
icpprf_acnt39224,Intuit@!123,ZOSRQ
icpprf_acnt39225,Intuit@!123,MGIZA
icpprf_acnt39226,Intuit@!123,HYLVM
icpprf_acnt39227,Intuit@!123,NLOKB
icpprf_acnt39228,Intuit@!123,ISYZK
icpprf_acnt39229,Intuit@!123,JIUWD
icpprf_acnt39230,Intuit@!123,TZGOJ
icpprf_acnt39231,Intuit@!123,XXTKT
icpprf_acnt39232,Intuit@!123,DJFME
icpprf_acnt39233,Intuit@!123,DUGNQ
icpprf_acnt39234,Intuit@!123,NTKOF
icpprf_acnt39235,Intuit@!123,NHGCJ
icpprf_acnt39236,Intuit@!123,FKOCC
icpprf_acnt39237,Intuit@!123,RKKNH
icpprf_acnt39238,Intuit@!123,CGXKU
icpprf_acnt39239,Intuit@!123,JDCHO
icpprf_acnt39240,Intuit@!123,VCGIC
icpprf_acnt39241,Intuit@!123,FTQNH
icpprf_acnt39242,Intuit@!123,THPJO
icpprf_acnt39243,Intuit@!123,WOEXI
icpprf_acnt39244,Intuit@!123,BGVSP
icpprf_acnt39245,Intuit@!123,VSFCR
icpprf_acnt39246,Intuit@!123,JNREP
icpprf_acnt39247,Intuit@!123,RKSWH
icpprf_acnt39248,Intuit@!123,QBFIT
icpprf_acnt39249,Intuit@!123,UVPRG
icpprf_acnt39250,Intuit@!123,ITYPM
icpprf_acnt39251,Intuit@!123,LXJUE
icpprf_acnt39252,Intuit@!123,EIXXV
icpprf_acnt39253,Intuit@!123,NQJUU
icpprf_acnt39254,Intuit@!123,UURDP
icpprf_acnt39255,Intuit@!123,FQQUB
icpprf_acnt39256,Intuit@!123,YNRYF
icpprf_acnt39257,Intuit@!123,NOHUJ
icpprf_acnt39258,Intuit@!123,SXXND
icpprf_acnt39259,Intuit@!123,RRJJT
icpprf_acnt39260,Intuit@!123,HFFQZ
icpprf_acnt39261,Intuit@!123,MVGXW
icpprf_acnt39262,Intuit@!123,JVPMP
icpprf_acnt39263,Intuit@!123,GZJOW
icpprf_acnt39264,Intuit@!123,CPKLJ
icpprf_acnt39265,Intuit@!123,RDDNQ
icpprf_acnt39266,Intuit@!123,RKJVV
icpprf_acnt39267,Intuit@!123,LCQFY
icpprf_acnt39268,Intuit@!123,DGYQB
icpprf_acnt39269,Intuit@!123,PBPCU
icpprf_acnt39270,Intuit@!123,SHEMU
icpprf_acnt39271,Intuit@!123,CYCYC
icpprf_acnt39272,Intuit@!123,TDIJG
icpprf_acnt39273,Intuit@!123,EBAFX
icpprf_acnt39274,Intuit@!123,UMUYG
icpprf_acnt39275,Intuit@!123,LPSEQ
icpprf_acnt39276,Intuit@!123,HLYUV
icpprf_acnt39277,Intuit@!123,WPSPQ
icpprf_acnt39278,Intuit@!123,MGYWN
icpprf_acnt39279,Intuit@!123,ISDUB
icpprf_acnt39280,Intuit@!123,RUFAM
icpprf_acnt39281,Intuit@!123,VSLVO
icpprf_acnt39282,Intuit@!123,ETUKZ
icpprf_acnt39283,Intuit@!123,CZLNF
icpprf_acnt39284,Intuit@!123,FURSO
icpprf_acnt39285,Intuit@!123,HHMPR
icpprf_acnt39286,Intuit@!123,DDAHT
icpprf_acnt39287,Intuit@!123,EWSHH
icpprf_acnt39288,Intuit@!123,WJVJN
icpprf_acnt39289,Intuit@!123,EGACN
icpprf_acnt39290,Intuit@!123,RGKQY
icpprf_acnt39291,Intuit@!123,TRDMA
icpprf_acnt39292,Intuit@!123,PSQLT
icpprf_acnt39293,Intuit@!123,GJKDI
icpprf_acnt39294,Intuit@!123,NBOCU
icpprf_acnt39295,Intuit@!123,FVPSB
icpprf_acnt39296,Intuit@!123,CXXQD
icpprf_acnt39297,Intuit@!123,YPOXG
icpprf_acnt39298,Intuit@!123,SWXYN
icpprf_acnt39299,Intuit@!123,CYUQO
icpprf_acnt39300,Intuit@!123,ECKUN
icpprf_acnt39301,Intuit@!123,BVYHK
icpprf_acnt39302,Intuit@!123,SNWHN
icpprf_acnt39303,Intuit@!123,CWLSZ
icpprf_acnt39304,Intuit@!123,ENDDL
icpprf_acnt39305,Intuit@!123,WSIUP
icpprf_acnt39306,Intuit@!123,FXZLH
icpprf_acnt39307,Intuit@!123,MMVBQ
icpprf_acnt39308,Intuit@!123,CJPED
icpprf_acnt39309,Intuit@!123,HSCON
icpprf_acnt39310,Intuit@!123,YRAUF
icpprf_acnt39311,Intuit@!123,XMECQ
icpprf_acnt39312,Intuit@!123,JDKJN
icpprf_acnt39313,Intuit@!123,UGUKE
icpprf_acnt39314,Intuit@!123,AVGFJ
icpprf_acnt39315,Intuit@!123,AEJPP
icpprf_acnt39316,Intuit@!123,HIXFE
icpprf_acnt39317,Intuit@!123,MWOTM
icpprf_acnt39318,Intuit@!123,TCMPC
icpprf_acnt39319,Intuit@!123,RHDTJ
icpprf_acnt39320,Intuit@!123,IBGDN
icpprf_acnt39321,Intuit@!123,ICSNI
icpprf_acnt39322,Intuit@!123,IUFFR
icpprf_acnt39323,Intuit@!123,CBHHP
icpprf_acnt39324,Intuit@!123,SWLFY
icpprf_acnt39325,Intuit@!123,AEIFH
icpprf_acnt39326,Intuit@!123,MNWBR
icpprf_acnt39327,Intuit@!123,JYEJH
icpprf_acnt39328,Intuit@!123,CIGBV
icpprf_acnt39329,Intuit@!123,WHXVQ
icpprf_acnt39330,Intuit@!123,ZZJEL
icpprf_acnt39331,Intuit@!123,MPZWC
icpprf_acnt39332,Intuit@!123,RTTDE
icpprf_acnt39333,Intuit@!123,JBMAX
icpprf_acnt39334,Intuit@!123,RJEON
icpprf_acnt39335,Intuit@!123,WDNQT
icpprf_acnt39336,Intuit@!123,AWYIA
icpprf_acnt39337,Intuit@!123,CQXOH
icpprf_acnt39338,Intuit@!123,QJRBD
icpprf_acnt39339,Intuit@!123,CUAFA
icpprf_acnt39340,Intuit@!123,EUJUG
icpprf_acnt39341,Intuit@!123,DWMJL
icpprf_acnt39342,Intuit@!123,FTILM
icpprf_acnt39343,Intuit@!123,QPCJC
icpprf_acnt39344,Intuit@!123,WSJWT
icpprf_acnt39345,Intuit@!123,TCGTJ
icpprf_acnt39346,Intuit@!123,GQIYY
icpprf_acnt39347,Intuit@!123,CTKBL
icpprf_acnt39348,Intuit@!123,HWIBR
icpprf_acnt39349,Intuit@!123,RBQFN
icpprf_acnt39350,Intuit@!123,FSRVS
icpprf_acnt39351,Intuit@!123,MCFSF
icpprf_acnt39352,Intuit@!123,JEUNB
icpprf_acnt39353,Intuit@!123,PZGPT
icpprf_acnt39354,Intuit@!123,QQMEU
icpprf_acnt39355,Intuit@!123,PFRCO
icpprf_acnt39356,Intuit@!123,XGTBZ
icpprf_acnt39357,Intuit@!123,DDZMA
icpprf_acnt39358,Intuit@!123,AKPQJ
icpprf_acnt39359,Intuit@!123,VUGUG
icpprf_acnt39360,Intuit@!123,ANCBI
icpprf_acnt39361,Intuit@!123,QCCIR
icpprf_acnt39362,Intuit@!123,AEDAT
icpprf_acnt39363,Intuit@!123,HWJPP
icpprf_acnt39364,Intuit@!123,MSBVW
icpprf_acnt39365,Intuit@!123,XDMNT
icpprf_acnt39366,Intuit@!123,PKNBH
icpprf_acnt39367,Intuit@!123,TRDHY
icpprf_acnt39368,Intuit@!123,MFBVJ
icpprf_acnt39369,Intuit@!123,HNGJZ
icpprf_acnt39370,Intuit@!123,GSCLW
icpprf_acnt39371,Intuit@!123,COQJL
icpprf_acnt39372,Intuit@!123,TWYKG
icpprf_acnt39373,Intuit@!123,EWSXD
icpprf_acnt39374,Intuit@!123,PGKSP
icpprf_acnt39375,Intuit@!123,PTWIN
icpprf_acnt39376,Intuit@!123,QHAWB
icpprf_acnt39377,Intuit@!123,IGLLP
icpprf_acnt39378,Intuit@!123,UAVQX
icpprf_acnt39379,Intuit@!123,DQLQW
icpprf_acnt39380,Intuit@!123,RFXYT
icpprf_acnt39381,Intuit@!123,ICUMQ
icpprf_acnt39382,Intuit@!123,FHBZR
icpprf_acnt39383,Intuit@!123,YDNXI
icpprf_acnt39384,Intuit@!123,BLIUW
icpprf_acnt39385,Intuit@!123,KTTEL
icpprf_acnt39386,Intuit@!123,ABKJB
icpprf_acnt39387,Intuit@!123,LDKYE
icpprf_acnt39388,Intuit@!123,TRSBA
icpprf_acnt39389,Intuit@!123,TYEAQ
icpprf_acnt39390,Intuit@!123,EHINL
icpprf_acnt39391,Intuit@!123,NHIHZ
icpprf_acnt39392,Intuit@!123,PPGUN
icpprf_acnt39393,Intuit@!123,HOBXQ
icpprf_acnt39394,Intuit@!123,CORJT
icpprf_acnt39395,Intuit@!123,AATHL
icpprf_acnt39396,Intuit@!123,VAPKU
icpprf_acnt39397,Intuit@!123,HGTHL
icpprf_acnt39398,Intuit@!123,SCLCT
icpprf_acnt39399,Intuit@!123,LBTDM
icpprf_acnt39400,Intuit@!123,VVKQF
icpprf_acnt39401,Intuit@!123,IAPJC
icpprf_acnt39402,Intuit@!123,IBRUC
icpprf_acnt39403,Intuit@!123,ZTFMS
icpprf_acnt39404,Intuit@!123,ZDWGJ
icpprf_acnt39405,Intuit@!123,JHIEY
icpprf_acnt39406,Intuit@!123,WVAZY
icpprf_acnt39407,Intuit@!123,PXVIG
icpprf_acnt39408,Intuit@!123,OVDAS
icpprf_acnt39409,Intuit@!123,ZXVXW
icpprf_acnt39410,Intuit@!123,IXIFL
icpprf_acnt39411,Intuit@!123,RQVZH
icpprf_acnt39412,Intuit@!123,RSWBB
icpprf_acnt39413,Intuit@!123,JQJQQ
icpprf_acnt39414,Intuit@!123,VGUYJ
icpprf_acnt39415,Intuit@!123,SMKMU
icpprf_acnt39416,Intuit@!123,KZPPX
icpprf_acnt39417,Intuit@!123,RQVOT
icpprf_acnt39418,Intuit@!123,KEGEI
icpprf_acnt39419,Intuit@!123,LXXCV
icpprf_acnt39420,Intuit@!123,EIMVB
icpprf_acnt39421,Intuit@!123,HEBKY
icpprf_acnt39422,Intuit@!123,PVSCL
icpprf_acnt39423,Intuit@!123,VVSVA
icpprf_acnt39424,Intuit@!123,ONPAT
icpprf_acnt39425,Intuit@!123,UZYHG
icpprf_acnt39426,Intuit@!123,TZAVA
icpprf_acnt39427,Intuit@!123,VUFWV
icpprf_acnt39428,Intuit@!123,NNWCW
icpprf_acnt39429,Intuit@!123,XTELG
icpprf_acnt39430,Intuit@!123,IUOFO
icpprf_acnt39431,Intuit@!123,DEKMM
icpprf_acnt39432,Intuit@!123,IYNAP
icpprf_acnt39433,Intuit@!123,GGQWI
icpprf_acnt39434,Intuit@!123,LNMIE
icpprf_acnt39435,Intuit@!123,GFJET
icpprf_acnt39436,Intuit@!123,VRZZB
icpprf_acnt39437,Intuit@!123,JZXFW
icpprf_acnt39438,Intuit@!123,IYVDG
icpprf_acnt39439,Intuit@!123,SGHRM
icpprf_acnt39440,Intuit@!123,CUFXN
icpprf_acnt39441,Intuit@!123,YSQBM
icpprf_acnt39442,Intuit@!123,OWXTQ
icpprf_acnt39443,Intuit@!123,FBCHG
icpprf_acnt39444,Intuit@!123,HEKTI
icpprf_acnt39445,Intuit@!123,IWZDZ
icpprf_acnt39446,Intuit@!123,AHHTC
icpprf_acnt39447,Intuit@!123,VQSMC
icpprf_acnt39448,Intuit@!123,USBGU
icpprf_acnt39449,Intuit@!123,ZNTGT
icpprf_acnt39450,Intuit@!123,HWHPM
icpprf_acnt39451,Intuit@!123,QBLYX
icpprf_acnt39452,Intuit@!123,ESTMR
icpprf_acnt39453,Intuit@!123,WLZRH
icpprf_acnt39454,Intuit@!123,SIQYH
icpprf_acnt39455,Intuit@!123,TCOHP
icpprf_acnt39456,Intuit@!123,XMJLN
icpprf_acnt39457,Intuit@!123,YHMIP
icpprf_acnt39458,Intuit@!123,AWATE
icpprf_acnt39459,Intuit@!123,UJWOU
icpprf_acnt39460,Intuit@!123,MHACT
icpprf_acnt39461,Intuit@!123,RGBBS
icpprf_acnt39462,Intuit@!123,WNUNZ
icpprf_acnt39463,Intuit@!123,JNBIS
icpprf_acnt39464,Intuit@!123,GWTAC
icpprf_acnt39465,Intuit@!123,WIGNO
icpprf_acnt39466,Intuit@!123,MRSSM
icpprf_acnt39467,Intuit@!123,RUFJF
icpprf_acnt39468,Intuit@!123,WVAOT
icpprf_acnt39469,Intuit@!123,TAAHH
icpprf_acnt39470,Intuit@!123,YJEGA
icpprf_acnt39471,Intuit@!123,PMDGN
icpprf_acnt39472,Intuit@!123,CNMUL
icpprf_acnt39473,Intuit@!123,CMUOH
icpprf_acnt39474,Intuit@!123,HQNFP
icpprf_acnt39475,Intuit@!123,ALDBE
icpprf_acnt39476,Intuit@!123,LCWFD
icpprf_acnt39477,Intuit@!123,EMQNR
icpprf_acnt39478,Intuit@!123,JXMMA
icpprf_acnt39479,Intuit@!123,FIXTC
icpprf_acnt39480,Intuit@!123,LRRUE
icpprf_acnt39481,Intuit@!123,NSZWO
icpprf_acnt39482,Intuit@!123,NWSRQ
icpprf_acnt39483,Intuit@!123,LOCDH
icpprf_acnt39484,Intuit@!123,OOIYQ
icpprf_acnt39485,Intuit@!123,YHLSF
icpprf_acnt39486,Intuit@!123,HIPWS
icpprf_acnt39487,Intuit@!123,MFRNT
icpprf_acnt39488,Intuit@!123,DACKD
icpprf_acnt39489,Intuit@!123,JIXPA
icpprf_acnt39490,Intuit@!123,OYBQS
icpprf_acnt39491,Intuit@!123,MMOHS
icpprf_acnt39492,Intuit@!123,PSYKB
icpprf_acnt39493,Intuit@!123,YIZWT
icpprf_acnt39494,Intuit@!123,MQJUB
icpprf_acnt39495,Intuit@!123,KGDXA
icpprf_acnt39496,Intuit@!123,GRHRE
icpprf_acnt39497,Intuit@!123,IBYOF
icpprf_acnt39498,Intuit@!123,BFDOX
icpprf_acnt39499,Intuit@!123,NJBRW
icpprf_acnt39500,Intuit@!123,RCTIO
icpprf_acnt39501,Intuit@!123,QDONL
icpprf_acnt39502,Intuit@!123,VGZXY
icpprf_acnt39503,Intuit@!123,BZARG
icpprf_acnt39504,Intuit@!123,ZBHLL
icpprf_acnt39505,Intuit@!123,KSAZV
icpprf_acnt39506,Intuit@!123,PXLIV
icpprf_acnt39507,Intuit@!123,FOADH
icpprf_acnt39508,Intuit@!123,DYTQD
icpprf_acnt39509,Intuit@!123,VUXEP
icpprf_acnt39510,Intuit@!123,UVFCE
icpprf_acnt39511,Intuit@!123,VRFRW
icpprf_acnt39512,Intuit@!123,BAZVN
icpprf_acnt39513,Intuit@!123,MHANR
icpprf_acnt39514,Intuit@!123,JPKPE
icpprf_acnt39515,Intuit@!123,JYOMC
icpprf_acnt39516,Intuit@!123,VDRZC
icpprf_acnt39517,Intuit@!123,VYESY
icpprf_acnt39518,Intuit@!123,BRMIK
icpprf_acnt39519,Intuit@!123,UXIKP
icpprf_acnt39520,Intuit@!123,ZTQBP
icpprf_acnt39521,Intuit@!123,GHBSH
icpprf_acnt39522,Intuit@!123,SOIYI
icpprf_acnt39523,Intuit@!123,XGFDA
icpprf_acnt39524,Intuit@!123,LJXKE
icpprf_acnt39525,Intuit@!123,FIAAU
icpprf_acnt39526,Intuit@!123,LRQEJ
icpprf_acnt39527,Intuit@!123,ZYDFZ
icpprf_acnt39528,Intuit@!123,JPYNL
icpprf_acnt39529,Intuit@!123,BQMLH
icpprf_acnt39530,Intuit@!123,KJUAO
icpprf_acnt39531,Intuit@!123,WDGJI
icpprf_acnt39532,Intuit@!123,YQSLL
icpprf_acnt39533,Intuit@!123,LRUGV
icpprf_acnt39534,Intuit@!123,AXTTF
icpprf_acnt39535,Intuit@!123,DHYSK
icpprf_acnt39536,Intuit@!123,GCMWK
icpprf_acnt39537,Intuit@!123,BXIEI
icpprf_acnt39538,Intuit@!123,DBBFQ
icpprf_acnt39539,Intuit@!123,UTUSE
icpprf_acnt39540,Intuit@!123,TBKPF
icpprf_acnt39541,Intuit@!123,CVQFQ
icpprf_acnt39542,Intuit@!123,UVLBO
icpprf_acnt39543,Intuit@!123,HENNS
icpprf_acnt39544,Intuit@!123,UUEED
icpprf_acnt39545,Intuit@!123,RVSUF
icpprf_acnt39546,Intuit@!123,RFNXO
icpprf_acnt39547,Intuit@!123,TBVXE
icpprf_acnt39548,Intuit@!123,JXLVG
icpprf_acnt39549,Intuit@!123,NGVAB
icpprf_acnt39550,Intuit@!123,STMCW
icpprf_acnt39551,Intuit@!123,KFKDC
icpprf_acnt39552,Intuit@!123,VXMMW
icpprf_acnt39553,Intuit@!123,FHWOZ
icpprf_acnt39554,Intuit@!123,OFOVS
icpprf_acnt39555,Intuit@!123,VUHVI
icpprf_acnt39556,Intuit@!123,AIDHS
icpprf_acnt39557,Intuit@!123,IVZCN
icpprf_acnt39558,Intuit@!123,PVHSG
icpprf_acnt39559,Intuit@!123,EGTND
icpprf_acnt39560,Intuit@!123,CPKEY
icpprf_acnt39561,Intuit@!123,USPTI
icpprf_acnt39562,Intuit@!123,IXXNF
icpprf_acnt39563,Intuit@!123,OXKQW
icpprf_acnt39564,Intuit@!123,WMJPA
icpprf_acnt39565,Intuit@!123,WPLJA
icpprf_acnt39566,Intuit@!123,GOIDR
icpprf_acnt39567,Intuit@!123,QZMQW
icpprf_acnt39568,Intuit@!123,QPYOM
icpprf_acnt39569,Intuit@!123,XDSID
icpprf_acnt39570,Intuit@!123,CZWHV
icpprf_acnt39571,Intuit@!123,GOUIP
icpprf_acnt39572,Intuit@!123,BQDKC
icpprf_acnt39573,Intuit@!123,UUGVA
icpprf_acnt39574,Intuit@!123,UVEMR
icpprf_acnt39575,Intuit@!123,AHADA
icpprf_acnt39576,Intuit@!123,SFNZG
icpprf_acnt39577,Intuit@!123,HBOZL
icpprf_acnt39578,Intuit@!123,QADXT
icpprf_acnt39579,Intuit@!123,CGNNP
icpprf_acnt39580,Intuit@!123,XXPVE
icpprf_acnt39581,Intuit@!123,FVYMC
icpprf_acnt39582,Intuit@!123,AJAWF
icpprf_acnt39583,Intuit@!123,KMLGQ
icpprf_acnt39584,Intuit@!123,RFNZI
icpprf_acnt39585,Intuit@!123,EZXZB
icpprf_acnt39586,Intuit@!123,AYUFI
icpprf_acnt39587,Intuit@!123,TDORZ
icpprf_acnt39588,Intuit@!123,BWVFJ
icpprf_acnt39589,Intuit@!123,SLOMG
icpprf_acnt39590,Intuit@!123,RDEVC
icpprf_acnt39591,Intuit@!123,RXHIH
icpprf_acnt39592,Intuit@!123,OQSTE
icpprf_acnt39593,Intuit@!123,ZXHZS
icpprf_acnt39594,Intuit@!123,SUKVT
icpprf_acnt39595,Intuit@!123,HWQTF
icpprf_acnt39596,Intuit@!123,RBSWW
icpprf_acnt39597,Intuit@!123,QJKSP
icpprf_acnt39598,Intuit@!123,DRDJF
icpprf_acnt39599,Intuit@!123,LFNYX
icpprf_acnt39600,Intuit@!123,RETSO
icpprf_acnt39601,Intuit@!123,SXQGR
icpprf_acnt39602,Intuit@!123,CCAZE
icpprf_acnt39603,Intuit@!123,ZSZAX
icpprf_acnt39604,Intuit@!123,HFHJJ
icpprf_acnt39605,Intuit@!123,WQWYB
icpprf_acnt39606,Intuit@!123,TKGJV
icpprf_acnt39607,Intuit@!123,PFJRE
icpprf_acnt39608,Intuit@!123,MVQAX
icpprf_acnt39609,Intuit@!123,SLHHI
icpprf_acnt39610,Intuit@!123,UYPRB
icpprf_acnt39611,Intuit@!123,HTFBC
icpprf_acnt39612,Intuit@!123,IDWXN
icpprf_acnt39613,Intuit@!123,WPBYY
icpprf_acnt39614,Intuit@!123,LWRJT
icpprf_acnt39615,Intuit@!123,DBMLQ
icpprf_acnt39616,Intuit@!123,FVUUS
icpprf_acnt39617,Intuit@!123,ZVIBP
icpprf_acnt39618,Intuit@!123,JHISS
icpprf_acnt39619,Intuit@!123,QNGZP
icpprf_acnt39620,Intuit@!123,CZKIP
icpprf_acnt39621,Intuit@!123,CVJQF
icpprf_acnt39622,Intuit@!123,EMWAL
icpprf_acnt39623,Intuit@!123,DAJPB
icpprf_acnt39624,Intuit@!123,TQELW
icpprf_acnt39625,Intuit@!123,VAZCA
icpprf_acnt39626,Intuit@!123,SICLO
icpprf_acnt39627,Intuit@!123,MWJMG
icpprf_acnt39628,Intuit@!123,SJOBP
icpprf_acnt39629,Intuit@!123,OXPHR
icpprf_acnt39630,Intuit@!123,SJJLP
icpprf_acnt39631,Intuit@!123,YGZBY
icpprf_acnt39632,Intuit@!123,KBDBQ
icpprf_acnt39633,Intuit@!123,GFSKU
icpprf_acnt39634,Intuit@!123,RSALR
icpprf_acnt39635,Intuit@!123,SFGQJ
icpprf_acnt39636,Intuit@!123,KWJVY
icpprf_acnt39637,Intuit@!123,AICXE
icpprf_acnt39638,Intuit@!123,MWLHI
icpprf_acnt39639,Intuit@!123,EIVLQ
icpprf_acnt39640,Intuit@!123,PELJI
icpprf_acnt39641,Intuit@!123,KZXOQ
icpprf_acnt39642,Intuit@!123,VWZHC
icpprf_acnt39643,Intuit@!123,LFKBJ
icpprf_acnt39644,Intuit@!123,UBQCX
icpprf_acnt39645,Intuit@!123,VCHEX
icpprf_acnt39646,Intuit@!123,GYORQ
icpprf_acnt39647,Intuit@!123,VWWJS
icpprf_acnt39648,Intuit@!123,EWHFV
icpprf_acnt39649,Intuit@!123,MTMYQ
icpprf_acnt39650,Intuit@!123,WXFCX
icpprf_acnt39651,Intuit@!123,RYLCQ
icpprf_acnt39652,Intuit@!123,XHRZY
icpprf_acnt39653,Intuit@!123,CZPYG
icpprf_acnt39654,Intuit@!123,YIVHZ
icpprf_acnt39655,Intuit@!123,DTTRF
icpprf_acnt39656,Intuit@!123,WBDSK
icpprf_acnt39657,Intuit@!123,BPBLI
icpprf_acnt39658,Intuit@!123,ISATY
icpprf_acnt39659,Intuit@!123,IGENB
icpprf_acnt39660,Intuit@!123,SKIPO
icpprf_acnt39661,Intuit@!123,DRTWW
icpprf_acnt39662,Intuit@!123,VRHKX
icpprf_acnt39663,Intuit@!123,XXEYR
icpprf_acnt39664,Intuit@!123,ASOMD
icpprf_acnt39665,Intuit@!123,XBFXT
icpprf_acnt39666,Intuit@!123,YTGGJ
icpprf_acnt39667,Intuit@!123,GLGEM
icpprf_acnt39668,Intuit@!123,IDOWG
icpprf_acnt39669,Intuit@!123,DMQCX
icpprf_acnt39670,Intuit@!123,JKKKQ
icpprf_acnt39671,Intuit@!123,DDJGS
icpprf_acnt39672,Intuit@!123,KIUUK
icpprf_acnt39673,Intuit@!123,YMJRL
icpprf_acnt39674,Intuit@!123,BJECB
icpprf_acnt39675,Intuit@!123,AVVKD
icpprf_acnt39676,Intuit@!123,XZGHD
icpprf_acnt39677,Intuit@!123,ZWCVS
icpprf_acnt39678,Intuit@!123,LQCTB
icpprf_acnt39679,Intuit@!123,HUFXO
icpprf_acnt39680,Intuit@!123,EXQRE
icpprf_acnt39681,Intuit@!123,OGOXS
icpprf_acnt39682,Intuit@!123,JMZHP
icpprf_acnt39683,Intuit@!123,LEZQW
icpprf_acnt39684,Intuit@!123,PTCLQ
icpprf_acnt39685,Intuit@!123,EEOIV
icpprf_acnt39686,Intuit@!123,JAWZG
icpprf_acnt39687,Intuit@!123,ZAJKU
icpprf_acnt39688,Intuit@!123,MWBTV
icpprf_acnt39689,Intuit@!123,GNILI
icpprf_acnt39690,Intuit@!123,QJJZN
icpprf_acnt39691,Intuit@!123,JCINK
icpprf_acnt39692,Intuit@!123,OTJIT
icpprf_acnt39693,Intuit@!123,DCFLH
icpprf_acnt39694,Intuit@!123,SPRLI
icpprf_acnt39695,Intuit@!123,CMFLI
icpprf_acnt39696,Intuit@!123,XJRFS
icpprf_acnt39697,Intuit@!123,NMBTQ
icpprf_acnt39698,Intuit@!123,DIHLL
icpprf_acnt39699,Intuit@!123,RABME
icpprf_acnt39700,Intuit@!123,CPKMQ
icpprf_acnt39701,Intuit@!123,WJOBT
icpprf_acnt39702,Intuit@!123,WTRSX
icpprf_acnt39703,Intuit@!123,PTKOU
icpprf_acnt39704,Intuit@!123,ORXSR
icpprf_acnt39705,Intuit@!123,VDIEG
icpprf_acnt39706,Intuit@!123,ALSFF
icpprf_acnt39707,Intuit@!123,BFPQM
icpprf_acnt39708,Intuit@!123,KONXZ
icpprf_acnt39709,Intuit@!123,ETKXE
icpprf_acnt39710,Intuit@!123,KCUPS
icpprf_acnt39711,Intuit@!123,FILGP
icpprf_acnt39712,Intuit@!123,MZQPM
icpprf_acnt39713,Intuit@!123,NHVLW
icpprf_acnt39714,Intuit@!123,MGBET
icpprf_acnt39715,Intuit@!123,IZJNW
icpprf_acnt39716,Intuit@!123,AXZKG
icpprf_acnt39717,Intuit@!123,ORTTU
icpprf_acnt39718,Intuit@!123,AUDBH
icpprf_acnt39719,Intuit@!123,FXSEG
icpprf_acnt39720,Intuit@!123,YAGYZ
icpprf_acnt39721,Intuit@!123,IRTAK
icpprf_acnt39722,Intuit@!123,TAPNM
icpprf_acnt39723,Intuit@!123,CACRS
icpprf_acnt39724,Intuit@!123,PRNCC
icpprf_acnt39725,Intuit@!123,VSMDB
icpprf_acnt39726,Intuit@!123,UVEMS
icpprf_acnt39727,Intuit@!123,GPJJP
icpprf_acnt39728,Intuit@!123,LUUAT
icpprf_acnt39729,Intuit@!123,YSXUN
icpprf_acnt39730,Intuit@!123,SBUHT
icpprf_acnt39731,Intuit@!123,DOTYZ
icpprf_acnt39732,Intuit@!123,JZZWH
icpprf_acnt39733,Intuit@!123,BYFMY
icpprf_acnt39734,Intuit@!123,PAJKD
icpprf_acnt39735,Intuit@!123,FERBA
icpprf_acnt39736,Intuit@!123,VREQN
icpprf_acnt39737,Intuit@!123,AFBKS
icpprf_acnt39738,Intuit@!123,DUQGD
icpprf_acnt39739,Intuit@!123,TXLXT
icpprf_acnt39740,Intuit@!123,CMLGQ
icpprf_acnt39741,Intuit@!123,FHJUY
icpprf_acnt39742,Intuit@!123,JLZNH
icpprf_acnt39743,Intuit@!123,RFWAA
icpprf_acnt39744,Intuit@!123,VWBMS
icpprf_acnt39745,Intuit@!123,AYPNR
icpprf_acnt39746,Intuit@!123,MWRAU
icpprf_acnt39747,Intuit@!123,BFNRA
icpprf_acnt39748,Intuit@!123,FUCFV
icpprf_acnt39749,Intuit@!123,VQFBG
icpprf_acnt39750,Intuit@!123,ABPDK
icpprf_acnt39751,Intuit@!123,VTSEQ
icpprf_acnt39752,Intuit@!123,XXLRF
icpprf_acnt39753,Intuit@!123,LTLXD
icpprf_acnt39754,Intuit@!123,RFCBK
icpprf_acnt39755,Intuit@!123,ADBAY
icpprf_acnt39756,Intuit@!123,LDAHX
icpprf_acnt39757,Intuit@!123,SVBKO
icpprf_acnt39758,Intuit@!123,PKBEU
icpprf_acnt39759,Intuit@!123,TGKUV
icpprf_acnt39760,Intuit@!123,XKWEQ
icpprf_acnt39761,Intuit@!123,XUXZS
icpprf_acnt39762,Intuit@!123,VIRBJ
icpprf_acnt39763,Intuit@!123,QZTKK
icpprf_acnt39764,Intuit@!123,NWBQD
icpprf_acnt39765,Intuit@!123,DJGOJ
icpprf_acnt39766,Intuit@!123,BBRLL
icpprf_acnt39767,Intuit@!123,CAYHF
icpprf_acnt39768,Intuit@!123,IEEJO
icpprf_acnt39769,Intuit@!123,MFALE
icpprf_acnt39770,Intuit@!123,YXSBB
icpprf_acnt39771,Intuit@!123,BHQQK
icpprf_acnt39772,Intuit@!123,LFIGJ
icpprf_acnt39773,Intuit@!123,EGHGE
icpprf_acnt39774,Intuit@!123,VFNLE
icpprf_acnt39775,Intuit@!123,NDTDH
icpprf_acnt39776,Intuit@!123,IWPLG
icpprf_acnt39777,Intuit@!123,VDUHY
icpprf_acnt39778,Intuit@!123,VFQXV
icpprf_acnt39779,Intuit@!123,UMVFA
icpprf_acnt39780,Intuit@!123,EUJGZ
icpprf_acnt39781,Intuit@!123,HUGIN
icpprf_acnt39782,Intuit@!123,FZSHW
icpprf_acnt39783,Intuit@!123,IHPVA
icpprf_acnt39784,Intuit@!123,AABWI
icpprf_acnt39785,Intuit@!123,ZOFWT
icpprf_acnt39786,Intuit@!123,QQGOQ
icpprf_acnt39787,Intuit@!123,QTBYU
icpprf_acnt39788,Intuit@!123,OMBOT
icpprf_acnt39789,Intuit@!123,KTTAQ
icpprf_acnt39790,Intuit@!123,MOAEM
icpprf_acnt39791,Intuit@!123,OQFMB
icpprf_acnt39792,Intuit@!123,BLQED
icpprf_acnt39793,Intuit@!123,QLDEA
icpprf_acnt39794,Intuit@!123,COYEU
icpprf_acnt39795,Intuit@!123,HWGRS
icpprf_acnt39796,Intuit@!123,TQZUT
icpprf_acnt39797,Intuit@!123,KVRCO
icpprf_acnt39798,Intuit@!123,EIYUO
icpprf_acnt39799,Intuit@!123,BTBEP
icpprf_acnt39800,Intuit@!123,YATKV
icpprf_acnt39801,Intuit@!123,SNGRJ
icpprf_acnt39802,Intuit@!123,PZMRS
icpprf_acnt39803,Intuit@!123,ZZJFI
icpprf_acnt39804,Intuit@!123,SOCKI
icpprf_acnt39805,Intuit@!123,ZYECR
icpprf_acnt39806,Intuit@!123,QQAOS
icpprf_acnt39807,Intuit@!123,BMJGR
icpprf_acnt39808,Intuit@!123,UMFAZ
icpprf_acnt39809,Intuit@!123,ZQQOZ
icpprf_acnt39810,Intuit@!123,RNNVO
icpprf_acnt39811,Intuit@!123,HXYKB
icpprf_acnt39812,Intuit@!123,ROJFV
icpprf_acnt39813,Intuit@!123,HWTIM
icpprf_acnt39814,Intuit@!123,QSJCF
icpprf_acnt39815,Intuit@!123,JAGAB
icpprf_acnt39816,Intuit@!123,ULQWV
icpprf_acnt39817,Intuit@!123,PNEIF
icpprf_acnt39818,Intuit@!123,ZMABD
icpprf_acnt39819,Intuit@!123,PARLZ
icpprf_acnt39820,Intuit@!123,VWGHG
icpprf_acnt39821,Intuit@!123,PTAPF
icpprf_acnt39822,Intuit@!123,EXQFV
icpprf_acnt39823,Intuit@!123,PZKRZ
icpprf_acnt39824,Intuit@!123,MYUMI
icpprf_acnt39825,Intuit@!123,VGJNJ
icpprf_acnt39826,Intuit@!123,ODJMU
icpprf_acnt39827,Intuit@!123,IBPRO
icpprf_acnt39828,Intuit@!123,IMEZI
icpprf_acnt39829,Intuit@!123,CXOLZ
icpprf_acnt39830,Intuit@!123,QQDFI
icpprf_acnt39831,Intuit@!123,NTZZI
icpprf_acnt39832,Intuit@!123,QNSML
icpprf_acnt39833,Intuit@!123,VAPWK
icpprf_acnt39834,Intuit@!123,BFXHE
icpprf_acnt39835,Intuit@!123,TBPHV
icpprf_acnt39836,Intuit@!123,DFUAM
icpprf_acnt39837,Intuit@!123,NGQHK
icpprf_acnt39838,Intuit@!123,JKBPD
icpprf_acnt39839,Intuit@!123,QYJHS
icpprf_acnt39840,Intuit@!123,YTXPG
icpprf_acnt39841,Intuit@!123,JJVSZ
icpprf_acnt39842,Intuit@!123,ISOJF
icpprf_acnt39843,Intuit@!123,JUZRC
icpprf_acnt39844,Intuit@!123,IIOOK
icpprf_acnt39845,Intuit@!123,GYTUI
icpprf_acnt39846,Intuit@!123,QHIVS
icpprf_acnt39847,Intuit@!123,URLZW
icpprf_acnt39848,Intuit@!123,CUVHG
icpprf_acnt39849,Intuit@!123,CBANH
icpprf_acnt39850,Intuit@!123,SSEOG
icpprf_acnt39851,Intuit@!123,IQZMH
icpprf_acnt39852,Intuit@!123,AUCPD
icpprf_acnt39853,Intuit@!123,ANJRL
icpprf_acnt39854,Intuit@!123,AESFN
icpprf_acnt39855,Intuit@!123,RMVET
icpprf_acnt39856,Intuit@!123,HYNNB
icpprf_acnt39857,Intuit@!123,MDTYG
icpprf_acnt39858,Intuit@!123,NCSSN
icpprf_acnt39859,Intuit@!123,EDCDQ
icpprf_acnt39860,Intuit@!123,NKOOM
icpprf_acnt39861,Intuit@!123,OCFBG
icpprf_acnt39862,Intuit@!123,HTFKQ
icpprf_acnt39863,Intuit@!123,GQZCQ
icpprf_acnt39864,Intuit@!123,OJURF
icpprf_acnt39865,Intuit@!123,WHDEK
icpprf_acnt39866,Intuit@!123,DSPQB
icpprf_acnt39867,Intuit@!123,EZIRB
icpprf_acnt39868,Intuit@!123,SAAKC
icpprf_acnt39869,Intuit@!123,LTHYC
icpprf_acnt39870,Intuit@!123,YYATK
icpprf_acnt39871,Intuit@!123,OLKII
icpprf_acnt39872,Intuit@!123,KVOSS
icpprf_acnt39873,Intuit@!123,GINSL
icpprf_acnt39874,Intuit@!123,FHNXN
icpprf_acnt39875,Intuit@!123,UCNFP
icpprf_acnt39876,Intuit@!123,BVNHT
icpprf_acnt39877,Intuit@!123,NEMZR
icpprf_acnt39878,Intuit@!123,KJDRJ
icpprf_acnt39879,Intuit@!123,SRLPS
icpprf_acnt39880,Intuit@!123,FPODS
icpprf_acnt39881,Intuit@!123,JGYKJ
icpprf_acnt39882,Intuit@!123,MXAPV
icpprf_acnt39883,Intuit@!123,MDMGS
icpprf_acnt39884,Intuit@!123,UTNJU
icpprf_acnt39885,Intuit@!123,PIEEI
icpprf_acnt39886,Intuit@!123,PLQFI
icpprf_acnt39887,Intuit@!123,SQHEX
icpprf_acnt39888,Intuit@!123,HHBXO
icpprf_acnt39889,Intuit@!123,MPXPP
icpprf_acnt39890,Intuit@!123,PGMLQ
icpprf_acnt39891,Intuit@!123,KXTDV
icpprf_acnt39892,Intuit@!123,CRDZR
icpprf_acnt39893,Intuit@!123,YUEZL
icpprf_acnt39894,Intuit@!123,JCBSB
icpprf_acnt39895,Intuit@!123,NXYUP
icpprf_acnt39896,Intuit@!123,MPHXN
icpprf_acnt39897,Intuit@!123,ACEIN
icpprf_acnt39898,Intuit@!123,ATQFV
icpprf_acnt39899,Intuit@!123,GTSIZ
icpprf_acnt39900,Intuit@!123,GXNLI
icpprf_acnt39901,Intuit@!123,QWQEE
icpprf_acnt39902,Intuit@!123,QYXBG
icpprf_acnt39903,Intuit@!123,MXIDK
icpprf_acnt39904,Intuit@!123,DQHEK
icpprf_acnt39905,Intuit@!123,PEQYW
icpprf_acnt39906,Intuit@!123,CMLFY
icpprf_acnt39907,Intuit@!123,RJYNC
icpprf_acnt39908,Intuit@!123,LQZPT
icpprf_acnt39909,Intuit@!123,DCXFZ
icpprf_acnt39910,Intuit@!123,DVPGT
icpprf_acnt39911,Intuit@!123,NNVYA
icpprf_acnt39912,Intuit@!123,WBVAR
icpprf_acnt39913,Intuit@!123,PSOQJ
icpprf_acnt39914,Intuit@!123,MLMZT
icpprf_acnt39915,Intuit@!123,VTPDN
icpprf_acnt39916,Intuit@!123,RZXKN
icpprf_acnt39917,Intuit@!123,XWELM
icpprf_acnt39918,Intuit@!123,GOVBB
icpprf_acnt39919,Intuit@!123,VBORP
icpprf_acnt39920,Intuit@!123,LEOTD
icpprf_acnt39921,Intuit@!123,FTGWC
icpprf_acnt39922,Intuit@!123,URXJS
icpprf_acnt39923,Intuit@!123,TDGYP
icpprf_acnt39924,Intuit@!123,DYKJM
icpprf_acnt39925,Intuit@!123,OSJIH
icpprf_acnt39926,Intuit@!123,ADVDB
icpprf_acnt39927,Intuit@!123,ATFWL
icpprf_acnt39928,Intuit@!123,EHJJQ
icpprf_acnt39929,Intuit@!123,VORXL
icpprf_acnt39930,Intuit@!123,IKPFZ
icpprf_acnt39931,Intuit@!123,FKQWF
icpprf_acnt39932,Intuit@!123,TYAFL
icpprf_acnt39933,Intuit@!123,JVZMX
icpprf_acnt39934,Intuit@!123,CDJTE
icpprf_acnt39935,Intuit@!123,XFPPI
icpprf_acnt39936,Intuit@!123,WLUPI
icpprf_acnt39937,Intuit@!123,CJTIX
icpprf_acnt39938,Intuit@!123,RDGJU
icpprf_acnt39939,Intuit@!123,NQNWM
icpprf_acnt39940,Intuit@!123,QZUPN
icpprf_acnt39941,Intuit@!123,DVVGR
icpprf_acnt39942,Intuit@!123,UTFAP
icpprf_acnt39943,Intuit@!123,BWVHL
icpprf_acnt39944,Intuit@!123,NLKKO
icpprf_acnt39945,Intuit@!123,QIOMA
icpprf_acnt39946,Intuit@!123,SOLTD
icpprf_acnt39947,Intuit@!123,ELKSD
icpprf_acnt39948,Intuit@!123,ORQYO
icpprf_acnt39949,Intuit@!123,HSXUZ
icpprf_acnt39950,Intuit@!123,RLTRF
icpprf_acnt39951,Intuit@!123,LNATV
icpprf_acnt39952,Intuit@!123,PQQMW
icpprf_acnt39953,Intuit@!123,PMAUH
icpprf_acnt39954,Intuit@!123,JJZLW
icpprf_acnt39955,Intuit@!123,OAURE
icpprf_acnt39956,Intuit@!123,CGQGY
icpprf_acnt39957,Intuit@!123,JCNYS
icpprf_acnt39958,Intuit@!123,WROEV
icpprf_acnt39959,Intuit@!123,NEWEV
icpprf_acnt39960,Intuit@!123,TVORF
icpprf_acnt39961,Intuit@!123,QYTPS
icpprf_acnt39962,Intuit@!123,CEEQR
icpprf_acnt39963,Intuit@!123,IYNZM
icpprf_acnt39964,Intuit@!123,AECKA
icpprf_acnt39965,Intuit@!123,TRUEV
icpprf_acnt39966,Intuit@!123,ALUDL
icpprf_acnt39967,Intuit@!123,UWWEQ
icpprf_acnt39968,Intuit@!123,IFTCB
icpprf_acnt39969,Intuit@!123,NPZCU
icpprf_acnt39970,Intuit@!123,GVUQV
icpprf_acnt39971,Intuit@!123,SWQCW
icpprf_acnt39972,Intuit@!123,ECUAQ
icpprf_acnt39973,Intuit@!123,FAJIE
icpprf_acnt39974,Intuit@!123,RUJPE
icpprf_acnt39975,Intuit@!123,GEEWT
icpprf_acnt39976,Intuit@!123,WIDGZ
icpprf_acnt39977,Intuit@!123,JPMYX
icpprf_acnt39978,Intuit@!123,KQAQP
icpprf_acnt39979,Intuit@!123,QYGXX
icpprf_acnt39980,Intuit@!123,DBHPO
icpprf_acnt39981,Intuit@!123,JGKNL
icpprf_acnt39982,Intuit@!123,PUVHF
icpprf_acnt39983,Intuit@!123,FECCD
icpprf_acnt39984,Intuit@!123,MYVDZ
icpprf_acnt39985,Intuit@!123,EAQMW
icpprf_acnt39986,Intuit@!123,TCSGA
icpprf_acnt39987,Intuit@!123,QDFMP
icpprf_acnt39988,Intuit@!123,HGGMK
icpprf_acnt39989,Intuit@!123,QYGXX
icpprf_acnt39990,Intuit@!123,DBHPO
icpprf_acnt39991,Intuit@!123,JGKNL
icpprf_acnt39992,Intuit@!123,PUVHF
icpprf_acnt39993,Intuit@!123,FECCD
icpprf_acnt39994,Intuit@!123,MYVDZ
icpprf_acnt39995,Intuit@!123,EAQMW
icpprf_acnt39996,Intuit@!123,TCSGA
icpprf_acnt39997,Intuit@!123,QDFMP