icpprf_acnt40000,Intuit@!123,CSTEO
icpprf_acnt40001,Intuit@!123,SXEPT
icpprf_acnt40002,Intuit@!123,XXOEX
icpprf_acnt40003,Intuit@!123,DKTQO
icpprf_acnt40004,Intuit@!123,FBRXW
icpprf_acnt40005,Intuit@!123,CMKNP
icpprf_acnt40006,Intuit@!123,YDVYO
icpprf_acnt40007,Intuit@!123,BREDS
icpprf_acnt40008,Intuit@!123,KWVTM
icpprf_acnt40009,Intuit@!123,YOGPJ
icpprf_acnt40010,Intuit@!123,LDMIE
icpprf_acnt40011,Intuit@!123,SOGPK
icpprf_acnt40012,Intuit@!123,OVDPO
icpprf_acnt40013,Intuit@!123,GZERS
icpprf_acnt40014,Intuit@!123,RPLGQ
icpprf_acnt40015,Intuit@!123,AZKNG
icpprf_acnt40016,Intuit@!123,KSSEP
icpprf_acnt40017,Intuit@!123,LNRQD
icpprf_acnt40018,Intuit@!123,DRQGW
icpprf_acnt40019,Intuit@!123,VWUWL
icpprf_acnt40020,Intuit@!123,LBGPQ
icpprf_acnt40021,Intuit@!123,JXOJA
icpprf_acnt40022,Intuit@!123,CVVKI
icpprf_acnt40023,Intuit@!123,ZXSCU
icpprf_acnt40024,Intuit@!123,TLUFF
icpprf_acnt40025,Intuit@!123,VMXWX
icpprf_acnt40026,Intuit@!123,RSPSB
icpprf_acnt40027,Intuit@!123,ESXHP
icpprf_acnt40028,Intuit@!123,QASJJ
icpprf_acnt40029,Intuit@!123,FQKMY
icpprf_acnt40030,Intuit@!123,NITJM
icpprf_acnt40031,Intuit@!123,DPYZA
icpprf_acnt40032,Intuit@!123,PIZRY
icpprf_acnt40033,Intuit@!123,NXCZW
icpprf_acnt40034,Intuit@!123,HHUME
icpprf_acnt40035,Intuit@!123,ZGSWB
icpprf_acnt40036,Intuit@!123,FAZTR
icpprf_acnt40037,Intuit@!123,LPVGE
icpprf_acnt40038,Intuit@!123,XRUFT
icpprf_acnt40039,Intuit@!123,JBFLZ
icpprf_acnt40040,Intuit@!123,VZUBI
icpprf_acnt40041,Intuit@!123,SKDSC
icpprf_acnt40042,Intuit@!123,ERGEI
icpprf_acnt40043,Intuit@!123,GYOQQ
icpprf_acnt40044,Intuit@!123,JXDQQ
icpprf_acnt40045,Intuit@!123,RXIIY
icpprf_acnt40046,Intuit@!123,ZJMDU
icpprf_acnt40047,Intuit@!123,GTCDG
icpprf_acnt40048,Intuit@!123,GLCDN
icpprf_acnt40049,Intuit@!123,FYLYL
icpprf_acnt40050,Intuit@!123,FDLQP
icpprf_acnt40051,Intuit@!123,BNASF
icpprf_acnt40052,Intuit@!123,BNFWQ
icpprf_acnt40053,Intuit@!123,UQLCA
icpprf_acnt40054,Intuit@!123,ZXLXW
icpprf_acnt40055,Intuit@!123,JRDIC
icpprf_acnt40056,Intuit@!123,YURMA
icpprf_acnt40057,Intuit@!123,WEXHY
icpprf_acnt40058,Intuit@!123,MODUS
icpprf_acnt40059,Intuit@!123,JOWAD
icpprf_acnt40060,Intuit@!123,DTDWP
icpprf_acnt40061,Intuit@!123,SOICF
icpprf_acnt40062,Intuit@!123,TSAVV
icpprf_acnt40063,Intuit@!123,HNUHT
icpprf_acnt40064,Intuit@!123,BROMG
icpprf_acnt40065,Intuit@!123,MJEFE
icpprf_acnt40066,Intuit@!123,CDITK
icpprf_acnt40067,Intuit@!123,KDPNM
icpprf_acnt40068,Intuit@!123,OKSJW
icpprf_acnt40069,Intuit@!123,IRDFD
icpprf_acnt40070,Intuit@!123,YSXHZ
icpprf_acnt40071,Intuit@!123,MFFOD
icpprf_acnt40072,Intuit@!123,WBVPS
icpprf_acnt40073,Intuit@!123,OJEGX
icpprf_acnt40074,Intuit@!123,WRYBX
icpprf_acnt40075,Intuit@!123,UZNEN
icpprf_acnt40076,Intuit@!123,RSLZK
icpprf_acnt40077,Intuit@!123,FUFBI
icpprf_acnt40078,Intuit@!123,XKKKW
icpprf_acnt40079,Intuit@!123,ODKGJ
icpprf_acnt40080,Intuit@!123,KGDGL
icpprf_acnt40081,Intuit@!123,QGYDC
icpprf_acnt40082,Intuit@!123,XZPYF
icpprf_acnt40083,Intuit@!123,RCLGX
icpprf_acnt40084,Intuit@!123,BMSSQ
icpprf_acnt40085,Intuit@!123,SYYKT
icpprf_acnt40086,Intuit@!123,PLTBI
icpprf_acnt40087,Intuit@!123,OXVTB
icpprf_acnt40088,Intuit@!123,HOAUG
icpprf_acnt40089,Intuit@!123,CAQOB
icpprf_acnt40090,Intuit@!123,WDGKW
icpprf_acnt40091,Intuit@!123,MRLAX
icpprf_acnt40092,Intuit@!123,IGAMM
icpprf_acnt40093,Intuit@!123,BLXLH
icpprf_acnt40094,Intuit@!123,KOLKI
icpprf_acnt40095,Intuit@!123,RUYCK
icpprf_acnt40096,Intuit@!123,ZITMG
icpprf_acnt40097,Intuit@!123,UQTXU
icpprf_acnt40098,Intuit@!123,FBTQX
icpprf_acnt40099,Intuit@!123,NMJXA
icpprf_acnt40100,Intuit@!123,MXDWD
icpprf_acnt40101,Intuit@!123,FLUPA
icpprf_acnt40102,Intuit@!123,OXYOW
icpprf_acnt40103,Intuit@!123,LMRIF
icpprf_acnt40104,Intuit@!123,CBSCK
icpprf_acnt40105,Intuit@!123,RJHYP
icpprf_acnt40106,Intuit@!123,IJQOP
icpprf_acnt40107,Intuit@!123,DDYBD
icpprf_acnt40108,Intuit@!123,ANDZD
icpprf_acnt40109,Intuit@!123,HPLKU
icpprf_acnt40110,Intuit@!123,QMJUM
icpprf_acnt40111,Intuit@!123,KKVKJ
icpprf_acnt40112,Intuit@!123,IZEYU
icpprf_acnt40113,Intuit@!123,JRJUZ
icpprf_acnt40114,Intuit@!123,CEGAO
icpprf_acnt40115,Intuit@!123,GIJPE
icpprf_acnt40116,Intuit@!123,YULJE
icpprf_acnt40117,Intuit@!123,BPYKS
icpprf_acnt40118,Intuit@!123,EZLYF
icpprf_acnt40119,Intuit@!123,OLNLQ
icpprf_acnt40120,Intuit@!123,WPWTI
icpprf_acnt40121,Intuit@!123,OIXKW
icpprf_acnt40122,Intuit@!123,QHVRP
icpprf_acnt40123,Intuit@!123,JKBVS
icpprf_acnt40124,Intuit@!123,WPZLS
icpprf_acnt40125,Intuit@!123,PNCAF
icpprf_acnt40126,Intuit@!123,OSLDK
icpprf_acnt40127,Intuit@!123,KKSLO
icpprf_acnt40128,Intuit@!123,VZWBP
icpprf_acnt40129,Intuit@!123,ZJKCH
icpprf_acnt40130,Intuit@!123,QUZZG
icpprf_acnt40131,Intuit@!123,SCWKX
icpprf_acnt40132,Intuit@!123,DXSVN
icpprf_acnt40133,Intuit@!123,OZRTB
icpprf_acnt40134,Intuit@!123,VTRGD
icpprf_acnt40135,Intuit@!123,PVJTM
icpprf_acnt40136,Intuit@!123,MQNTM
icpprf_acnt40137,Intuit@!123,JSYKS
icpprf_acnt40138,Intuit@!123,ULXJT
icpprf_acnt40139,Intuit@!123,FDGTO
icpprf_acnt40140,Intuit@!123,URPJY
icpprf_acnt40141,Intuit@!123,ZOQMH
icpprf_acnt40142,Intuit@!123,SQBFU
icpprf_acnt40143,Intuit@!123,VUFBF
icpprf_acnt40144,Intuit@!123,GOQJM
icpprf_acnt40145,Intuit@!123,TFJAI
icpprf_acnt40146,Intuit@!123,WRNFZ
icpprf_acnt40147,Intuit@!123,HFSBO
icpprf_acnt40148,Intuit@!123,GSYLM
icpprf_acnt40149,Intuit@!123,ROCUG
icpprf_acnt40150,Intuit@!123,ZNSVS
icpprf_acnt40151,Intuit@!123,SNSOA
icpprf_acnt40152,Intuit@!123,ELYXA
icpprf_acnt40153,Intuit@!123,POPPU
icpprf_acnt40154,Intuit@!123,QLXZP
icpprf_acnt40155,Intuit@!123,CZLNE
icpprf_acnt40156,Intuit@!123,MJLUD
icpprf_acnt40157,Intuit@!123,WZSUN
icpprf_acnt40158,Intuit@!123,YLNHZ
icpprf_acnt40159,Intuit@!123,FPNTJ
icpprf_acnt40160,Intuit@!123,FAKIJ
icpprf_acnt40161,Intuit@!123,UNESV
icpprf_acnt40162,Intuit@!123,DEUBG
icpprf_acnt40163,Intuit@!123,QIXUM
icpprf_acnt40164,Intuit@!123,ZUFMA
icpprf_acnt40165,Intuit@!123,QIKNN
icpprf_acnt40166,Intuit@!123,FVMXS
icpprf_acnt40167,Intuit@!123,UTDMD
icpprf_acnt40168,Intuit@!123,EXUEW
icpprf_acnt40169,Intuit@!123,YQUFX
icpprf_acnt40170,Intuit@!123,OIVXZ
icpprf_acnt40171,Intuit@!123,EUWAY
icpprf_acnt40172,Intuit@!123,PSENU
icpprf_acnt40173,Intuit@!123,VTDBV
icpprf_acnt40174,Intuit@!123,XEVKQ
icpprf_acnt40175,Intuit@!123,WEGOE
icpprf_acnt40176,Intuit@!123,MKYLB
icpprf_acnt40177,Intuit@!123,TZXJX
icpprf_acnt40178,Intuit@!123,VQVGX
icpprf_acnt40179,Intuit@!123,GJIFY
icpprf_acnt40180,Intuit@!123,LRZFL
icpprf_acnt40181,Intuit@!123,UDIRQ
icpprf_acnt40182,Intuit@!123,MWIHV
icpprf_acnt40183,Intuit@!123,IYEJE
icpprf_acnt40184,Intuit@!123,UPSGR
icpprf_acnt40185,Intuit@!123,NCAPW
icpprf_acnt40186,Intuit@!123,MUCYW
icpprf_acnt40187,Intuit@!123,LBKIT
icpprf_acnt40188,Intuit@!123,DYDBW
icpprf_acnt40189,Intuit@!123,XRMYI
icpprf_acnt40190,Intuit@!123,SVHRA
icpprf_acnt40191,Intuit@!123,FPCKL
icpprf_acnt40192,Intuit@!123,SCHJH
icpprf_acnt40193,Intuit@!123,WWPUD
icpprf_acnt40194,Intuit@!123,OHRSP
icpprf_acnt40195,Intuit@!123,INTMH
icpprf_acnt40196,Intuit@!123,BAUZI
icpprf_acnt40197,Intuit@!123,HIPDG
icpprf_acnt40198,Intuit@!123,EZEJW
icpprf_acnt40199,Intuit@!123,CFLLD
icpprf_acnt40200,Intuit@!123,GSPYZ
icpprf_acnt40201,Intuit@!123,KYAQH
icpprf_acnt40202,Intuit@!123,ZLFOM
icpprf_acnt40203,Intuit@!123,TRTFI
icpprf_acnt40204,Intuit@!123,MDSQB
icpprf_acnt40205,Intuit@!123,AGOEN
icpprf_acnt40206,Intuit@!123,IEICG
icpprf_acnt40207,Intuit@!123,WWXWV
icpprf_acnt40208,Intuit@!123,TTKVD
icpprf_acnt40209,Intuit@!123,XVBYK
icpprf_acnt40210,Intuit@!123,YLRBN
icpprf_acnt40211,Intuit@!123,EBVPW
icpprf_acnt40212,Intuit@!123,FGPSD
icpprf_acnt40213,Intuit@!123,DDAGA
icpprf_acnt40214,Intuit@!123,QUGMH
icpprf_acnt40215,Intuit@!123,ZXSCH
icpprf_acnt40216,Intuit@!123,GIEAV
icpprf_acnt40217,Intuit@!123,XCVGU
icpprf_acnt40218,Intuit@!123,AVFYF
icpprf_acnt40219,Intuit@!123,WKNGW
icpprf_acnt40220,Intuit@!123,JVXTE
icpprf_acnt40221,Intuit@!123,YQYIG
icpprf_acnt40222,Intuit@!123,UGKQQ
icpprf_acnt40223,Intuit@!123,HWUYV
icpprf_acnt40224,Intuit@!123,OINNS
icpprf_acnt40225,Intuit@!123,MQEBC
icpprf_acnt40226,Intuit@!123,TANAM
icpprf_acnt40227,Intuit@!123,ZHPJF
icpprf_acnt40228,Intuit@!123,TRYOO
icpprf_acnt40229,Intuit@!123,MLFFG
icpprf_acnt40230,Intuit@!123,WRBZL
icpprf_acnt40231,Intuit@!123,NLIUV
icpprf_acnt40232,Intuit@!123,ZOSRQ
icpprf_acnt40233,Intuit@!123,MGIZA
icpprf_acnt40234,Intuit@!123,HYLVM
icpprf_acnt40235,Intuit@!123,NLOKB
icpprf_acnt40236,Intuit@!123,ISYZK
icpprf_acnt40237,Intuit@!123,JIUWD
icpprf_acnt40238,Intuit@!123,TZGOJ
icpprf_acnt40239,Intuit@!123,XXTKT
icpprf_acnt40240,Intuit@!123,DJFME
icpprf_acnt40241,Intuit@!123,DUGNQ
icpprf_acnt40242,Intuit@!123,NTKOF
icpprf_acnt40243,Intuit@!123,NHGCJ
icpprf_acnt40244,Intuit@!123,FKOCC
icpprf_acnt40245,Intuit@!123,RKKNH
icpprf_acnt40246,Intuit@!123,CGXKU
icpprf_acnt40247,Intuit@!123,JDCHO
icpprf_acnt40248,Intuit@!123,VCGIC
icpprf_acnt40249,Intuit@!123,FTQNH
icpprf_acnt40250,Intuit@!123,THPJO
icpprf_acnt40251,Intuit@!123,WOEXI
icpprf_acnt40252,Intuit@!123,BGVSP
icpprf_acnt40253,Intuit@!123,VSFCR
icpprf_acnt40254,Intuit@!123,JNREP
icpprf_acnt40255,Intuit@!123,RKSWH
icpprf_acnt40256,Intuit@!123,QBFIT
icpprf_acnt40257,Intuit@!123,UVPRG
icpprf_acnt40258,Intuit@!123,ITYPM
icpprf_acnt40259,Intuit@!123,LXJUE
icpprf_acnt40260,Intuit@!123,EIXXV
icpprf_acnt40261,Intuit@!123,NQJUU
icpprf_acnt40262,Intuit@!123,UURDP
icpprf_acnt40263,Intuit@!123,FQQUB
icpprf_acnt40264,Intuit@!123,YNRYF
icpprf_acnt40265,Intuit@!123,NOHUJ
icpprf_acnt40266,Intuit@!123,SXXND
icpprf_acnt40267,Intuit@!123,RRJJT
icpprf_acnt40268,Intuit@!123,HFFQZ
icpprf_acnt40269,Intuit@!123,MVGXW
icpprf_acnt40270,Intuit@!123,JVPMP
icpprf_acnt40271,Intuit@!123,GZJOW
icpprf_acnt40272,Intuit@!123,CPKLJ
icpprf_acnt40273,Intuit@!123,RDDNQ
icpprf_acnt40274,Intuit@!123,RKJVV
icpprf_acnt40275,Intuit@!123,LCQFY
icpprf_acnt40276,Intuit@!123,DGYQB
icpprf_acnt40277,Intuit@!123,PBPCU
icpprf_acnt40278,Intuit@!123,SHEMU
icpprf_acnt40279,Intuit@!123,CYCYC
icpprf_acnt40280,Intuit@!123,TDIJG
icpprf_acnt40281,Intuit@!123,EBAFX
icpprf_acnt40282,Intuit@!123,UMUYG
icpprf_acnt40283,Intuit@!123,LPSEQ
icpprf_acnt40284,Intuit@!123,HLYUV
icpprf_acnt40285,Intuit@!123,WPSPQ
icpprf_acnt40286,Intuit@!123,MGYWN
icpprf_acnt40287,Intuit@!123,ISDUB
icpprf_acnt40288,Intuit@!123,RUFAM
icpprf_acnt40289,Intuit@!123,VSLVO
icpprf_acnt40290,Intuit@!123,ETUKZ
icpprf_acnt40291,Intuit@!123,CZLNF
icpprf_acnt40292,Intuit@!123,FURSO
icpprf_acnt40293,Intuit@!123,HHMPR
icpprf_acnt40294,Intuit@!123,DDAHT
icpprf_acnt40295,Intuit@!123,EWSHH
icpprf_acnt40296,Intuit@!123,WJVJN
icpprf_acnt40297,Intuit@!123,EGACN
icpprf_acnt40298,Intuit@!123,RGKQY
icpprf_acnt40299,Intuit@!123,TRDMA
icpprf_acnt40300,Intuit@!123,PSQLT
icpprf_acnt40301,Intuit@!123,GJKDI
icpprf_acnt40302,Intuit@!123,NBOCU
icpprf_acnt40303,Intuit@!123,FVPSB
icpprf_acnt40304,Intuit@!123,CXXQD
icpprf_acnt40305,Intuit@!123,YPOXG
icpprf_acnt40306,Intuit@!123,SWXYN
icpprf_acnt40307,Intuit@!123,CYUQO
icpprf_acnt40308,Intuit@!123,ECKUN
icpprf_acnt40309,Intuit@!123,BVYHK
icpprf_acnt40310,Intuit@!123,SNWHN
icpprf_acnt40311,Intuit@!123,CWLSZ
icpprf_acnt40312,Intuit@!123,ENDDL
icpprf_acnt40313,Intuit@!123,WSIUP
icpprf_acnt40314,Intuit@!123,FXZLH
icpprf_acnt40315,Intuit@!123,MMVBQ
icpprf_acnt40316,Intuit@!123,CJPED
icpprf_acnt40317,Intuit@!123,HSCON
icpprf_acnt40318,Intuit@!123,YRAUF
icpprf_acnt40319,Intuit@!123,XMECQ
icpprf_acnt40320,Intuit@!123,JDKJN
icpprf_acnt40321,Intuit@!123,UGUKE
icpprf_acnt40322,Intuit@!123,AVGFJ
icpprf_acnt40323,Intuit@!123,AEJPP
icpprf_acnt40324,Intuit@!123,HIXFE
icpprf_acnt40325,Intuit@!123,MWOTM
icpprf_acnt40326,Intuit@!123,TCMPC
icpprf_acnt40327,Intuit@!123,RHDTJ
icpprf_acnt40328,Intuit@!123,IBGDN
icpprf_acnt40329,Intuit@!123,ICSNI
icpprf_acnt40330,Intuit@!123,IUFFR
icpprf_acnt40331,Intuit@!123,CBHHP
icpprf_acnt40332,Intuit@!123,SWLFY
icpprf_acnt40333,Intuit@!123,AEIFH
icpprf_acnt40334,Intuit@!123,MNWBR
icpprf_acnt40335,Intuit@!123,JYEJH
icpprf_acnt40336,Intuit@!123,CIGBV
icpprf_acnt40337,Intuit@!123,WHXVQ
icpprf_acnt40338,Intuit@!123,ZZJEL
icpprf_acnt40339,Intuit@!123,MPZWC
icpprf_acnt40340,Intuit@!123,RTTDE
icpprf_acnt40341,Intuit@!123,JBMAX
icpprf_acnt40342,Intuit@!123,RJEON
icpprf_acnt40343,Intuit@!123,WDNQT
icpprf_acnt40344,Intuit@!123,AWYIA
icpprf_acnt40345,Intuit@!123,CQXOH
icpprf_acnt40346,Intuit@!123,QJRBD
icpprf_acnt40347,Intuit@!123,CUAFA
icpprf_acnt40348,Intuit@!123,EUJUG
icpprf_acnt40349,Intuit@!123,DWMJL
icpprf_acnt40350,Intuit@!123,FTILM
icpprf_acnt40351,Intuit@!123,QPCJC
icpprf_acnt40352,Intuit@!123,WSJWT
icpprf_acnt40353,Intuit@!123,TCGTJ
icpprf_acnt40354,Intuit@!123,GQIYY
icpprf_acnt40355,Intuit@!123,CTKBL
icpprf_acnt40356,Intuit@!123,HWIBR
icpprf_acnt40357,Intuit@!123,RBQFN
icpprf_acnt40358,Intuit@!123,FSRVS
icpprf_acnt40359,Intuit@!123,MCFSF
icpprf_acnt40360,Intuit@!123,JEUNB
icpprf_acnt40361,Intuit@!123,PZGPT
icpprf_acnt40362,Intuit@!123,QQMEU
icpprf_acnt40363,Intuit@!123,PFRCO
icpprf_acnt40364,Intuit@!123,XGTBZ
icpprf_acnt40365,Intuit@!123,DDZMA
icpprf_acnt40366,Intuit@!123,AKPQJ
icpprf_acnt40367,Intuit@!123,VUGUG
icpprf_acnt40368,Intuit@!123,ANCBI
icpprf_acnt40369,Intuit@!123,QCCIR
icpprf_acnt40370,Intuit@!123,AEDAT
icpprf_acnt40371,Intuit@!123,HWJPP
icpprf_acnt40372,Intuit@!123,MSBVW
icpprf_acnt40373,Intuit@!123,XDMNT
icpprf_acnt40374,Intuit@!123,PKNBH
icpprf_acnt40375,Intuit@!123,TRDHY
icpprf_acnt40376,Intuit@!123,MFBVJ
icpprf_acnt40377,Intuit@!123,HNGJZ
icpprf_acnt40378,Intuit@!123,GSCLW
icpprf_acnt40379,Intuit@!123,COQJL
icpprf_acnt40380,Intuit@!123,TWYKG
icpprf_acnt40381,Intuit@!123,EWSXD
icpprf_acnt40382,Intuit@!123,PGKSP
icpprf_acnt40383,Intuit@!123,PTWIN
icpprf_acnt40384,Intuit@!123,QHAWB
icpprf_acnt40385,Intuit@!123,IGLLP
icpprf_acnt40386,Intuit@!123,UAVQX
icpprf_acnt40387,Intuit@!123,DQLQW
icpprf_acnt40388,Intuit@!123,RFXYT
icpprf_acnt40389,Intuit@!123,ICUMQ
icpprf_acnt40390,Intuit@!123,FHBZR
icpprf_acnt40391,Intuit@!123,YDNXI
icpprf_acnt40392,Intuit@!123,BLIUW
icpprf_acnt40393,Intuit@!123,KTTEL
icpprf_acnt40394,Intuit@!123,ABKJB
icpprf_acnt40395,Intuit@!123,LDKYE
icpprf_acnt40396,Intuit@!123,TRSBA
icpprf_acnt40397,Intuit@!123,TYEAQ
icpprf_acnt40398,Intuit@!123,EHINL
icpprf_acnt40399,Intuit@!123,NHIHZ
icpprf_acnt40400,Intuit@!123,PPGUN
icpprf_acnt40401,Intuit@!123,HOBXQ
icpprf_acnt40402,Intuit@!123,CORJT
icpprf_acnt40403,Intuit@!123,AATHL
icpprf_acnt40404,Intuit@!123,VAPKU
icpprf_acnt40405,Intuit@!123,HGTHL
icpprf_acnt40406,Intuit@!123,SCLCT
icpprf_acnt40407,Intuit@!123,LBTDM
icpprf_acnt40408,Intuit@!123,VVKQF
icpprf_acnt40409,Intuit@!123,IAPJC
icpprf_acnt40410,Intuit@!123,IBRUC
icpprf_acnt40411,Intuit@!123,ZTFMS
icpprf_acnt40412,Intuit@!123,ZDWGJ
icpprf_acnt40413,Intuit@!123,JHIEY
icpprf_acnt40414,Intuit@!123,WVAZY
icpprf_acnt40415,Intuit@!123,PXVIG
icpprf_acnt40416,Intuit@!123,OVDAS
icpprf_acnt40417,Intuit@!123,ZXVXW
icpprf_acnt40418,Intuit@!123,IXIFL
icpprf_acnt40419,Intuit@!123,RQVZH
icpprf_acnt40420,Intuit@!123,RSWBB
icpprf_acnt40421,Intuit@!123,JQJQQ
icpprf_acnt40422,Intuit@!123,VGUYJ
icpprf_acnt40423,Intuit@!123,SMKMU
icpprf_acnt40424,Intuit@!123,KZPPX
icpprf_acnt40425,Intuit@!123,RQVOT
icpprf_acnt40426,Intuit@!123,KEGEI
icpprf_acnt40427,Intuit@!123,LXXCV
icpprf_acnt40428,Intuit@!123,EIMVB
icpprf_acnt40429,Intuit@!123,HEBKY
icpprf_acnt40430,Intuit@!123,PVSCL
icpprf_acnt40431,Intuit@!123,VVSVA
icpprf_acnt40432,Intuit@!123,ONPAT
icpprf_acnt40433,Intuit@!123,UZYHG
icpprf_acnt40434,Intuit@!123,TZAVA
icpprf_acnt40435,Intuit@!123,VUFWV
icpprf_acnt40436,Intuit@!123,NNWCW
icpprf_acnt40437,Intuit@!123,XTELG
icpprf_acnt40438,Intuit@!123,IUOFO
icpprf_acnt40439,Intuit@!123,DEKMM
icpprf_acnt40440,Intuit@!123,IYNAP
icpprf_acnt40441,Intuit@!123,GGQWI
icpprf_acnt40442,Intuit@!123,LNMIE
icpprf_acnt40443,Intuit@!123,GFJET
icpprf_acnt40444,Intuit@!123,VRZZB
icpprf_acnt40445,Intuit@!123,JZXFW
icpprf_acnt40446,Intuit@!123,IYVDG
icpprf_acnt40447,Intuit@!123,SGHRM
icpprf_acnt40448,Intuit@!123,CUFXN
icpprf_acnt40449,Intuit@!123,YSQBM
icpprf_acnt40450,Intuit@!123,OWXTQ
icpprf_acnt40451,Intuit@!123,FBCHG
icpprf_acnt40452,Intuit@!123,HEKTI
icpprf_acnt40453,Intuit@!123,IWZDZ
icpprf_acnt40454,Intuit@!123,AHHTC
icpprf_acnt40455,Intuit@!123,VQSMC
icpprf_acnt40456,Intuit@!123,USBGU
icpprf_acnt40457,Intuit@!123,ZNTGT
icpprf_acnt40458,Intuit@!123,HWHPM
icpprf_acnt40459,Intuit@!123,QBLYX
icpprf_acnt40460,Intuit@!123,ESTMR
icpprf_acnt40461,Intuit@!123,WLZRH
icpprf_acnt40462,Intuit@!123,SIQYH
icpprf_acnt40463,Intuit@!123,TCOHP
icpprf_acnt40464,Intuit@!123,XMJLN
icpprf_acnt40465,Intuit@!123,YHMIP
icpprf_acnt40466,Intuit@!123,AWATE
icpprf_acnt40467,Intuit@!123,UJWOU
icpprf_acnt40468,Intuit@!123,MHACT
icpprf_acnt40469,Intuit@!123,RGBBS
icpprf_acnt40470,Intuit@!123,WNUNZ
icpprf_acnt40471,Intuit@!123,JNBIS
icpprf_acnt40472,Intuit@!123,GWTAC
icpprf_acnt40473,Intuit@!123,WIGNO
icpprf_acnt40474,Intuit@!123,MRSSM
icpprf_acnt40475,Intuit@!123,RUFJF
icpprf_acnt40476,Intuit@!123,WVAOT
icpprf_acnt40477,Intuit@!123,TAAHH
icpprf_acnt40478,Intuit@!123,YJEGA
icpprf_acnt40479,Intuit@!123,PMDGN
icpprf_acnt40480,Intuit@!123,CNMUL
icpprf_acnt40481,Intuit@!123,CMUOH
icpprf_acnt40482,Intuit@!123,HQNFP
icpprf_acnt40483,Intuit@!123,ALDBE
icpprf_acnt40484,Intuit@!123,LCWFD
icpprf_acnt40485,Intuit@!123,EMQNR
icpprf_acnt40486,Intuit@!123,JXMMA
icpprf_acnt40487,Intuit@!123,FIXTC
icpprf_acnt40488,Intuit@!123,LRRUE
icpprf_acnt40489,Intuit@!123,NSZWO
icpprf_acnt40490,Intuit@!123,NWSRQ
icpprf_acnt40491,Intuit@!123,LOCDH
icpprf_acnt40492,Intuit@!123,OOIYQ
icpprf_acnt40493,Intuit@!123,YHLSF
icpprf_acnt40494,Intuit@!123,HIPWS
icpprf_acnt40495,Intuit@!123,MFRNT
icpprf_acnt40496,Intuit@!123,DACKD
icpprf_acnt40497,Intuit@!123,JIXPA
icpprf_acnt40498,Intuit@!123,OYBQS
icpprf_acnt40499,Intuit@!123,MMOHS
icpprf_acnt40500,Intuit@!123,PSYKB
icpprf_acnt40501,Intuit@!123,YIZWT
icpprf_acnt40502,Intuit@!123,MQJUB
icpprf_acnt40503,Intuit@!123,KGDXA
icpprf_acnt40504,Intuit@!123,GRHRE
icpprf_acnt40505,Intuit@!123,IBYOF
icpprf_acnt40506,Intuit@!123,BFDOX
icpprf_acnt40507,Intuit@!123,NJBRW
icpprf_acnt40508,Intuit@!123,RCTIO
icpprf_acnt40509,Intuit@!123,QDONL
icpprf_acnt40510,Intuit@!123,VGZXY
icpprf_acnt40511,Intuit@!123,BZARG
icpprf_acnt40512,Intuit@!123,ZBHLL
icpprf_acnt40513,Intuit@!123,KSAZV
icpprf_acnt40514,Intuit@!123,PXLIV
icpprf_acnt40515,Intuit@!123,FOADH
icpprf_acnt40516,Intuit@!123,DYTQD
icpprf_acnt40517,Intuit@!123,VUXEP
icpprf_acnt40518,Intuit@!123,UVFCE
icpprf_acnt40519,Intuit@!123,VRFRW
icpprf_acnt40520,Intuit@!123,BAZVN
icpprf_acnt40521,Intuit@!123,MHANR
icpprf_acnt40522,Intuit@!123,JPKPE
icpprf_acnt40523,Intuit@!123,JYOMC
icpprf_acnt40524,Intuit@!123,VDRZC
icpprf_acnt40525,Intuit@!123,VYESY
icpprf_acnt40526,Intuit@!123,BRMIK
icpprf_acnt40527,Intuit@!123,UXIKP
icpprf_acnt40528,Intuit@!123,ZTQBP
icpprf_acnt40529,Intuit@!123,GHBSH
icpprf_acnt40530,Intuit@!123,SOIYI
icpprf_acnt40531,Intuit@!123,XGFDA
icpprf_acnt40532,Intuit@!123,LJXKE
icpprf_acnt40533,Intuit@!123,FIAAU
icpprf_acnt40534,Intuit@!123,LRQEJ
icpprf_acnt40535,Intuit@!123,ZYDFZ
icpprf_acnt40536,Intuit@!123,JPYNL
icpprf_acnt40537,Intuit@!123,BQMLH
icpprf_acnt40538,Intuit@!123,KJUAO
icpprf_acnt40539,Intuit@!123,WDGJI
icpprf_acnt40540,Intuit@!123,YQSLL
icpprf_acnt40541,Intuit@!123,LRUGV
icpprf_acnt40542,Intuit@!123,AXTTF
icpprf_acnt40543,Intuit@!123,DHYSK
icpprf_acnt40544,Intuit@!123,GCMWK
icpprf_acnt40545,Intuit@!123,BXIEI
icpprf_acnt40546,Intuit@!123,DBBFQ
icpprf_acnt40547,Intuit@!123,UTUSE
icpprf_acnt40548,Intuit@!123,TBKPF
icpprf_acnt40549,Intuit@!123,CVQFQ
icpprf_acnt40550,Intuit@!123,UVLBO
icpprf_acnt40551,Intuit@!123,HENNS
icpprf_acnt40552,Intuit@!123,UUEED
icpprf_acnt40553,Intuit@!123,RVSUF
icpprf_acnt40554,Intuit@!123,RFNXO
icpprf_acnt40555,Intuit@!123,TBVXE
icpprf_acnt40556,Intuit@!123,JXLVG
icpprf_acnt40557,Intuit@!123,NGVAB
icpprf_acnt40558,Intuit@!123,STMCW
icpprf_acnt40559,Intuit@!123,KFKDC
icpprf_acnt40560,Intuit@!123,VXMMW
icpprf_acnt40561,Intuit@!123,FHWOZ
icpprf_acnt40562,Intuit@!123,OFOVS
icpprf_acnt40563,Intuit@!123,VUHVI
icpprf_acnt40564,Intuit@!123,AIDHS
icpprf_acnt40565,Intuit@!123,IVZCN
icpprf_acnt40566,Intuit@!123,PVHSG
icpprf_acnt40567,Intuit@!123,EGTND
icpprf_acnt40568,Intuit@!123,CPKEY
icpprf_acnt40569,Intuit@!123,USPTI
icpprf_acnt40570,Intuit@!123,IXXNF
icpprf_acnt40571,Intuit@!123,OXKQW
icpprf_acnt40572,Intuit@!123,WMJPA
icpprf_acnt40573,Intuit@!123,WPLJA
icpprf_acnt40574,Intuit@!123,GOIDR
icpprf_acnt40575,Intuit@!123,QZMQW
icpprf_acnt40576,Intuit@!123,QPYOM
icpprf_acnt40577,Intuit@!123,XDSID
icpprf_acnt40578,Intuit@!123,CZWHV
icpprf_acnt40579,Intuit@!123,GOUIP
icpprf_acnt40580,Intuit@!123,BQDKC
icpprf_acnt40581,Intuit@!123,UUGVA
icpprf_acnt40582,Intuit@!123,UVEMR
icpprf_acnt40583,Intuit@!123,AHADA
icpprf_acnt40584,Intuit@!123,SFNZG
icpprf_acnt40585,Intuit@!123,HBOZL
icpprf_acnt40586,Intuit@!123,QADXT
icpprf_acnt40587,Intuit@!123,CGNNP
icpprf_acnt40588,Intuit@!123,XXPVE
icpprf_acnt40589,Intuit@!123,FVYMC
icpprf_acnt40590,Intuit@!123,AJAWF
icpprf_acnt40591,Intuit@!123,KMLGQ
icpprf_acnt40592,Intuit@!123,RFNZI
icpprf_acnt40593,Intuit@!123,EZXZB
icpprf_acnt40594,Intuit@!123,AYUFI
icpprf_acnt40595,Intuit@!123,TDORZ
icpprf_acnt40596,Intuit@!123,BWVFJ
icpprf_acnt40597,Intuit@!123,SLOMG
icpprf_acnt40598,Intuit@!123,RDEVC
icpprf_acnt40599,Intuit@!123,RXHIH
icpprf_acnt40600,Intuit@!123,OQSTE
icpprf_acnt40601,Intuit@!123,ZXHZS
icpprf_acnt40602,Intuit@!123,SUKVT
icpprf_acnt40603,Intuit@!123,HWQTF
icpprf_acnt40604,Intuit@!123,RBSWW
icpprf_acnt40605,Intuit@!123,QJKSP
icpprf_acnt40606,Intuit@!123,DRDJF
icpprf_acnt40607,Intuit@!123,LFNYX
icpprf_acnt40608,Intuit@!123,RETSO
icpprf_acnt40609,Intuit@!123,SXQGR
icpprf_acnt40610,Intuit@!123,CCAZE
icpprf_acnt40611,Intuit@!123,ZSZAX
icpprf_acnt40612,Intuit@!123,HFHJJ
icpprf_acnt40613,Intuit@!123,WQWYB
icpprf_acnt40614,Intuit@!123,TKGJV
icpprf_acnt40615,Intuit@!123,PFJRE
icpprf_acnt40616,Intuit@!123,MVQAX
icpprf_acnt40617,Intuit@!123,SLHHI
icpprf_acnt40618,Intuit@!123,UYPRB
icpprf_acnt40619,Intuit@!123,HTFBC
icpprf_acnt40620,Intuit@!123,IDWXN
icpprf_acnt40621,Intuit@!123,WPBYY
icpprf_acnt40622,Intuit@!123,LWRJT
icpprf_acnt40623,Intuit@!123,DBMLQ
icpprf_acnt40624,Intuit@!123,FVUUS
icpprf_acnt40625,Intuit@!123,ZVIBP
icpprf_acnt40626,Intuit@!123,JHISS
icpprf_acnt40627,Intuit@!123,QNGZP
icpprf_acnt40628,Intuit@!123,CZKIP
icpprf_acnt40629,Intuit@!123,CVJQF
icpprf_acnt40630,Intuit@!123,EMWAL
icpprf_acnt40631,Intuit@!123,DAJPB
icpprf_acnt40632,Intuit@!123,TQELW
icpprf_acnt40633,Intuit@!123,VAZCA
icpprf_acnt40634,Intuit@!123,SICLO
icpprf_acnt40635,Intuit@!123,MWJMG
icpprf_acnt40636,Intuit@!123,SJOBP
icpprf_acnt40637,Intuit@!123,OXPHR
icpprf_acnt40638,Intuit@!123,SJJLP
icpprf_acnt40639,Intuit@!123,YGZBY
icpprf_acnt40640,Intuit@!123,KBDBQ
icpprf_acnt40641,Intuit@!123,GFSKU
icpprf_acnt40642,Intuit@!123,RSALR
icpprf_acnt40643,Intuit@!123,SFGQJ
icpprf_acnt40644,Intuit@!123,KWJVY
icpprf_acnt40645,Intuit@!123,AICXE
icpprf_acnt40646,Intuit@!123,MWLHI
icpprf_acnt40647,Intuit@!123,EIVLQ
icpprf_acnt40648,Intuit@!123,PELJI
icpprf_acnt40649,Intuit@!123,KZXOQ
icpprf_acnt40650,Intuit@!123,VWZHC
icpprf_acnt40651,Intuit@!123,LFKBJ
icpprf_acnt40652,Intuit@!123,UBQCX
icpprf_acnt40653,Intuit@!123,VCHEX
icpprf_acnt40654,Intuit@!123,GYORQ
icpprf_acnt40655,Intuit@!123,VWWJS
icpprf_acnt40656,Intuit@!123,EWHFV
icpprf_acnt40657,Intuit@!123,MTMYQ
icpprf_acnt40658,Intuit@!123,WXFCX
icpprf_acnt40659,Intuit@!123,RYLCQ
icpprf_acnt40660,Intuit@!123,XHRZY
icpprf_acnt40661,Intuit@!123,CZPYG
icpprf_acnt40662,Intuit@!123,YIVHZ
icpprf_acnt40663,Intuit@!123,DTTRF
icpprf_acnt40664,Intuit@!123,WBDSK
icpprf_acnt40665,Intuit@!123,BPBLI
icpprf_acnt40666,Intuit@!123,ISATY
icpprf_acnt40667,Intuit@!123,IGENB
icpprf_acnt40668,Intuit@!123,SKIPO
icpprf_acnt40669,Intuit@!123,DRTWW
icpprf_acnt40670,Intuit@!123,VRHKX
icpprf_acnt40671,Intuit@!123,XXEYR
icpprf_acnt40672,Intuit@!123,ASOMD
icpprf_acnt40673,Intuit@!123,XBFXT
icpprf_acnt40674,Intuit@!123,YTGGJ
icpprf_acnt40675,Intuit@!123,GLGEM
icpprf_acnt40676,Intuit@!123,IDOWG
icpprf_acnt40677,Intuit@!123,DMQCX
icpprf_acnt40678,Intuit@!123,JKKKQ
icpprf_acnt40679,Intuit@!123,DDJGS
icpprf_acnt40680,Intuit@!123,KIUUK
icpprf_acnt40681,Intuit@!123,YMJRL
icpprf_acnt40682,Intuit@!123,BJECB
icpprf_acnt40683,Intuit@!123,AVVKD
icpprf_acnt40684,Intuit@!123,XZGHD
icpprf_acnt40685,Intuit@!123,ZWCVS
icpprf_acnt40686,Intuit@!123,LQCTB
icpprf_acnt40687,Intuit@!123,HUFXO
icpprf_acnt40688,Intuit@!123,EXQRE
icpprf_acnt40689,Intuit@!123,OGOXS
icpprf_acnt40690,Intuit@!123,JMZHP
icpprf_acnt40691,Intuit@!123,LEZQW
icpprf_acnt40692,Intuit@!123,PTCLQ
icpprf_acnt40693,Intuit@!123,EEOIV
icpprf_acnt40694,Intuit@!123,JAWZG
icpprf_acnt40695,Intuit@!123,ZAJKU
icpprf_acnt40696,Intuit@!123,MWBTV
icpprf_acnt40697,Intuit@!123,GNILI
icpprf_acnt40698,Intuit@!123,QJJZN
icpprf_acnt40699,Intuit@!123,JCINK
icpprf_acnt40700,Intuit@!123,OTJIT
icpprf_acnt40701,Intuit@!123,DCFLH
icpprf_acnt40702,Intuit@!123,SPRLI
icpprf_acnt40703,Intuit@!123,CMFLI
icpprf_acnt40704,Intuit@!123,XJRFS
icpprf_acnt40705,Intuit@!123,NMBTQ
icpprf_acnt40706,Intuit@!123,DIHLL
icpprf_acnt40707,Intuit@!123,RABME
icpprf_acnt40708,Intuit@!123,CPKMQ
icpprf_acnt40709,Intuit@!123,WJOBT
icpprf_acnt40710,Intuit@!123,WTRSX
icpprf_acnt40711,Intuit@!123,PTKOU
icpprf_acnt40712,Intuit@!123,ORXSR
icpprf_acnt40713,Intuit@!123,VDIEG
icpprf_acnt40714,Intuit@!123,ALSFF
icpprf_acnt40715,Intuit@!123,BFPQM
icpprf_acnt40716,Intuit@!123,KONXZ
icpprf_acnt40717,Intuit@!123,ETKXE
icpprf_acnt40718,Intuit@!123,KCUPS
icpprf_acnt40719,Intuit@!123,FILGP
icpprf_acnt40720,Intuit@!123,MZQPM
icpprf_acnt40721,Intuit@!123,NHVLW
icpprf_acnt40722,Intuit@!123,MGBET
icpprf_acnt40723,Intuit@!123,IZJNW
icpprf_acnt40724,Intuit@!123,AXZKG
icpprf_acnt40725,Intuit@!123,ORTTU
icpprf_acnt40726,Intuit@!123,AUDBH
icpprf_acnt40727,Intuit@!123,FXSEG
icpprf_acnt40728,Intuit@!123,YAGYZ
icpprf_acnt40729,Intuit@!123,IRTAK
icpprf_acnt40730,Intuit@!123,TAPNM
icpprf_acnt40731,Intuit@!123,CACRS
icpprf_acnt40732,Intuit@!123,PRNCC
icpprf_acnt40733,Intuit@!123,VSMDB
icpprf_acnt40734,Intuit@!123,UVEMS
icpprf_acnt40735,Intuit@!123,GPJJP
icpprf_acnt40736,Intuit@!123,LUUAT
icpprf_acnt40737,Intuit@!123,YSXUN
icpprf_acnt40738,Intuit@!123,SBUHT
icpprf_acnt40739,Intuit@!123,DOTYZ
icpprf_acnt40740,Intuit@!123,JZZWH
icpprf_acnt40741,Intuit@!123,BYFMY
icpprf_acnt40742,Intuit@!123,PAJKD
icpprf_acnt40743,Intuit@!123,FERBA
icpprf_acnt40744,Intuit@!123,VREQN
icpprf_acnt40745,Intuit@!123,AFBKS
icpprf_acnt40746,Intuit@!123,DUQGD
icpprf_acnt40747,Intuit@!123,TXLXT
icpprf_acnt40748,Intuit@!123,CMLGQ
icpprf_acnt40749,Intuit@!123,FHJUY
icpprf_acnt40750,Intuit@!123,JLZNH
icpprf_acnt40751,Intuit@!123,RFWAA
icpprf_acnt40752,Intuit@!123,VWBMS
icpprf_acnt40753,Intuit@!123,AYPNR
icpprf_acnt40754,Intuit@!123,MWRAU
icpprf_acnt40755,Intuit@!123,BFNRA
icpprf_acnt40756,Intuit@!123,FUCFV
icpprf_acnt40757,Intuit@!123,VQFBG
icpprf_acnt40758,Intuit@!123,ABPDK
icpprf_acnt40759,Intuit@!123,VTSEQ
icpprf_acnt40760,Intuit@!123,XXLRF
icpprf_acnt40761,Intuit@!123,LTLXD
icpprf_acnt40762,Intuit@!123,RFCBK
icpprf_acnt40763,Intuit@!123,ADBAY
icpprf_acnt40764,Intuit@!123,LDAHX
icpprf_acnt40765,Intuit@!123,SVBKO
icpprf_acnt40766,Intuit@!123,PKBEU
icpprf_acnt40767,Intuit@!123,TGKUV
icpprf_acnt40768,Intuit@!123,XKWEQ
icpprf_acnt40769,Intuit@!123,XUXZS
icpprf_acnt40770,Intuit@!123,VIRBJ
icpprf_acnt40771,Intuit@!123,QZTKK
icpprf_acnt40772,Intuit@!123,NWBQD
icpprf_acnt40773,Intuit@!123,DJGOJ
icpprf_acnt40774,Intuit@!123,BBRLL
icpprf_acnt40775,Intuit@!123,CAYHF
icpprf_acnt40776,Intuit@!123,IEEJO
icpprf_acnt40777,Intuit@!123,MFALE
icpprf_acnt40778,Intuit@!123,YXSBB
icpprf_acnt40779,Intuit@!123,BHQQK
icpprf_acnt40780,Intuit@!123,LFIGJ
icpprf_acnt40781,Intuit@!123,EGHGE
icpprf_acnt40782,Intuit@!123,VFNLE
icpprf_acnt40783,Intuit@!123,NDTDH
icpprf_acnt40784,Intuit@!123,IWPLG
icpprf_acnt40785,Intuit@!123,VDUHY
icpprf_acnt40786,Intuit@!123,VFQXV
icpprf_acnt40787,Intuit@!123,UMVFA
icpprf_acnt40788,Intuit@!123,EUJGZ
icpprf_acnt40789,Intuit@!123,HUGIN
icpprf_acnt40790,Intuit@!123,FZSHW
icpprf_acnt40791,Intuit@!123,IHPVA
icpprf_acnt40792,Intuit@!123,AABWI
icpprf_acnt40793,Intuit@!123,ZOFWT
icpprf_acnt40794,Intuit@!123,QQGOQ
icpprf_acnt40795,Intuit@!123,QTBYU
icpprf_acnt40796,Intuit@!123,OMBOT
icpprf_acnt40797,Intuit@!123,KTTAQ
icpprf_acnt40798,Intuit@!123,MOAEM
icpprf_acnt40799,Intuit@!123,OQFMB
icpprf_acnt40800,Intuit@!123,BLQED
icpprf_acnt40801,Intuit@!123,QLDEA
icpprf_acnt40802,Intuit@!123,COYEU
icpprf_acnt40803,Intuit@!123,HWGRS
icpprf_acnt40804,Intuit@!123,TQZUT
icpprf_acnt40805,Intuit@!123,KVRCO
icpprf_acnt40806,Intuit@!123,EIYUO
icpprf_acnt40807,Intuit@!123,BTBEP
icpprf_acnt40808,Intuit@!123,YATKV
icpprf_acnt40809,Intuit@!123,SNGRJ
icpprf_acnt40810,Intuit@!123,PZMRS
icpprf_acnt40811,Intuit@!123,ZZJFI
icpprf_acnt40812,Intuit@!123,SOCKI
icpprf_acnt40813,Intuit@!123,ZYECR
icpprf_acnt40814,Intuit@!123,QQAOS
icpprf_acnt40815,Intuit@!123,BMJGR
icpprf_acnt40816,Intuit@!123,UMFAZ
icpprf_acnt40817,Intuit@!123,ZQQOZ
icpprf_acnt40818,Intuit@!123,RNNVO
icpprf_acnt40819,Intuit@!123,HXYKB
icpprf_acnt40820,Intuit@!123,ROJFV
icpprf_acnt40821,Intuit@!123,HWTIM
icpprf_acnt40822,Intuit@!123,QSJCF
icpprf_acnt40823,Intuit@!123,JAGAB
icpprf_acnt40824,Intuit@!123,ULQWV
icpprf_acnt40825,Intuit@!123,PNEIF
icpprf_acnt40826,Intuit@!123,ZMABD
icpprf_acnt40827,Intuit@!123,PARLZ
icpprf_acnt40828,Intuit@!123,VWGHG
icpprf_acnt40829,Intuit@!123,PTAPF
icpprf_acnt40830,Intuit@!123,EXQFV
icpprf_acnt40831,Intuit@!123,PZKRZ
icpprf_acnt40832,Intuit@!123,MYUMI
icpprf_acnt40833,Intuit@!123,VGJNJ
icpprf_acnt40834,Intuit@!123,ODJMU
icpprf_acnt40835,Intuit@!123,IBPRO
icpprf_acnt40836,Intuit@!123,IMEZI
icpprf_acnt40837,Intuit@!123,CXOLZ
icpprf_acnt40838,Intuit@!123,QQDFI
icpprf_acnt40839,Intuit@!123,NTZZI
icpprf_acnt40840,Intuit@!123,QNSML
icpprf_acnt40841,Intuit@!123,VAPWK
icpprf_acnt40842,Intuit@!123,BFXHE
icpprf_acnt40843,Intuit@!123,TBPHV
icpprf_acnt40844,Intuit@!123,DFUAM
icpprf_acnt40845,Intuit@!123,NGQHK
icpprf_acnt40846,Intuit@!123,JKBPD
icpprf_acnt40847,Intuit@!123,QYJHS
icpprf_acnt40848,Intuit@!123,YTXPG
icpprf_acnt40849,Intuit@!123,JJVSZ
icpprf_acnt40850,Intuit@!123,ISOJF
icpprf_acnt40851,Intuit@!123,JUZRC
icpprf_acnt40852,Intuit@!123,IIOOK
icpprf_acnt40853,Intuit@!123,GYTUI
icpprf_acnt40854,Intuit@!123,QHIVS
icpprf_acnt40855,Intuit@!123,URLZW
icpprf_acnt40856,Intuit@!123,CUVHG
icpprf_acnt40857,Intuit@!123,CBANH
icpprf_acnt40858,Intuit@!123,SSEOG
icpprf_acnt40859,Intuit@!123,IQZMH
icpprf_acnt40860,Intuit@!123,AUCPD
icpprf_acnt40861,Intuit@!123,ANJRL
icpprf_acnt40862,Intuit@!123,AESFN
icpprf_acnt40863,Intuit@!123,RMVET
icpprf_acnt40864,Intuit@!123,HYNNB
icpprf_acnt40865,Intuit@!123,MDTYG
icpprf_acnt40866,Intuit@!123,NCSSN
icpprf_acnt40867,Intuit@!123,EDCDQ
icpprf_acnt40868,Intuit@!123,NKOOM
icpprf_acnt40869,Intuit@!123,OCFBG
icpprf_acnt40870,Intuit@!123,HTFKQ
icpprf_acnt40871,Intuit@!123,GQZCQ
icpprf_acnt40872,Intuit@!123,OJURF
icpprf_acnt40873,Intuit@!123,WHDEK
icpprf_acnt40874,Intuit@!123,DSPQB
icpprf_acnt40875,Intuit@!123,EZIRB
icpprf_acnt40876,Intuit@!123,SAAKC
icpprf_acnt40877,Intuit@!123,LTHYC
icpprf_acnt40878,Intuit@!123,YYATK
icpprf_acnt40879,Intuit@!123,OLKII
icpprf_acnt40880,Intuit@!123,KVOSS
icpprf_acnt40881,Intuit@!123,GINSL
icpprf_acnt40882,Intuit@!123,FHNXN
icpprf_acnt40883,Intuit@!123,UCNFP
icpprf_acnt40884,Intuit@!123,BVNHT
icpprf_acnt40885,Intuit@!123,NEMZR
icpprf_acnt40886,Intuit@!123,KJDRJ
icpprf_acnt40887,Intuit@!123,SRLPS
icpprf_acnt40888,Intuit@!123,FPODS
icpprf_acnt40889,Intuit@!123,JGYKJ
icpprf_acnt40890,Intuit@!123,MXAPV
icpprf_acnt40891,Intuit@!123,MDMGS
icpprf_acnt40892,Intuit@!123,UTNJU
icpprf_acnt40893,Intuit@!123,PIEEI
icpprf_acnt40894,Intuit@!123,PLQFI
icpprf_acnt40895,Intuit@!123,SQHEX
icpprf_acnt40896,Intuit@!123,HHBXO
icpprf_acnt40897,Intuit@!123,MPXPP
icpprf_acnt40898,Intuit@!123,PGMLQ
icpprf_acnt40899,Intuit@!123,KXTDV
icpprf_acnt40900,Intuit@!123,CRDZR
icpprf_acnt40901,Intuit@!123,YUEZL
icpprf_acnt40902,Intuit@!123,JCBSB
icpprf_acnt40903,Intuit@!123,NXYUP
icpprf_acnt40904,Intuit@!123,MPHXN
icpprf_acnt40905,Intuit@!123,ACEIN
icpprf_acnt40906,Intuit@!123,ATQFV
icpprf_acnt40907,Intuit@!123,GTSIZ
icpprf_acnt40908,Intuit@!123,GXNLI
icpprf_acnt40909,Intuit@!123,QWQEE
icpprf_acnt40910,Intuit@!123,QYXBG
icpprf_acnt40911,Intuit@!123,MXIDK
icpprf_acnt40912,Intuit@!123,DQHEK
icpprf_acnt40913,Intuit@!123,PEQYW
icpprf_acnt40914,Intuit@!123,CMLFY
icpprf_acnt40915,Intuit@!123,RJYNC
icpprf_acnt40916,Intuit@!123,LQZPT
icpprf_acnt40917,Intuit@!123,DCXFZ
icpprf_acnt40918,Intuit@!123,DVPGT
icpprf_acnt40919,Intuit@!123,NNVYA
icpprf_acnt40920,Intuit@!123,WBVAR
icpprf_acnt40921,Intuit@!123,PSOQJ
icpprf_acnt40922,Intuit@!123,MLMZT
icpprf_acnt40923,Intuit@!123,VTPDN
icpprf_acnt40924,Intuit@!123,RZXKN
icpprf_acnt40925,Intuit@!123,XWELM
icpprf_acnt40926,Intuit@!123,GOVBB
icpprf_acnt40927,Intuit@!123,VBORP
icpprf_acnt40928,Intuit@!123,LEOTD
icpprf_acnt40929,Intuit@!123,FTGWC
icpprf_acnt40930,Intuit@!123,URXJS
icpprf_acnt40931,Intuit@!123,TDGYP
icpprf_acnt40932,Intuit@!123,DYKJM
icpprf_acnt40933,Intuit@!123,OSJIH
icpprf_acnt40934,Intuit@!123,ADVDB
icpprf_acnt40935,Intuit@!123,ATFWL
icpprf_acnt40936,Intuit@!123,EHJJQ
icpprf_acnt40937,Intuit@!123,VORXL
icpprf_acnt40938,Intuit@!123,IKPFZ
icpprf_acnt40939,Intuit@!123,FKQWF
icpprf_acnt40940,Intuit@!123,TYAFL
icpprf_acnt40941,Intuit@!123,JVZMX
icpprf_acnt40942,Intuit@!123,CDJTE
icpprf_acnt40943,Intuit@!123,XFPPI
icpprf_acnt40944,Intuit@!123,WLUPI
icpprf_acnt40945,Intuit@!123,CJTIX
icpprf_acnt40946,Intuit@!123,RDGJU
icpprf_acnt40947,Intuit@!123,NQNWM
icpprf_acnt40948,Intuit@!123,QZUPN
icpprf_acnt40949,Intuit@!123,DVVGR
icpprf_acnt40950,Intuit@!123,UTFAP
icpprf_acnt40951,Intuit@!123,BWVHL
icpprf_acnt40952,Intuit@!123,NLKKO
icpprf_acnt40953,Intuit@!123,QIOMA
icpprf_acnt40954,Intuit@!123,SOLTD
icpprf_acnt40955,Intuit@!123,ELKSD
icpprf_acnt40956,Intuit@!123,ORQYO
icpprf_acnt40957,Intuit@!123,HSXUZ
icpprf_acnt40958,Intuit@!123,RLTRF
icpprf_acnt40959,Intuit@!123,LNATV
icpprf_acnt40960,Intuit@!123,PQQMW
icpprf_acnt40961,Intuit@!123,PMAUH
icpprf_acnt40962,Intuit@!123,JJZLW
icpprf_acnt40963,Intuit@!123,OAURE
icpprf_acnt40964,Intuit@!123,CGQGY
icpprf_acnt40965,Intuit@!123,JCNYS
icpprf_acnt40966,Intuit@!123,WROEV
icpprf_acnt40967,Intuit@!123,NEWEV
icpprf_acnt40968,Intuit@!123,TVORF
icpprf_acnt40969,Intuit@!123,QYTPS
icpprf_acnt40970,Intuit@!123,CEEQR
icpprf_acnt40971,Intuit@!123,IYNZM
icpprf_acnt40972,Intuit@!123,AECKA
icpprf_acnt40973,Intuit@!123,TRUEV
icpprf_acnt40974,Intuit@!123,ALUDL
icpprf_acnt40975,Intuit@!123,UWWEQ
icpprf_acnt40976,Intuit@!123,IFTCB
icpprf_acnt40977,Intuit@!123,NPZCU
icpprf_acnt40978,Intuit@!123,GVUQV
icpprf_acnt40979,Intuit@!123,SWQCW
icpprf_acnt40980,Intuit@!123,ECUAQ
icpprf_acnt40981,Intuit@!123,FAJIE
icpprf_acnt40982,Intuit@!123,RUJPE
icpprf_acnt40983,Intuit@!123,GEEWT
icpprf_acnt40984,Intuit@!123,WIDGZ
icpprf_acnt40985,Intuit@!123,JPMYX
icpprf_acnt40986,Intuit@!123,KQAQP
icpprf_acnt40987,Intuit@!123,QYGXX
icpprf_acnt40988,Intuit@!123,DBHPO
icpprf_acnt40989,Intuit@!123,JGKNL
icpprf_acnt40990,Intuit@!123,PUVHF
icpprf_acnt40991,Intuit@!123,FECCD
icpprf_acnt40992,Intuit@!123,MYVDZ
icpprf_acnt40993,Intuit@!123,EAQMW
icpprf_acnt40994,Intuit@!123,TCSGA
icpprf_acnt40995,Intuit@!123,QDFMP
icpprf_acnt40996,Intuit@!123,HGGMK
icpprf_acnt40997,Intuit@!123,SXEPT
icpprf_acnt40998,Intuit@!123,XXOEX
icpprf_acnt40999,Intuit@!123,DKTQO
icpprf_acnt41000,Intuit@!123,FBRXW
icpprf_acnt41001,Intuit@!123,CMKNP
icpprf_acnt41002,Intuit@!123,YDVYO
icpprf_acnt41003,Intuit@!123,BREDS
icpprf_acnt41004,Intuit@!123,KWVTM
icpprf_acnt41005,Intuit@!123,YOGPJ
icpprf_acnt41006,Intuit@!123,LDMIE
icpprf_acnt41007,Intuit@!123,SOGPK
icpprf_acnt41008,Intuit@!123,OVDPO
icpprf_acnt41009,Intuit@!123,GZERS
icpprf_acnt41010,Intuit@!123,RPLGQ
icpprf_acnt41011,Intuit@!123,AZKNG
icpprf_acnt41012,Intuit@!123,KSSEP
icpprf_acnt41013,Intuit@!123,LNRQD
icpprf_acnt41014,Intuit@!123,DRQGW
icpprf_acnt41015,Intuit@!123,VWUWL
icpprf_acnt41016,Intuit@!123,LBGPQ
icpprf_acnt41017,Intuit@!123,JXOJA
icpprf_acnt41018,Intuit@!123,CVVKI
icpprf_acnt41019,Intuit@!123,ZXSCU
icpprf_acnt41020,Intuit@!123,TLUFF
icpprf_acnt41021,Intuit@!123,VMXWX
icpprf_acnt41022,Intuit@!123,RSPSB
icpprf_acnt41023,Intuit@!123,ESXHP
icpprf_acnt41024,Intuit@!123,QASJJ
icpprf_acnt41025,Intuit@!123,FQKMY
icpprf_acnt41026,Intuit@!123,NITJM
icpprf_acnt41027,Intuit@!123,DPYZA
icpprf_acnt41028,Intuit@!123,PIZRY
icpprf_acnt41029,Intuit@!123,NXCZW
icpprf_acnt41030,Intuit@!123,HHUME
icpprf_acnt41031,Intuit@!123,ZGSWB
icpprf_acnt41032,Intuit@!123,FAZTR
icpprf_acnt41033,Intuit@!123,LPVGE
icpprf_acnt41034,Intuit@!123,XRUFT
icpprf_acnt41035,Intuit@!123,JBFLZ
icpprf_acnt41036,Intuit@!123,VZUBI
icpprf_acnt41037,Intuit@!123,SKDSC
icpprf_acnt41038,Intuit@!123,ERGEI
icpprf_acnt41039,Intuit@!123,GYOQQ
icpprf_acnt41040,Intuit@!123,JXDQQ
icpprf_acnt41041,Intuit@!123,RXIIY
icpprf_acnt41042,Intuit@!123,ZJMDU
icpprf_acnt41043,Intuit@!123,GTCDG
icpprf_acnt41044,Intuit@!123,GLCDN
icpprf_acnt41045,Intuit@!123,FYLYL
icpprf_acnt41046,Intuit@!123,FDLQP
icpprf_acnt41047,Intuit@!123,BNASF
icpprf_acnt41048,Intuit@!123,BNFWQ
icpprf_acnt41049,Intuit@!123,UQLCA
icpprf_acnt41050,Intuit@!123,ZXLXW
icpprf_acnt41051,Intuit@!123,JRDIC
icpprf_acnt41052,Intuit@!123,YURMA
icpprf_acnt41053,Intuit@!123,WEXHY
icpprf_acnt41054,Intuit@!123,MODUS
icpprf_acnt41055,Intuit@!123,JOWAD
icpprf_acnt41056,Intuit@!123,DTDWP
icpprf_acnt41057,Intuit@!123,SOICF
icpprf_acnt41058,Intuit@!123,TSAVV
icpprf_acnt41059,Intuit@!123,HNUHT
icpprf_acnt41060,Intuit@!123,BROMG
icpprf_acnt41061,Intuit@!123,MJEFE
icpprf_acnt41062,Intuit@!123,CDITK
icpprf_acnt41063,Intuit@!123,KDPNM
icpprf_acnt41064,Intuit@!123,OKSJW
icpprf_acnt41065,Intuit@!123,IRDFD
icpprf_acnt41066,Intuit@!123,YSXHZ
icpprf_acnt41067,Intuit@!123,MFFOD
icpprf_acnt41068,Intuit@!123,WBVPS
icpprf_acnt41069,Intuit@!123,OJEGX
icpprf_acnt41070,Intuit@!123,WRYBX
icpprf_acnt41071,Intuit@!123,UZNEN
icpprf_acnt41072,Intuit@!123,RSLZK
icpprf_acnt41073,Intuit@!123,FUFBI
icpprf_acnt41074,Intuit@!123,XKKKW
icpprf_acnt41075,Intuit@!123,ODKGJ
icpprf_acnt41076,Intuit@!123,KGDGL
icpprf_acnt41077,Intuit@!123,QGYDC
icpprf_acnt41078,Intuit@!123,XZPYF
icpprf_acnt41079,Intuit@!123,RCLGX
icpprf_acnt41080,Intuit@!123,BMSSQ
icpprf_acnt41081,Intuit@!123,SYYKT
icpprf_acnt41082,Intuit@!123,PLTBI
icpprf_acnt41083,Intuit@!123,OXVTB
icpprf_acnt41084,Intuit@!123,HOAUG
icpprf_acnt41085,Intuit@!123,CAQOB
icpprf_acnt41086,Intuit@!123,WDGKW
icpprf_acnt41087,Intuit@!123,MRLAX
icpprf_acnt41088,Intuit@!123,IGAMM
icpprf_acnt41089,Intuit@!123,BLXLH
icpprf_acnt41090,Intuit@!123,KOLKI
icpprf_acnt41091,Intuit@!123,RUYCK
icpprf_acnt41092,Intuit@!123,ZITMG
icpprf_acnt41093,Intuit@!123,UQTXU
icpprf_acnt41094,Intuit@!123,FBTQX
icpprf_acnt41095,Intuit@!123,NMJXA
icpprf_acnt41096,Intuit@!123,MXDWD
icpprf_acnt41097,Intuit@!123,FLUPA
icpprf_acnt41098,Intuit@!123,OXYOW
icpprf_acnt41099,Intuit@!123,LMRIF
icpprf_acnt41100,Intuit@!123,CBSCK
icpprf_acnt41101,Intuit@!123,RJHYP
icpprf_acnt41102,Intuit@!123,IJQOP
icpprf_acnt41103,Intuit@!123,DDYBD
icpprf_acnt41104,Intuit@!123,ANDZD
icpprf_acnt41105,Intuit@!123,HPLKU
icpprf_acnt41106,Intuit@!123,QMJUM
icpprf_acnt41107,Intuit@!123,KKVKJ
icpprf_acnt41108,Intuit@!123,IZEYU
icpprf_acnt41109,Intuit@!123,JRJUZ
icpprf_acnt41110,Intuit@!123,CEGAO
icpprf_acnt41111,Intuit@!123,GIJPE
icpprf_acnt41112,Intuit@!123,YULJE
icpprf_acnt41113,Intuit@!123,BPYKS
icpprf_acnt41114,Intuit@!123,EZLYF
icpprf_acnt41115,Intuit@!123,OLNLQ
icpprf_acnt41116,Intuit@!123,WPWTI
icpprf_acnt41117,Intuit@!123,OIXKW
icpprf_acnt41118,Intuit@!123,QHVRP
icpprf_acnt41119,Intuit@!123,JKBVS
icpprf_acnt41120,Intuit@!123,WPZLS
icpprf_acnt41121,Intuit@!123,PNCAF
icpprf_acnt41122,Intuit@!123,OSLDK
icpprf_acnt41123,Intuit@!123,KKSLO
icpprf_acnt41124,Intuit@!123,VZWBP
icpprf_acnt41125,Intuit@!123,ZJKCH
icpprf_acnt41126,Intuit@!123,QUZZG
icpprf_acnt41127,Intuit@!123,SCWKX
icpprf_acnt41128,Intuit@!123,DXSVN
icpprf_acnt41129,Intuit@!123,OZRTB
icpprf_acnt41130,Intuit@!123,VTRGD
icpprf_acnt41131,Intuit@!123,PVJTM
icpprf_acnt41132,Intuit@!123,MQNTM
icpprf_acnt41133,Intuit@!123,JSYKS
icpprf_acnt41134,Intuit@!123,ULXJT
icpprf_acnt41135,Intuit@!123,FDGTO
icpprf_acnt41136,Intuit@!123,URPJY
icpprf_acnt41137,Intuit@!123,ZOQMH
icpprf_acnt41138,Intuit@!123,SQBFU
icpprf_acnt41139,Intuit@!123,VUFBF
icpprf_acnt41140,Intuit@!123,GOQJM
icpprf_acnt41141,Intuit@!123,TFJAI
icpprf_acnt41142,Intuit@!123,WRNFZ
icpprf_acnt41143,Intuit@!123,HFSBO
icpprf_acnt41144,Intuit@!123,GSYLM
icpprf_acnt41145,Intuit@!123,ROCUG
icpprf_acnt41146,Intuit@!123,ZNSVS
icpprf_acnt41147,Intuit@!123,SNSOA
icpprf_acnt41148,Intuit@!123,ELYXA
icpprf_acnt41149,Intuit@!123,POPPU
icpprf_acnt41150,Intuit@!123,QLXZP
icpprf_acnt41151,Intuit@!123,CZLNE
icpprf_acnt41152,Intuit@!123,MJLUD
icpprf_acnt41153,Intuit@!123,WZSUN
icpprf_acnt41154,Intuit@!123,YLNHZ
icpprf_acnt41155,Intuit@!123,FPNTJ
icpprf_acnt41156,Intuit@!123,FAKIJ
icpprf_acnt41157,Intuit@!123,UNESV
icpprf_acnt41158,Intuit@!123,DEUBG
icpprf_acnt41159,Intuit@!123,QIXUM
icpprf_acnt41160,Intuit@!123,ZUFMA
icpprf_acnt41161,Intuit@!123,QIKNN
icpprf_acnt41162,Intuit@!123,FVMXS
icpprf_acnt41163,Intuit@!123,UTDMD
icpprf_acnt41164,Intuit@!123,EXUEW
icpprf_acnt41165,Intuit@!123,YQUFX
icpprf_acnt41166,Intuit@!123,OIVXZ
icpprf_acnt41167,Intuit@!123,EUWAY
icpprf_acnt41168,Intuit@!123,PSENU
icpprf_acnt41169,Intuit@!123,VTDBV
icpprf_acnt41170,Intuit@!123,XEVKQ
icpprf_acnt41171,Intuit@!123,WEGOE
icpprf_acnt41172,Intuit@!123,MKYLB
icpprf_acnt41173,Intuit@!123,TZXJX
icpprf_acnt41174,Intuit@!123,VQVGX
icpprf_acnt41175,Intuit@!123,GJIFY
icpprf_acnt41176,Intuit@!123,LRZFL
icpprf_acnt41177,Intuit@!123,UDIRQ
icpprf_acnt41178,Intuit@!123,MWIHV
icpprf_acnt41179,Intuit@!123,IYEJE
icpprf_acnt41180,Intuit@!123,UPSGR
icpprf_acnt41181,Intuit@!123,NCAPW
icpprf_acnt41182,Intuit@!123,MUCYW
icpprf_acnt41183,Intuit@!123,LBKIT
icpprf_acnt41184,Intuit@!123,DYDBW
icpprf_acnt41185,Intuit@!123,XRMYI
icpprf_acnt41186,Intuit@!123,SVHRA
icpprf_acnt41187,Intuit@!123,FPCKL
icpprf_acnt41188,Intuit@!123,SCHJH
icpprf_acnt41189,Intuit@!123,WWPUD
icpprf_acnt41190,Intuit@!123,OHRSP
icpprf_acnt41191,Intuit@!123,INTMH
icpprf_acnt41192,Intuit@!123,BAUZI
icpprf_acnt41193,Intuit@!123,HIPDG
icpprf_acnt41194,Intuit@!123,EZEJW
icpprf_acnt41195,Intuit@!123,CFLLD
icpprf_acnt41196,Intuit@!123,GSPYZ
icpprf_acnt41197,Intuit@!123,KYAQH
icpprf_acnt41198,Intuit@!123,ZLFOM
icpprf_acnt41199,Intuit@!123,TRTFI
icpprf_acnt41200,Intuit@!123,MDSQB
icpprf_acnt41201,Intuit@!123,AGOEN
icpprf_acnt41202,Intuit@!123,IEICG
icpprf_acnt41203,Intuit@!123,WWXWV
icpprf_acnt41204,Intuit@!123,TTKVD
icpprf_acnt41205,Intuit@!123,XVBYK
icpprf_acnt41206,Intuit@!123,YLRBN
icpprf_acnt41207,Intuit@!123,EBVPW
icpprf_acnt41208,Intuit@!123,FGPSD
icpprf_acnt41209,Intuit@!123,DDAGA
icpprf_acnt41210,Intuit@!123,QUGMH
icpprf_acnt41211,Intuit@!123,ZXSCH
icpprf_acnt41212,Intuit@!123,GIEAV
icpprf_acnt41213,Intuit@!123,XCVGU
icpprf_acnt41214,Intuit@!123,AVFYF
icpprf_acnt41215,Intuit@!123,WKNGW
icpprf_acnt41216,Intuit@!123,JVXTE
icpprf_acnt41217,Intuit@!123,YQYIG
icpprf_acnt41218,Intuit@!123,UGKQQ
icpprf_acnt41219,Intuit@!123,HWUYV
icpprf_acnt41220,Intuit@!123,OINNS
icpprf_acnt41221,Intuit@!123,MQEBC
icpprf_acnt41222,Intuit@!123,TANAM
icpprf_acnt41223,Intuit@!123,ZHPJF
icpprf_acnt41224,Intuit@!123,TRYOO
icpprf_acnt41225,Intuit@!123,MLFFG
icpprf_acnt41226,Intuit@!123,WRBZL
icpprf_acnt41227,Intuit@!123,NLIUV
icpprf_acnt41228,Intuit@!123,ZOSRQ
icpprf_acnt41229,Intuit@!123,MGIZA
icpprf_acnt41230,Intuit@!123,HYLVM
icpprf_acnt41231,Intuit@!123,NLOKB
icpprf_acnt41232,Intuit@!123,ISYZK
icpprf_acnt41233,Intuit@!123,JIUWD
icpprf_acnt41234,Intuit@!123,TZGOJ
icpprf_acnt41235,Intuit@!123,XXTKT
icpprf_acnt41236,Intuit@!123,DJFME
icpprf_acnt41237,Intuit@!123,DUGNQ
icpprf_acnt41238,Intuit@!123,NTKOF
icpprf_acnt41239,Intuit@!123,NHGCJ
icpprf_acnt41240,Intuit@!123,FKOCC
icpprf_acnt41241,Intuit@!123,RKKNH
icpprf_acnt41242,Intuit@!123,CGXKU
icpprf_acnt41243,Intuit@!123,JDCHO
icpprf_acnt41244,Intuit@!123,VCGIC
icpprf_acnt41245,Intuit@!123,FTQNH
icpprf_acnt41246,Intuit@!123,THPJO
icpprf_acnt41247,Intuit@!123,WOEXI
icpprf_acnt41248,Intuit@!123,BGVSP
icpprf_acnt41249,Intuit@!123,VSFCR
icpprf_acnt41250,Intuit@!123,JNREP
icpprf_acnt41251,Intuit@!123,RKSWH
icpprf_acnt41252,Intuit@!123,QBFIT
icpprf_acnt41253,Intuit@!123,UVPRG
icpprf_acnt41254,Intuit@!123,ITYPM
icpprf_acnt41255,Intuit@!123,LXJUE
icpprf_acnt41256,Intuit@!123,EIXXV
icpprf_acnt41257,Intuit@!123,NQJUU
icpprf_acnt41258,Intuit@!123,UURDP
icpprf_acnt41259,Intuit@!123,FQQUB
icpprf_acnt41260,Intuit@!123,YNRYF
icpprf_acnt41261,Intuit@!123,NOHUJ
icpprf_acnt41262,Intuit@!123,SXXND
icpprf_acnt41263,Intuit@!123,RRJJT
icpprf_acnt41264,Intuit@!123,HFFQZ
icpprf_acnt41265,Intuit@!123,MVGXW
icpprf_acnt41266,Intuit@!123,JVPMP
icpprf_acnt41267,Intuit@!123,GZJOW
icpprf_acnt41268,Intuit@!123,CPKLJ
icpprf_acnt41269,Intuit@!123,RDDNQ
icpprf_acnt41270,Intuit@!123,RKJVV
icpprf_acnt41271,Intuit@!123,LCQFY
icpprf_acnt41272,Intuit@!123,DGYQB
icpprf_acnt41273,Intuit@!123,PBPCU
icpprf_acnt41274,Intuit@!123,SHEMU
icpprf_acnt41275,Intuit@!123,CYCYC
icpprf_acnt41276,Intuit@!123,TDIJG
icpprf_acnt41277,Intuit@!123,EBAFX
icpprf_acnt41278,Intuit@!123,UMUYG
icpprf_acnt41279,Intuit@!123,LPSEQ
icpprf_acnt41280,Intuit@!123,HLYUV
icpprf_acnt41281,Intuit@!123,WPSPQ
icpprf_acnt41282,Intuit@!123,MGYWN
icpprf_acnt41283,Intuit@!123,ISDUB
icpprf_acnt41284,Intuit@!123,RUFAM
icpprf_acnt41285,Intuit@!123,VSLVO
icpprf_acnt41286,Intuit@!123,ETUKZ
icpprf_acnt41287,Intuit@!123,CZLNF
icpprf_acnt41288,Intuit@!123,FURSO
icpprf_acnt41289,Intuit@!123,HHMPR
icpprf_acnt41290,Intuit@!123,DDAHT
icpprf_acnt41291,Intuit@!123,EWSHH
icpprf_acnt41292,Intuit@!123,WJVJN
icpprf_acnt41293,Intuit@!123,EGACN
icpprf_acnt41294,Intuit@!123,RGKQY
icpprf_acnt41295,Intuit@!123,TRDMA
icpprf_acnt41296,Intuit@!123,PSQLT
icpprf_acnt41297,Intuit@!123,GJKDI
icpprf_acnt41298,Intuit@!123,NBOCU
icpprf_acnt41299,Intuit@!123,FVPSB
icpprf_acnt41300,Intuit@!123,CXXQD
icpprf_acnt41301,Intuit@!123,YPOXG
icpprf_acnt41302,Intuit@!123,SWXYN
icpprf_acnt41303,Intuit@!123,CYUQO
icpprf_acnt41304,Intuit@!123,ECKUN
icpprf_acnt41305,Intuit@!123,BVYHK
icpprf_acnt41306,Intuit@!123,SNWHN
icpprf_acnt41307,Intuit@!123,CWLSZ
icpprf_acnt41308,Intuit@!123,ENDDL
icpprf_acnt41309,Intuit@!123,WSIUP
icpprf_acnt41310,Intuit@!123,FXZLH
icpprf_acnt41311,Intuit@!123,MMVBQ
icpprf_acnt41312,Intuit@!123,CJPED
icpprf_acnt41313,Intuit@!123,HSCON
icpprf_acnt41314,Intuit@!123,YRAUF
icpprf_acnt41315,Intuit@!123,XMECQ
icpprf_acnt41316,Intuit@!123,JDKJN
icpprf_acnt41317,Intuit@!123,UGUKE
icpprf_acnt41318,Intuit@!123,AVGFJ
icpprf_acnt41319,Intuit@!123,AEJPP
icpprf_acnt41320,Intuit@!123,HIXFE
icpprf_acnt41321,Intuit@!123,MWOTM
icpprf_acnt41322,Intuit@!123,TCMPC
icpprf_acnt41323,Intuit@!123,RHDTJ
icpprf_acnt41324,Intuit@!123,IBGDN
icpprf_acnt41325,Intuit@!123,ICSNI
icpprf_acnt41326,Intuit@!123,IUFFR
icpprf_acnt41327,Intuit@!123,CBHHP
icpprf_acnt41328,Intuit@!123,SWLFY
icpprf_acnt41329,Intuit@!123,AEIFH
icpprf_acnt41330,Intuit@!123,MNWBR
icpprf_acnt41331,Intuit@!123,JYEJH
icpprf_acnt41332,Intuit@!123,CIGBV
icpprf_acnt41333,Intuit@!123,WHXVQ
icpprf_acnt41334,Intuit@!123,ZZJEL
icpprf_acnt41335,Intuit@!123,MPZWC
icpprf_acnt41336,Intuit@!123,RTTDE
icpprf_acnt41337,Intuit@!123,JBMAX
icpprf_acnt41338,Intuit@!123,RJEON
icpprf_acnt41339,Intuit@!123,WDNQT
icpprf_acnt41340,Intuit@!123,AWYIA
icpprf_acnt41341,Intuit@!123,CQXOH
icpprf_acnt41342,Intuit@!123,QJRBD
icpprf_acnt41343,Intuit@!123,CUAFA
icpprf_acnt41344,Intuit@!123,EUJUG
icpprf_acnt41345,Intuit@!123,DWMJL
icpprf_acnt41346,Intuit@!123,FTILM
icpprf_acnt41347,Intuit@!123,QPCJC
icpprf_acnt41348,Intuit@!123,WSJWT
icpprf_acnt41349,Intuit@!123,TCGTJ
icpprf_acnt41350,Intuit@!123,GQIYY
icpprf_acnt41351,Intuit@!123,CTKBL
icpprf_acnt41352,Intuit@!123,HWIBR
icpprf_acnt41353,Intuit@!123,RBQFN
icpprf_acnt41354,Intuit@!123,FSRVS
icpprf_acnt41355,Intuit@!123,MCFSF
icpprf_acnt41356,Intuit@!123,JEUNB
icpprf_acnt41357,Intuit@!123,PZGPT
icpprf_acnt41358,Intuit@!123,QQMEU
icpprf_acnt41359,Intuit@!123,PFRCO
icpprf_acnt41360,Intuit@!123,XGTBZ
icpprf_acnt41361,Intuit@!123,DDZMA
icpprf_acnt41362,Intuit@!123,AKPQJ
icpprf_acnt41363,Intuit@!123,VUGUG
icpprf_acnt41364,Intuit@!123,ANCBI
icpprf_acnt41365,Intuit@!123,QCCIR
icpprf_acnt41366,Intuit@!123,AEDAT
icpprf_acnt41367,Intuit@!123,HWJPP
icpprf_acnt41368,Intuit@!123,MSBVW
icpprf_acnt41369,Intuit@!123,XDMNT
icpprf_acnt41370,Intuit@!123,PKNBH
icpprf_acnt41371,Intuit@!123,TRDHY
icpprf_acnt41372,Intuit@!123,MFBVJ
icpprf_acnt41373,Intuit@!123,HNGJZ
icpprf_acnt41374,Intuit@!123,GSCLW
icpprf_acnt41375,Intuit@!123,COQJL
icpprf_acnt41376,Intuit@!123,TWYKG
icpprf_acnt41377,Intuit@!123,EWSXD
icpprf_acnt41378,Intuit@!123,PGKSP
icpprf_acnt41379,Intuit@!123,PTWIN
icpprf_acnt41380,Intuit@!123,QHAWB
icpprf_acnt41381,Intuit@!123,IGLLP
icpprf_acnt41382,Intuit@!123,UAVQX
icpprf_acnt41383,Intuit@!123,DQLQW
icpprf_acnt41384,Intuit@!123,RFXYT
icpprf_acnt41385,Intuit@!123,ICUMQ
icpprf_acnt41386,Intuit@!123,FHBZR
icpprf_acnt41387,Intuit@!123,YDNXI
icpprf_acnt41388,Intuit@!123,BLIUW
icpprf_acnt41389,Intuit@!123,KTTEL
icpprf_acnt41390,Intuit@!123,ABKJB
icpprf_acnt41391,Intuit@!123,LDKYE
icpprf_acnt41392,Intuit@!123,TRSBA
icpprf_acnt41393,Intuit@!123,TYEAQ
icpprf_acnt41394,Intuit@!123,EHINL
icpprf_acnt41395,Intuit@!123,NHIHZ
icpprf_acnt41396,Intuit@!123,PPGUN
icpprf_acnt41397,Intuit@!123,HOBXQ
icpprf_acnt41398,Intuit@!123,CORJT
icpprf_acnt41399,Intuit@!123,AATHL
icpprf_acnt41400,Intuit@!123,VAPKU
icpprf_acnt41401,Intuit@!123,HGTHL
icpprf_acnt41402,Intuit@!123,SCLCT
icpprf_acnt41403,Intuit@!123,LBTDM
icpprf_acnt41404,Intuit@!123,VVKQF
icpprf_acnt41405,Intuit@!123,IAPJC
icpprf_acnt41406,Intuit@!123,IBRUC
icpprf_acnt41407,Intuit@!123,ZTFMS
icpprf_acnt41408,Intuit@!123,ZDWGJ
icpprf_acnt41409,Intuit@!123,JHIEY
icpprf_acnt41410,Intuit@!123,WVAZY
icpprf_acnt41411,Intuit@!123,PXVIG
icpprf_acnt41412,Intuit@!123,OVDAS
icpprf_acnt41413,Intuit@!123,ZXVXW
icpprf_acnt41414,Intuit@!123,IXIFL
icpprf_acnt41415,Intuit@!123,RQVZH
icpprf_acnt41416,Intuit@!123,RSWBB
icpprf_acnt41417,Intuit@!123,JQJQQ
icpprf_acnt41418,Intuit@!123,VGUYJ
icpprf_acnt41419,Intuit@!123,SMKMU
icpprf_acnt41420,Intuit@!123,KZPPX
icpprf_acnt41421,Intuit@!123,RQVOT
icpprf_acnt41422,Intuit@!123,KEGEI
icpprf_acnt41423,Intuit@!123,LXXCV
icpprf_acnt41424,Intuit@!123,EIMVB
icpprf_acnt41425,Intuit@!123,HEBKY
icpprf_acnt41426,Intuit@!123,PVSCL
icpprf_acnt41427,Intuit@!123,VVSVA
icpprf_acnt41428,Intuit@!123,ONPAT
icpprf_acnt41429,Intuit@!123,UZYHG
icpprf_acnt41430,Intuit@!123,TZAVA
icpprf_acnt41431,Intuit@!123,VUFWV
icpprf_acnt41432,Intuit@!123,NNWCW
icpprf_acnt41433,Intuit@!123,XTELG
icpprf_acnt41434,Intuit@!123,IUOFO
icpprf_acnt41435,Intuit@!123,DEKMM
icpprf_acnt41436,Intuit@!123,IYNAP
icpprf_acnt41437,Intuit@!123,GGQWI
icpprf_acnt41438,Intuit@!123,LNMIE
icpprf_acnt41439,Intuit@!123,GFJET
icpprf_acnt41440,Intuit@!123,VRZZB
icpprf_acnt41441,Intuit@!123,JZXFW
icpprf_acnt41442,Intuit@!123,IYVDG
icpprf_acnt41443,Intuit@!123,SGHRM
icpprf_acnt41444,Intuit@!123,CUFXN
icpprf_acnt41445,Intuit@!123,YSQBM
icpprf_acnt41446,Intuit@!123,OWXTQ
icpprf_acnt41447,Intuit@!123,FBCHG
icpprf_acnt41448,Intuit@!123,HEKTI
icpprf_acnt41449,Intuit@!123,IWZDZ
icpprf_acnt41450,Intuit@!123,AHHTC
icpprf_acnt41451,Intuit@!123,VQSMC
icpprf_acnt41452,Intuit@!123,USBGU
icpprf_acnt41453,Intuit@!123,ZNTGT
icpprf_acnt41454,Intuit@!123,HWHPM
icpprf_acnt41455,Intuit@!123,QBLYX
icpprf_acnt41456,Intuit@!123,ESTMR
icpprf_acnt41457,Intuit@!123,WLZRH
icpprf_acnt41458,Intuit@!123,SIQYH
icpprf_acnt41459,Intuit@!123,TCOHP
icpprf_acnt41460,Intuit@!123,XMJLN
icpprf_acnt41461,Intuit@!123,YHMIP
icpprf_acnt41462,Intuit@!123,AWATE
icpprf_acnt41463,Intuit@!123,UJWOU
icpprf_acnt41464,Intuit@!123,MHACT
icpprf_acnt41465,Intuit@!123,RGBBS
icpprf_acnt41466,Intuit@!123,WNUNZ
icpprf_acnt41467,Intuit@!123,JNBIS
icpprf_acnt41468,Intuit@!123,GWTAC
icpprf_acnt41469,Intuit@!123,WIGNO
icpprf_acnt41470,Intuit@!123,MRSSM
icpprf_acnt41471,Intuit@!123,RUFJF
icpprf_acnt41472,Intuit@!123,WVAOT
icpprf_acnt41473,Intuit@!123,TAAHH
icpprf_acnt41474,Intuit@!123,YJEGA
icpprf_acnt41475,Intuit@!123,PMDGN
icpprf_acnt41476,Intuit@!123,CNMUL
icpprf_acnt41477,Intuit@!123,CMUOH
icpprf_acnt41478,Intuit@!123,HQNFP
icpprf_acnt41479,Intuit@!123,ALDBE
icpprf_acnt41480,Intuit@!123,LCWFD
icpprf_acnt41481,Intuit@!123,EMQNR
icpprf_acnt41482,Intuit@!123,JXMMA
icpprf_acnt41483,Intuit@!123,FIXTC
icpprf_acnt41484,Intuit@!123,LRRUE
icpprf_acnt41485,Intuit@!123,NSZWO
icpprf_acnt41486,Intuit@!123,NWSRQ
icpprf_acnt41487,Intuit@!123,LOCDH
icpprf_acnt41488,Intuit@!123,OOIYQ
icpprf_acnt41489,Intuit@!123,YHLSF
icpprf_acnt41490,Intuit@!123,HIPWS
icpprf_acnt41491,Intuit@!123,MFRNT
icpprf_acnt41492,Intuit@!123,DACKD
icpprf_acnt41493,Intuit@!123,JIXPA
icpprf_acnt41494,Intuit@!123,OYBQS
icpprf_acnt41495,Intuit@!123,MMOHS
icpprf_acnt41496,Intuit@!123,PSYKB
icpprf_acnt41497,Intuit@!123,YIZWT
icpprf_acnt41498,Intuit@!123,MQJUB
icpprf_acnt41499,Intuit@!123,KGDXA
icpprf_acnt41500,Intuit@!123,GRHRE
icpprf_acnt41501,Intuit@!123,IBYOF
icpprf_acnt41502,Intuit@!123,BFDOX
icpprf_acnt41503,Intuit@!123,NJBRW
icpprf_acnt41504,Intuit@!123,RCTIO
icpprf_acnt41505,Intuit@!123,QDONL
icpprf_acnt41506,Intuit@!123,VGZXY
icpprf_acnt41507,Intuit@!123,BZARG
icpprf_acnt41508,Intuit@!123,ZBHLL
icpprf_acnt41509,Intuit@!123,KSAZV
icpprf_acnt41510,Intuit@!123,PXLIV
icpprf_acnt41511,Intuit@!123,FOADH
icpprf_acnt41512,Intuit@!123,DYTQD
icpprf_acnt41513,Intuit@!123,VUXEP
icpprf_acnt41514,Intuit@!123,UVFCE
icpprf_acnt41515,Intuit@!123,VRFRW
icpprf_acnt41516,Intuit@!123,BAZVN
icpprf_acnt41517,Intuit@!123,MHANR
icpprf_acnt41518,Intuit@!123,JPKPE
icpprf_acnt41519,Intuit@!123,JYOMC
icpprf_acnt41520,Intuit@!123,VDRZC
icpprf_acnt41521,Intuit@!123,VYESY
icpprf_acnt41522,Intuit@!123,BRMIK
icpprf_acnt41523,Intuit@!123,UXIKP
icpprf_acnt41524,Intuit@!123,ZTQBP
icpprf_acnt41525,Intuit@!123,GHBSH
icpprf_acnt41526,Intuit@!123,SOIYI
icpprf_acnt41527,Intuit@!123,XGFDA
icpprf_acnt41528,Intuit@!123,LJXKE
icpprf_acnt41529,Intuit@!123,FIAAU
icpprf_acnt41530,Intuit@!123,LRQEJ
icpprf_acnt41531,Intuit@!123,ZYDFZ
icpprf_acnt41532,Intuit@!123,JPYNL
icpprf_acnt41533,Intuit@!123,BQMLH
icpprf_acnt41534,Intuit@!123,KJUAO
icpprf_acnt41535,Intuit@!123,WDGJI
icpprf_acnt41536,Intuit@!123,YQSLL
icpprf_acnt41537,Intuit@!123,LRUGV
icpprf_acnt41538,Intuit@!123,AXTTF
icpprf_acnt41539,Intuit@!123,DHYSK
icpprf_acnt41540,Intuit@!123,GCMWK
icpprf_acnt41541,Intuit@!123,BXIEI
icpprf_acnt41542,Intuit@!123,DBBFQ
icpprf_acnt41543,Intuit@!123,UTUSE
icpprf_acnt41544,Intuit@!123,TBKPF
icpprf_acnt41545,Intuit@!123,CVQFQ
icpprf_acnt41546,Intuit@!123,UVLBO
icpprf_acnt41547,Intuit@!123,HENNS
icpprf_acnt41548,Intuit@!123,UUEED
icpprf_acnt41549,Intuit@!123,RVSUF
icpprf_acnt41550,Intuit@!123,RFNXO
icpprf_acnt41551,Intuit@!123,TBVXE
icpprf_acnt41552,Intuit@!123,JXLVG
icpprf_acnt41553,Intuit@!123,NGVAB
icpprf_acnt41554,Intuit@!123,STMCW
icpprf_acnt41555,Intuit@!123,KFKDC
icpprf_acnt41556,Intuit@!123,VXMMW
icpprf_acnt41557,Intuit@!123,FHWOZ
icpprf_acnt41558,Intuit@!123,OFOVS
icpprf_acnt41559,Intuit@!123,VUHVI
icpprf_acnt41560,Intuit@!123,AIDHS
icpprf_acnt41561,Intuit@!123,IVZCN
icpprf_acnt41562,Intuit@!123,PVHSG
icpprf_acnt41563,Intuit@!123,EGTND
icpprf_acnt41564,Intuit@!123,CPKEY
icpprf_acnt41565,Intuit@!123,USPTI
icpprf_acnt41566,Intuit@!123,IXXNF
icpprf_acnt41567,Intuit@!123,OXKQW
icpprf_acnt41568,Intuit@!123,WMJPA
icpprf_acnt41569,Intuit@!123,WPLJA
icpprf_acnt41570,Intuit@!123,GOIDR
icpprf_acnt41571,Intuit@!123,QZMQW
icpprf_acnt41572,Intuit@!123,QPYOM
icpprf_acnt41573,Intuit@!123,XDSID
icpprf_acnt41574,Intuit@!123,CZWHV
icpprf_acnt41575,Intuit@!123,GOUIP
icpprf_acnt41576,Intuit@!123,BQDKC
icpprf_acnt41577,Intuit@!123,UUGVA
icpprf_acnt41578,Intuit@!123,UVEMR
icpprf_acnt41579,Intuit@!123,AHADA
icpprf_acnt41580,Intuit@!123,SFNZG
icpprf_acnt41581,Intuit@!123,HBOZL
icpprf_acnt41582,Intuit@!123,QADXT
icpprf_acnt41583,Intuit@!123,CGNNP
icpprf_acnt41584,Intuit@!123,XXPVE
icpprf_acnt41585,Intuit@!123,FVYMC
icpprf_acnt41586,Intuit@!123,AJAWF
icpprf_acnt41587,Intuit@!123,KMLGQ
icpprf_acnt41588,Intuit@!123,RFNZI
icpprf_acnt41589,Intuit@!123,EZXZB
icpprf_acnt41590,Intuit@!123,AYUFI
icpprf_acnt41591,Intuit@!123,TDORZ
icpprf_acnt41592,Intuit@!123,BWVFJ
icpprf_acnt41593,Intuit@!123,SLOMG
icpprf_acnt41594,Intuit@!123,RDEVC
icpprf_acnt41595,Intuit@!123,RXHIH
icpprf_acnt41596,Intuit@!123,OQSTE
icpprf_acnt41597,Intuit@!123,ZXHZS
icpprf_acnt41598,Intuit@!123,SUKVT
icpprf_acnt41599,Intuit@!123,HWQTF
icpprf_acnt41600,Intuit@!123,RBSWW
icpprf_acnt41601,Intuit@!123,QJKSP
icpprf_acnt41602,Intuit@!123,DRDJF
icpprf_acnt41603,Intuit@!123,LFNYX
icpprf_acnt41604,Intuit@!123,RETSO
icpprf_acnt41605,Intuit@!123,SXQGR
icpprf_acnt41606,Intuit@!123,CCAZE
icpprf_acnt41607,Intuit@!123,ZSZAX
icpprf_acnt41608,Intuit@!123,HFHJJ
icpprf_acnt41609,Intuit@!123,WQWYB
icpprf_acnt41610,Intuit@!123,TKGJV
icpprf_acnt41611,Intuit@!123,PFJRE
icpprf_acnt41612,Intuit@!123,MVQAX
icpprf_acnt41613,Intuit@!123,SLHHI
icpprf_acnt41614,Intuit@!123,UYPRB
icpprf_acnt41615,Intuit@!123,HTFBC
icpprf_acnt41616,Intuit@!123,IDWXN
icpprf_acnt41617,Intuit@!123,WPBYY
icpprf_acnt41618,Intuit@!123,LWRJT
icpprf_acnt41619,Intuit@!123,DBMLQ
icpprf_acnt41620,Intuit@!123,FVUUS
icpprf_acnt41621,Intuit@!123,ZVIBP
icpprf_acnt41622,Intuit@!123,JHISS
icpprf_acnt41623,Intuit@!123,QNGZP
icpprf_acnt41624,Intuit@!123,CZKIP
icpprf_acnt41625,Intuit@!123,CVJQF
icpprf_acnt41626,Intuit@!123,EMWAL
icpprf_acnt41627,Intuit@!123,DAJPB
icpprf_acnt41628,Intuit@!123,TQELW
icpprf_acnt41629,Intuit@!123,VAZCA
icpprf_acnt41630,Intuit@!123,SICLO
icpprf_acnt41631,Intuit@!123,MWJMG
icpprf_acnt41632,Intuit@!123,SJOBP
icpprf_acnt41633,Intuit@!123,OXPHR
icpprf_acnt41634,Intuit@!123,SJJLP
icpprf_acnt41635,Intuit@!123,YGZBY
icpprf_acnt41636,Intuit@!123,KBDBQ
icpprf_acnt41637,Intuit@!123,GFSKU
icpprf_acnt41638,Intuit@!123,RSALR
icpprf_acnt41639,Intuit@!123,SFGQJ
icpprf_acnt41640,Intuit@!123,KWJVY
icpprf_acnt41641,Intuit@!123,AICXE
icpprf_acnt41642,Intuit@!123,MWLHI
icpprf_acnt41643,Intuit@!123,EIVLQ
icpprf_acnt41644,Intuit@!123,PELJI
icpprf_acnt41645,Intuit@!123,KZXOQ
icpprf_acnt41646,Intuit@!123,VWZHC
icpprf_acnt41647,Intuit@!123,LFKBJ
icpprf_acnt41648,Intuit@!123,UBQCX
icpprf_acnt41649,Intuit@!123,VCHEX
icpprf_acnt41650,Intuit@!123,GYORQ
icpprf_acnt41651,Intuit@!123,VWWJS
icpprf_acnt41652,Intuit@!123,EWHFV
icpprf_acnt41653,Intuit@!123,MTMYQ
icpprf_acnt41654,Intuit@!123,WXFCX
icpprf_acnt41655,Intuit@!123,RYLCQ
icpprf_acnt41656,Intuit@!123,XHRZY
icpprf_acnt41657,Intuit@!123,CZPYG
icpprf_acnt41658,Intuit@!123,YIVHZ
icpprf_acnt41659,Intuit@!123,DTTRF
icpprf_acnt41660,Intuit@!123,WBDSK
icpprf_acnt41661,Intuit@!123,BPBLI
icpprf_acnt41662,Intuit@!123,ISATY
icpprf_acnt41663,Intuit@!123,IGENB
icpprf_acnt41664,Intuit@!123,SKIPO
icpprf_acnt41665,Intuit@!123,DRTWW
icpprf_acnt41666,Intuit@!123,VRHKX
icpprf_acnt41667,Intuit@!123,XXEYR
icpprf_acnt41668,Intuit@!123,ASOMD
icpprf_acnt41669,Intuit@!123,XBFXT
icpprf_acnt41670,Intuit@!123,YTGGJ
icpprf_acnt41671,Intuit@!123,GLGEM
icpprf_acnt41672,Intuit@!123,IDOWG
icpprf_acnt41673,Intuit@!123,DMQCX
icpprf_acnt41674,Intuit@!123,JKKKQ
icpprf_acnt41675,Intuit@!123,DDJGS
icpprf_acnt41676,Intuit@!123,KIUUK
icpprf_acnt41677,Intuit@!123,YMJRL
icpprf_acnt41678,Intuit@!123,BJECB
icpprf_acnt41679,Intuit@!123,AVVKD
icpprf_acnt41680,Intuit@!123,XZGHD
icpprf_acnt41681,Intuit@!123,ZWCVS
icpprf_acnt41682,Intuit@!123,LQCTB
icpprf_acnt41683,Intuit@!123,HUFXO
icpprf_acnt41684,Intuit@!123,EXQRE
icpprf_acnt41685,Intuit@!123,OGOXS
icpprf_acnt41686,Intuit@!123,JMZHP
icpprf_acnt41687,Intuit@!123,LEZQW
icpprf_acnt41688,Intuit@!123,PTCLQ
icpprf_acnt41689,Intuit@!123,EEOIV
icpprf_acnt41690,Intuit@!123,JAWZG
icpprf_acnt41691,Intuit@!123,ZAJKU
icpprf_acnt41692,Intuit@!123,MWBTV
icpprf_acnt41693,Intuit@!123,GNILI
icpprf_acnt41694,Intuit@!123,QJJZN
icpprf_acnt41695,Intuit@!123,JCINK
icpprf_acnt41696,Intuit@!123,OTJIT
icpprf_acnt41697,Intuit@!123,DCFLH
icpprf_acnt41698,Intuit@!123,SPRLI
icpprf_acnt41699,Intuit@!123,CMFLI
icpprf_acnt41700,Intuit@!123,XJRFS
icpprf_acnt41701,Intuit@!123,NMBTQ
icpprf_acnt41702,Intuit@!123,DIHLL
icpprf_acnt41703,Intuit@!123,RABME
icpprf_acnt41704,Intuit@!123,CPKMQ
icpprf_acnt41705,Intuit@!123,WJOBT
icpprf_acnt41706,Intuit@!123,WTRSX
icpprf_acnt41707,Intuit@!123,PTKOU
icpprf_acnt41708,Intuit@!123,ORXSR
icpprf_acnt41709,Intuit@!123,VDIEG
icpprf_acnt41710,Intuit@!123,ALSFF
icpprf_acnt41711,Intuit@!123,BFPQM
icpprf_acnt41712,Intuit@!123,KONXZ
icpprf_acnt41713,Intuit@!123,ETKXE
icpprf_acnt41714,Intuit@!123,KCUPS
icpprf_acnt41715,Intuit@!123,FILGP
icpprf_acnt41716,Intuit@!123,MZQPM
icpprf_acnt41717,Intuit@!123,NHVLW
icpprf_acnt41718,Intuit@!123,MGBET
icpprf_acnt41719,Intuit@!123,IZJNW
icpprf_acnt41720,Intuit@!123,AXZKG
icpprf_acnt41721,Intuit@!123,ORTTU
icpprf_acnt41722,Intuit@!123,AUDBH
icpprf_acnt41723,Intuit@!123,FXSEG
icpprf_acnt41724,Intuit@!123,YAGYZ
icpprf_acnt41725,Intuit@!123,IRTAK
icpprf_acnt41726,Intuit@!123,TAPNM
icpprf_acnt41727,Intuit@!123,CACRS
icpprf_acnt41728,Intuit@!123,PRNCC
icpprf_acnt41729,Intuit@!123,VSMDB
icpprf_acnt41730,Intuit@!123,UVEMS
icpprf_acnt41731,Intuit@!123,GPJJP
icpprf_acnt41732,Intuit@!123,LUUAT
icpprf_acnt41733,Intuit@!123,YSXUN
icpprf_acnt41734,Intuit@!123,SBUHT
icpprf_acnt41735,Intuit@!123,DOTYZ
icpprf_acnt41736,Intuit@!123,JZZWH
icpprf_acnt41737,Intuit@!123,BYFMY
icpprf_acnt41738,Intuit@!123,PAJKD
icpprf_acnt41739,Intuit@!123,FERBA
icpprf_acnt41740,Intuit@!123,VREQN
icpprf_acnt41741,Intuit@!123,AFBKS
icpprf_acnt41742,Intuit@!123,DUQGD
icpprf_acnt41743,Intuit@!123,TXLXT
icpprf_acnt41744,Intuit@!123,CMLGQ
icpprf_acnt41745,Intuit@!123,FHJUY
icpprf_acnt41746,Intuit@!123,JLZNH
icpprf_acnt41747,Intuit@!123,RFWAA
icpprf_acnt41748,Intuit@!123,VWBMS
icpprf_acnt41749,Intuit@!123,AYPNR
icpprf_acnt41750,Intuit@!123,MWRAU
icpprf_acnt41751,Intuit@!123,BFNRA
icpprf_acnt41752,Intuit@!123,FUCFV
icpprf_acnt41753,Intuit@!123,VQFBG
icpprf_acnt41754,Intuit@!123,ABPDK
icpprf_acnt41755,Intuit@!123,VTSEQ
icpprf_acnt41756,Intuit@!123,XXLRF
icpprf_acnt41757,Intuit@!123,LTLXD
icpprf_acnt41758,Intuit@!123,RFCBK
icpprf_acnt41759,Intuit@!123,ADBAY
icpprf_acnt41760,Intuit@!123,LDAHX
icpprf_acnt41761,Intuit@!123,SVBKO
icpprf_acnt41762,Intuit@!123,PKBEU
icpprf_acnt41763,Intuit@!123,TGKUV
icpprf_acnt41764,Intuit@!123,XKWEQ
icpprf_acnt41765,Intuit@!123,XUXZS
icpprf_acnt41766,Intuit@!123,VIRBJ
icpprf_acnt41767,Intuit@!123,QZTKK
icpprf_acnt41768,Intuit@!123,NWBQD
icpprf_acnt41769,Intuit@!123,DJGOJ
icpprf_acnt41770,Intuit@!123,BBRLL
icpprf_acnt41771,Intuit@!123,CAYHF
icpprf_acnt41772,Intuit@!123,IEEJO
icpprf_acnt41773,Intuit@!123,MFALE
icpprf_acnt41774,Intuit@!123,YXSBB
icpprf_acnt41775,Intuit@!123,BHQQK
icpprf_acnt41776,Intuit@!123,LFIGJ
icpprf_acnt41777,Intuit@!123,EGHGE
icpprf_acnt41778,Intuit@!123,VFNLE
icpprf_acnt41779,Intuit@!123,NDTDH
icpprf_acnt41780,Intuit@!123,IWPLG
icpprf_acnt41781,Intuit@!123,VDUHY
icpprf_acnt41782,Intuit@!123,VFQXV
icpprf_acnt41783,Intuit@!123,UMVFA
icpprf_acnt41784,Intuit@!123,EUJGZ
icpprf_acnt41785,Intuit@!123,HUGIN
icpprf_acnt41786,Intuit@!123,FZSHW
icpprf_acnt41787,Intuit@!123,IHPVA
icpprf_acnt41788,Intuit@!123,AABWI
icpprf_acnt41789,Intuit@!123,ZOFWT
icpprf_acnt41790,Intuit@!123,QQGOQ
icpprf_acnt41791,Intuit@!123,QTBYU
icpprf_acnt41792,Intuit@!123,OMBOT
icpprf_acnt41793,Intuit@!123,KTTAQ
icpprf_acnt41794,Intuit@!123,MOAEM
icpprf_acnt41795,Intuit@!123,OQFMB
icpprf_acnt41796,Intuit@!123,BLQED
icpprf_acnt41797,Intuit@!123,QLDEA
icpprf_acnt41798,Intuit@!123,COYEU
icpprf_acnt41799,Intuit@!123,HWGRS
icpprf_acnt41800,Intuit@!123,TQZUT
icpprf_acnt41801,Intuit@!123,KVRCO
icpprf_acnt41802,Intuit@!123,EIYUO
icpprf_acnt41803,Intuit@!123,BTBEP
icpprf_acnt41804,Intuit@!123,YATKV
icpprf_acnt41805,Intuit@!123,SNGRJ
icpprf_acnt41806,Intuit@!123,PZMRS
icpprf_acnt41807,Intuit@!123,ZZJFI
icpprf_acnt41808,Intuit@!123,SOCKI
icpprf_acnt41809,Intuit@!123,ZYECR
icpprf_acnt41810,Intuit@!123,QQAOS
icpprf_acnt41811,Intuit@!123,BMJGR
icpprf_acnt41812,Intuit@!123,UMFAZ
icpprf_acnt41813,Intuit@!123,ZQQOZ
icpprf_acnt41814,Intuit@!123,RNNVO
icpprf_acnt41815,Intuit@!123,HXYKB
icpprf_acnt41816,Intuit@!123,ROJFV
icpprf_acnt41817,Intuit@!123,HWTIM
icpprf_acnt41818,Intuit@!123,QSJCF
icpprf_acnt41819,Intuit@!123,JAGAB
icpprf_acnt41820,Intuit@!123,ULQWV
icpprf_acnt41821,Intuit@!123,PNEIF
icpprf_acnt41822,Intuit@!123,ZMABD
icpprf_acnt41823,Intuit@!123,PARLZ
icpprf_acnt41824,Intuit@!123,VWGHG
icpprf_acnt41825,Intuit@!123,PTAPF
icpprf_acnt41826,Intuit@!123,EXQFV
icpprf_acnt41827,Intuit@!123,PZKRZ
icpprf_acnt41828,Intuit@!123,MYUMI
icpprf_acnt41829,Intuit@!123,VGJNJ
icpprf_acnt41830,Intuit@!123,ODJMU
icpprf_acnt41831,Intuit@!123,IBPRO
icpprf_acnt41832,Intuit@!123,IMEZI
icpprf_acnt41833,Intuit@!123,CXOLZ
icpprf_acnt41834,Intuit@!123,QQDFI
icpprf_acnt41835,Intuit@!123,NTZZI
icpprf_acnt41836,Intuit@!123,QNSML
icpprf_acnt41837,Intuit@!123,VAPWK
icpprf_acnt41838,Intuit@!123,BFXHE
icpprf_acnt41839,Intuit@!123,TBPHV
icpprf_acnt41840,Intuit@!123,DFUAM
icpprf_acnt41841,Intuit@!123,NGQHK
icpprf_acnt41842,Intuit@!123,JKBPD
icpprf_acnt41843,Intuit@!123,QYJHS
icpprf_acnt41844,Intuit@!123,YTXPG
icpprf_acnt41845,Intuit@!123,JJVSZ
icpprf_acnt41846,Intuit@!123,ISOJF
icpprf_acnt41847,Intuit@!123,JUZRC
icpprf_acnt41848,Intuit@!123,IIOOK
icpprf_acnt41849,Intuit@!123,GYTUI
icpprf_acnt41850,Intuit@!123,QHIVS
icpprf_acnt41851,Intuit@!123,URLZW
icpprf_acnt41852,Intuit@!123,CUVHG
icpprf_acnt41853,Intuit@!123,CBANH
icpprf_acnt41854,Intuit@!123,SSEOG
icpprf_acnt41855,Intuit@!123,IQZMH
icpprf_acnt41856,Intuit@!123,AUCPD
icpprf_acnt41857,Intuit@!123,ANJRL
icpprf_acnt41858,Intuit@!123,AESFN
icpprf_acnt41859,Intuit@!123,RMVET
icpprf_acnt41860,Intuit@!123,HYNNB
icpprf_acnt41861,Intuit@!123,MDTYG
icpprf_acnt41862,Intuit@!123,NCSSN
icpprf_acnt41863,Intuit@!123,EDCDQ
icpprf_acnt41864,Intuit@!123,NKOOM
icpprf_acnt41865,Intuit@!123,OCFBG
icpprf_acnt41866,Intuit@!123,HTFKQ
icpprf_acnt41867,Intuit@!123,GQZCQ
icpprf_acnt41868,Intuit@!123,OJURF
icpprf_acnt41869,Intuit@!123,WHDEK
icpprf_acnt41870,Intuit@!123,DSPQB
icpprf_acnt41871,Intuit@!123,EZIRB
icpprf_acnt41872,Intuit@!123,SAAKC
icpprf_acnt41873,Intuit@!123,LTHYC
icpprf_acnt41874,Intuit@!123,YYATK
icpprf_acnt41875,Intuit@!123,OLKII
icpprf_acnt41876,Intuit@!123,KVOSS
icpprf_acnt41877,Intuit@!123,GINSL
icpprf_acnt41878,Intuit@!123,FHNXN
icpprf_acnt41879,Intuit@!123,UCNFP
icpprf_acnt41880,Intuit@!123,BVNHT
icpprf_acnt41881,Intuit@!123,NEMZR
icpprf_acnt41882,Intuit@!123,KJDRJ
icpprf_acnt41883,Intuit@!123,SRLPS
icpprf_acnt41884,Intuit@!123,FPODS
icpprf_acnt41885,Intuit@!123,JGYKJ
icpprf_acnt41886,Intuit@!123,MXAPV
icpprf_acnt41887,Intuit@!123,MDMGS
icpprf_acnt41888,Intuit@!123,UTNJU
icpprf_acnt41889,Intuit@!123,PIEEI
icpprf_acnt41890,Intuit@!123,PLQFI
icpprf_acnt41891,Intuit@!123,SQHEX
icpprf_acnt41892,Intuit@!123,HHBXO
icpprf_acnt41893,Intuit@!123,MPXPP
icpprf_acnt41894,Intuit@!123,PGMLQ
icpprf_acnt41895,Intuit@!123,KXTDV
icpprf_acnt41896,Intuit@!123,CRDZR
icpprf_acnt41897,Intuit@!123,YUEZL
icpprf_acnt41898,Intuit@!123,JCBSB
icpprf_acnt41899,Intuit@!123,NXYUP
icpprf_acnt41900,Intuit@!123,MPHXN
icpprf_acnt41901,Intuit@!123,ACEIN
icpprf_acnt41902,Intuit@!123,ATQFV
icpprf_acnt41903,Intuit@!123,GTSIZ
icpprf_acnt41904,Intuit@!123,GXNLI
icpprf_acnt41905,Intuit@!123,QWQEE
icpprf_acnt41906,Intuit@!123,QYXBG
icpprf_acnt41907,Intuit@!123,MXIDK
icpprf_acnt41908,Intuit@!123,DQHEK
icpprf_acnt41909,Intuit@!123,PEQYW
icpprf_acnt41910,Intuit@!123,CMLFY
icpprf_acnt41911,Intuit@!123,RJYNC
icpprf_acnt41912,Intuit@!123,LQZPT
icpprf_acnt41913,Intuit@!123,DCXFZ
icpprf_acnt41914,Intuit@!123,DVPGT
icpprf_acnt41915,Intuit@!123,NNVYA
icpprf_acnt41916,Intuit@!123,WBVAR
icpprf_acnt41917,Intuit@!123,PSOQJ
icpprf_acnt41918,Intuit@!123,MLMZT
icpprf_acnt41919,Intuit@!123,VTPDN
icpprf_acnt41920,Intuit@!123,RZXKN
icpprf_acnt41921,Intuit@!123,XWELM
icpprf_acnt41922,Intuit@!123,GOVBB
icpprf_acnt41923,Intuit@!123,VBORP
icpprf_acnt41924,Intuit@!123,LEOTD
icpprf_acnt41925,Intuit@!123,FTGWC
icpprf_acnt41926,Intuit@!123,URXJS
icpprf_acnt41927,Intuit@!123,TDGYP
icpprf_acnt41928,Intuit@!123,DYKJM
icpprf_acnt41929,Intuit@!123,OSJIH
icpprf_acnt41930,Intuit@!123,ADVDB
icpprf_acnt41931,Intuit@!123,ATFWL
icpprf_acnt41932,Intuit@!123,EHJJQ
icpprf_acnt41933,Intuit@!123,VORXL
icpprf_acnt41934,Intuit@!123,IKPFZ
icpprf_acnt41935,Intuit@!123,FKQWF
icpprf_acnt41936,Intuit@!123,TYAFL
icpprf_acnt41937,Intuit@!123,JVZMX
icpprf_acnt41938,Intuit@!123,CDJTE
icpprf_acnt41939,Intuit@!123,XFPPI
icpprf_acnt41940,Intuit@!123,WLUPI
icpprf_acnt41941,Intuit@!123,CJTIX
icpprf_acnt41942,Intuit@!123,RDGJU
icpprf_acnt41943,Intuit@!123,NQNWM
icpprf_acnt41944,Intuit@!123,QZUPN
icpprf_acnt41945,Intuit@!123,DVVGR
icpprf_acnt41946,Intuit@!123,UTFAP
icpprf_acnt41947,Intuit@!123,BWVHL
icpprf_acnt41948,Intuit@!123,NLKKO
icpprf_acnt41949,Intuit@!123,QIOMA
icpprf_acnt41950,Intuit@!123,SOLTD
icpprf_acnt41951,Intuit@!123,ELKSD
icpprf_acnt41952,Intuit@!123,ORQYO
icpprf_acnt41953,Intuit@!123,HSXUZ
icpprf_acnt41954,Intuit@!123,RLTRF
icpprf_acnt41955,Intuit@!123,LNATV
icpprf_acnt41956,Intuit@!123,PQQMW
icpprf_acnt41957,Intuit@!123,PMAUH
icpprf_acnt41958,Intuit@!123,JJZLW
icpprf_acnt41959,Intuit@!123,OAURE
icpprf_acnt41960,Intuit@!123,CGQGY
icpprf_acnt41961,Intuit@!123,JCNYS
icpprf_acnt41962,Intuit@!123,WROEV
icpprf_acnt41963,Intuit@!123,NEWEV
icpprf_acnt41964,Intuit@!123,TVORF
icpprf_acnt41965,Intuit@!123,QYTPS
icpprf_acnt41966,Intuit@!123,CEEQR
icpprf_acnt41967,Intuit@!123,IYNZM
icpprf_acnt41968,Intuit@!123,AECKA
icpprf_acnt41969,Intuit@!123,TRUEV
icpprf_acnt41970,Intuit@!123,ALUDL
icpprf_acnt41971,Intuit@!123,UWWEQ
icpprf_acnt41972,Intuit@!123,IFTCB
icpprf_acnt41973,Intuit@!123,NPZCU
icpprf_acnt41974,Intuit@!123,GVUQV
icpprf_acnt41975,Intuit@!123,SWQCW
icpprf_acnt41976,Intuit@!123,ECUAQ
icpprf_acnt41977,Intuit@!123,FAJIE
icpprf_acnt41978,Intuit@!123,RUJPE
icpprf_acnt41979,Intuit@!123,GEEWT
icpprf_acnt41980,Intuit@!123,WIDGZ
icpprf_acnt41981,Intuit@!123,JPMYX
icpprf_acnt41982,Intuit@!123,KQAQP
icpprf_acnt41983,Intuit@!123,QYGXX
icpprf_acnt41984,Intuit@!123,DBHPO
icpprf_acnt41985,Intuit@!123,JGKNL
icpprf_acnt41986,Intuit@!123,PUVHF
icpprf_acnt41987,Intuit@!123,FECCD
icpprf_acnt41988,Intuit@!123,MYVDZ
icpprf_acnt41989,Intuit@!123,EAQMW
icpprf_acnt41990,Intuit@!123,TCSGA
icpprf_acnt41991,Intuit@!123,QDFMP
icpprf_acnt41992,Intuit@!123,HGGMK
icpprf_acnt41993,Intuit@!123,NXRRN
icpprf_acnt41994,Intuit@!123,MWBLI
icpprf_acnt41995,Intuit@!123,CSTEO
icpprf_acnt41996,Intuit@!123,SXEPT
icpprf_acnt41997,Intuit@!123,XXOEX
icpprf_acnt41998,Intuit@!123,DKTQO
icpprf_acnt41999,Intuit@!123,FBRXW