icp_tta_prf3_iamtestpass_user1,Intuit@!123,icp_tta_prf3_iamtestpass_user1@blackhole.intuit.com,9849925247714110,visa,FRANK,ESPINOZA,KEVIN,1240 NE 175TH  ST C,SHORELINE,WA,98155,3606306865,cc-2f49c468-47f8-4b78-9533-3bef7eb7a0dd,1267160295,9849925247714211,visa,ELIZABETH,HALL,AMANDA,302 S LAKE  ST ,AURORA,IL,60506,3313544122,cc-7bce927e-c430-4c0a-846c-9828860f9b80,1267160300
icp_tta_prf3_iamtestpass_user2,Intuit@!123,icp_tta_prf3_iamtestpass_user2@blackhole.intuit.com,9849925247714111,visa,THEODORE,GRIEGO,RICHARD,3433  PINEHURST ACRES   ,LENOIR,NC,28645,9103868927,cc-c43cf757-c914-4ba8-9e8d-30d150d4ed1a,1267160385,9849925247714212,visa,ROBERT,HAWKINS,JAMES,31902  SUNSET  AVE ,LAGUNA BEACH,CA,92651,6575299243,cc-4296d87b-6e0b-497e-9765-c9f48cb3f91b,1267160390
icp_tta_prf3_iamtestpass_user3,Intuit@!123,icp_tta_prf3_iamtestpass_user3@blackhole.intuit.com,9849925247714112,visa,JUNE,CHILDERS,BEATRICE,89  TOBEY  CT ,PITTSFORD,NY,14534,7162602254,cc-4d0ecb83-ef52-4b07-96cd-5bb915931559,1267160395,9849925247714213,visa,JERRY,SPENCER,BARRY,2  RURAL ROUTE   179,CHILLICOTHE,TX,79225,2543601763,cc-0e476439-3357-47e1-b547-204cc3ba9656,1267160405
icp_tta_prf3_iamtestpass_user4,Intuit@!123,icp_tta_prf3_iamtestpass_user4@blackhole.intuit.com,9849925247714113,visa,TERESA,MOYE,KIMBERLY,1710  ARBOR  LN 304,CREST HILL,IL,60435,3093745662,cc-e6b1fad2-c077-4cee-80ec-e79186fd5ec9,1267160410,9849925247714214,visa,CLAY,MORALES,GABRIEL,3001 W BIG BEAVER  RD 116,TROY,MI,48084,9065055033,cc-4938ee4f-3044-4189-8afd-3d89a3660762,1267160400
icp_tta_prf3_iamtestpass_user5,Intuit@!123,icp_tta_prf3_iamtestpass_user5@blackhole.intuit.com,9849925247714114,visa,FANNIE,MCNEIL,AMELIA,5235 S WARNER  ST C3,TACOMA,WA,98409,2064816982,cc-93c36d79-877d-401a-baf9-c37bfb288afb,1267160415,9849925247714215,visa,SHEILA,RIVERA,JUDITH,5016  TEXAS  AVE 7,TEXAS CITY,TX,77591,4695058026,cc-5de087ca-6129-456c-b44f-9ebbe7bfce22,1267160420
icp_tta_prf3_iamtestpass_user6,Intuit@!123,icp_tta_prf3_iamtestpass_user6@blackhole.intuit.com,9849925247714115,visa,SETH,STINSON,RICHARD,251 S 16TH  ST A,PHILADELPHIA,PA,19102,8358949979,cc-ad910bba-922d-4fe5-bd83-9c5878d38861,1267160425,9849925247714216,visa,BRIAN,TRIAS,DEREK,1601 W NORFOLK  AVE 3,NORFOLK,NE,68701,3087489405,cc-f963e5b0-af4f-48bc-93f8-4098c22366d1,1267160430
icp_tta_prf3_iamtestpass_user7,Intuit@!123,icp_tta_prf3_iamtestpass_user7@blackhole.intuit.com,9849925247714116,visa,DONALD,RODRIGUEZ,CLARENCE,8930  OAK HILLS  AVE ,BAKERSFIELD,CA,93312,5307450109,cc-8eb97504-e68a-4cac-9d85-18d83d9d73ee,1267160505,9849925247714217,visa,LOIS,FALLIS,PEARL,455  ADOBE  ST ,LAKE ELSINORE,CA,92530,6286680312,cc-4573bc8f-621c-4780-8485-3564e4cffd74,1267160435
icp_tta_prf3_iamtestpass_user8,Intuit@!123,icp_tta_prf3_iamtestpass_user8@blackhole.intuit.com,9849925247714117,visa,CATHERINE,CLARK,JERRY,2572  ELDRON SE BLVD ,PALM BAY,FL,32909,8634526560,cc-bf91eb40-6a0d-4c94-9add-d284b9d9eec4,1267160440,9849925247714218,visa,JULIO,BOOTH,JASON,14552  222ND  ST ,SPRINGFIELD GARDENS,NY,11413,5853593213,cc-f6a6e596-cef9-40f3-b5f5-2162faf576a4,1267160445
icp_tta_prf3_iamtestpass_user9,Intuit@!123,icp_tta_prf3_iamtestpass_user9@blackhole.intuit.com,9849925247714118,visa,JAMES,ENLOW,JAMES,350  EVANS  DR ,FALKVILLE,AL,35622,3346739913,cc-ee7fd910-7312-4a94-9779-621d58ca744a,1267160510,9849925247714219,visa,HAZEL,LAZZARI,EMILY,3  RURAL ROUTE   147D,OVERTON,TX,75684,5127282680,cc-6d4f2ab4-4745-430e-989b-08175fb4f7ca,1267160450
icp_tta_prf3_iamtestpass_user10,Intuit@!123,icp_tta_prf3_iamtestpass_user10@blackhole.intuit.com,9849925247714119,visa,GLENN,PROVENCAL,DANNY,1307 E CHURCH  ST ,MONROE,GA,30655,2299191237,cc-4e446560-2093-47bb-97fe-34f1b0d84999,1267160455,9849925247714220,visa,DAVID,SCHAEFER,VICTOR,5601  AVALON  DR ,WEYMOUTH,MA,02188,5089618507,cc-2379d1d6-aa53-4096-86d0-c9b349345035,1267160460
icp_tta_prf3_iamtestpass_user11,Intuit@!123,icp_tta_prf3_iamtestpass_user11@blackhole.intuit.com,9849925247714120,visa,PAUL,HUHN,EMERSON,3317  BUCKVALLEY  DR ,CHARLOTTE,NC,28214,8284710147,cc-3ba20f85-7347-48bd-b648-2db9d430861a,1267160465,9849925247714221,visa,LAWRENCE,GREENE,ALONZO,2126  FOUR SEASONS  VL 3164,HILTON HEAD ISLAND,SC,29928,8439409931,cc-afa8861c-cf83-44bd-a8db-72839883b0dd,1267160515
icp_tta_prf3_iamtestpass_user12,Intuit@!123,icp_tta_prf3_iamtestpass_user12@blackhole.intuit.com,9849925247714121,visa,STEVEN,CASARES,LARRY,1  NORMANDY VILLAGE   ,NANUET,NY,10954,7189112353,cc-7cf38d04-d410-4eb5-8ec1-3d2da9a37bba,1267160520,9849925247714222,visa,STEVEN,TREVINO,ALBERT,6258  SULPHUR SPRINGS  RD ,MONTGOMERY,PA,17752,6107382137,cc-067dfa03-27ee-401e-a525-fbbccc216d11,1267160470
icp_tta_prf3_iamtestpass_user13,Intuit@!123,icp_tta_prf3_iamtestpass_user13@blackhole.intuit.com,9849925247714122,visa,DORA,RUTLEDGE,ELIZABETH,4258  38TH N AVE ,SAINT PETERSBURG,FL,33713,7723755050,cc-9b7d700e-4052-4037-92a1-827ae9d2ae58,1267160525,9849925247714223,visa,BRUCE,LEE,DOYLE,1421  DALTON  ST ,POCAHONTAS,AR,72455,8003452793,cc-037d3c6c-ef5a-4db5-b030-82c85702779e,1267160530
icp_tta_prf3_iamtestpass_user14,Intuit@!123,icp_tta_prf3_iamtestpass_user14@blackhole.intuit.com,9849925247714123,visa,LOUIS,DELEON,LAWRENCE,4802  THOMAS PAINE  CIR ,SCOTT AIR FORCE BASE,IL,62225,8473327815,cc-4f6ac492-ba06-423d-8fad-32bb76a6cb1c,1267160535,9849925247714224,visa,JACK,SCOTT,CLARENCE,102  HAMILTON  CT ,VALLEJO,CA,94589,6574574381,cc-4930b6b7-0656-4480-aab2-c2c5351aee02,1267160540
icp_tta_prf3_iamtestpass_user15,Intuit@!123,icp_tta_prf3_iamtestpass_user15@blackhole.intuit.com,9849925247714124,visa,ERLENE,LARKINS,LUCIE,103  GARDEN  ST ,WESTBURY,NY,11590,6078120162,cc-b44609c1-3cc7-4bca-8b84-2647e4ecb513,1267160545,9849925247714225,visa,MIKE,COCHRAN,MICHAEL,401 W 14TH  ST 1,LYNN HAVEN,FL,32444,7272357213,cc-55b533ec-6262-4af6-85c6-8fe5f767cef2,1267160550
icp_tta_prf3_iamtestpass_user16,Intuit@!123,icp_tta_prf3_iamtestpass_user16@blackhole.intuit.com,9849925247714125,visa,TANYA,HERNANDEZ,TERESA,635 N CHIPPEWA  AVE A70,ANAHEIM,CA,92801,5629249870,cc-ed9dd1a5-b6cb-4d56-bb3e-b68550b030ae,1267160555,9849925247714226,visa,DARRYL,WHEATLEY,BRANDON,1209 N 6TH  ST ,ARKANSAS CITY,KS,67005,7858979555,cc-c4c1b189-69ae-492a-ad19-4f357a8f8674,1267160475
icp_tta_prf3_iamtestpass_user17,Intuit@!123,icp_tta_prf3_iamtestpass_user17@blackhole.intuit.com,9849925247714126,visa,NICOLE,HORTON,JO,200  COURT  ST 113,EVERGREEN,AL,36401,2566418830,cc-efac0606-9559-4b8a-9542-e2c367f39bae,1267160560,9849925247714227,visa,MIKE,MORRIS,MICHAEL,54  SEA ISLAND  RD ,JESUP,GA,31545,7702516699,cc-50ee9afd-9bcd-444d-bc79-9acb48af968b,1267160480
icp_tta_prf3_iamtestpass_user18,Intuit@!123,icp_tta_prf3_iamtestpass_user18@blackhole.intuit.com,9849925247714127,visa,BOBBY,THOMAS,LANDON,15820 SW 98TH  CT ,MIAMI,FL,33157,9412289205,cc-2300d555-8afc-4734-bd61-aa97333e5079,1267160590,9849925247714228,visa,NORMAN,MAGNUSON,MICHAEL,14520 SW GRAYLING  LN ,BEAVERTON,OR,97007,5419300205,cc-9f0b813a-f180-4c7d-b516-4539bb41e904,1267160590
icp_tta_prf3_iamtestpass_user19,Intuit@!123,icp_tta_prf3_iamtestpass_user19@blackhole.intuit.com,9849925247714128,visa,JENNIFER,MOON,RHONDA,8540  HIGHWAY 515 S  ,ELLIJAY,GA,30536,4789174144,cc-2396208d-3660-46b2-a79a-2751c397d316,1267160595,9849925247714229,visa,CHRIS,JONES,WESLEY,7699 W LOLITA  AVE ,MILWAUKEE,WI,53223,4143800857,cc-0d3a7572-0e71-4c1b-9ef1-8345c18e76b8,1267160640
icp_tta_prf3_iamtestpass_user20,Intuit@!123,icp_tta_prf3_iamtestpass_user20@blackhole.intuit.com,9849925247714129,visa,JASON,MCEACHIN,STEVEN,221 SE 18TH  AVE ,HILLSBORO,OR,97123,9719229155,cc-827a8985-a2aa-4164-914b-d413443c0116,1267160645,9849925247714230,visa,STANLEY,MATTHEW,CARL,1846  18TH N AVE D,SAINT PETERSBURG,FL,33713,7723759765,cc-6cf77beb-9559-4bde-aa8f-e371bca902c1,1267160650
icp_tta_prf3_iamtestpass_user21,Intuit@!123,icp_tta_prf3_iamtestpass_user21@blackhole.intuit.com,9849925247714130,visa,KIMBERLY,KIMMER,PATRICIA,230  5TH  AVE 1206,NEW YORK,NY,10001,3476622010,cc-6a353e4a-fdd4-4ca5-bb15-57dc1b290873,1267160665,9849925247714231,visa,JOEL,LANTZ,GEORGE,6926  TAMIAMI N TRL ,NAPLES,FL,34108,3523296837,cc-a7fdf333-db23-49d5-a647-0e5b0299ddb8,1267160670
icp_tta_prf3_iamtestpass_user22,Intuit@!123,icp_tta_prf3_iamtestpass_user22@blackhole.intuit.com,9849925247714131,visa,MARK,VANSTEE,JOSEPH,8793  TEXAS HIGHWAY 19   ,BRASHEAR,TX,75420,2813059203,cc-37c8b522-99d0-4fdb-95cc-235ca38dca3e,1267160680,9849925247714232,visa,JUSTIN,MUFFLEY,ANTON,282 S COWART  AVE ,GLENNVILLE,GA,30427,4048427149,cc-85ae68f4-bc6b-43ba-93b2-fc540538cb2e,1267160720
icp_tta_prf3_iamtestpass_user23,Intuit@!123,icp_tta_prf3_iamtestpass_user23@blackhole.intuit.com,9849925247714132,visa,LESLEY,HAGEN,JENIFER,3397  EDDY  DR ,GILMAN,WI,54433,9202168838,cc-921ed77d-ec4a-4100-b53b-25e802a74f03,1267160730,9849925247714233,visa,ANNETTE,DATHE,LYDIA,9  PINE  ST 302,BIDDEFORD,ME,04005,3832472730,cc-3e53e77c-b335-424b-86ae-5a7beb6af1ad,1267160740
icp_tta_prf3_iamtestpass_user24,Intuit@!123,icp_tta_prf3_iamtestpass_user24@blackhole.intuit.com,9849925247714133,visa,JOHNNIE,HARRISON,CESAR,2821  PARKVIEW  LN 1028,BEDFORD,TX,76022,9563553693,cc-947fdfe0-aa7a-4b2f-80b5-d9ef64de67b7,1267160810,9849925247714234,visa,EFFIE,DAY,CAREN,696 W AVENUE N  ,SAN ANGELO,TX,76903,9404236940,cc-94f7cefe-bd46-422f-94a2-70fc3967edf0,1267160750
icp_tta_prf3_iamtestpass_user25,Intuit@!123,icp_tta_prf3_iamtestpass_user25@blackhole.intuit.com,9849925247714134,visa,LEO,ROBERTS,FREDERICK,993  JOHN FY NE RD F110,ATLANTA,GA,30342,9124298439,cc-db163ade-813f-4204-b049-fce40106c496,1267160755,9849925247714235,visa,SUSAN,DOWDY,FRAN,203  CALLE GALLERA   ,TOA BAJA,PR,00949,7877075516,cc-4021cf8b-d297-40ec-8036-1a3be6fc69ed,1267160825
icp_tta_prf3_iamtestpass_user26,Intuit@!123,icp_tta_prf3_iamtestpass_user26@blackhole.intuit.com,9849925247714135,visa,THOMAS,BAILEY,WILLIAM,6999 E COUNTY ROAD 1200 N  ,SUNMAN,IN,47041,5744547247,cc-da3a3b8a-bf4d-40b7-a031-d32520b55765,1267160845,9849925247714236,visa,DORIS,POOLE,RUBY,516 E FLOURNOY LUCAS  RD 205A,SHREVEPORT,LA,71115,5043628440,cc-c23d9fa6-b8c6-4612-9b1d-f0c3e6de8330,1267160780
icp_tta_prf3_iamtestpass_user27,Intuit@!123,icp_tta_prf3_iamtestpass_user27@blackhole.intuit.com,9849925247714136,visa,DIANE,BORDEN,BENITA,4504 N SHARON  AVE ,FRESNO,CA,93726,4088881184,cc-c065fde8-b4b3-4e80-9f72-40ea77b73cbf,1267160785,9849925247714237,visa,CHAD,STEVENS,THOMAS,3294 E COUNTY ROAD B   ,FOXBORO,WI,54836,3532777453,cc-71e65319-1ee5-4f42-88c6-283a7418a31a,1267160795
icp_tta_prf3_iamtestpass_user28,Intuit@!123,icp_tta_prf3_iamtestpass_user28@blackhole.intuit.com,9849925247714137,visa,RICHARD,WALTON,LUKE,3273  CALVERT HALL   ,COLLEGE PARK,MD,20742,4106098111,cc-690cf3bc-ca26-4ff4-864e-9a8d70c0a5ee,1267160925,9849925247714238,visa,VICTOR,BRUNETTE,NORMAN,2662  MADISON  RD ,CINCINNATI,OH,45208,4193513741,cc-d6b78ede-fe68-442a-8c8b-d05854080dba,1267160870
icp_tta_prf3_iamtestpass_user29,Intuit@!123,icp_tta_prf3_iamtestpass_user29@blackhole.intuit.com,9849925247714138,visa,HOLLY,MCMILLAN,CHERYL,1  RURAL ROUTE   301,LEBANON,MO,65536,6366004440,cc-2a6bafca-5fae-4f96-8cbc-db2fb90edfd3,1267160940,9849925247714239,visa,JEFFREY,GARCIA,TONY,399  OAK TRAIL  DR ,LEWISVILLE,TX,75077,7137779241,cc-6382db4d-4693-4b27-8404-eeb492168542,1267160875
icp_tta_prf3_iamtestpass_user30,Intuit@!123,icp_tta_prf3_iamtestpass_user30@blackhole.intuit.com,9849925247714139,visa,APRIL,BODINE,RUTH,130  QUAKER  LN ,ROCHESTER,MA,02770,3513441196,cc-657b8504-b512-413c-bce9-c0e70f4b9269,1267160955,9849925247714240,visa,ROSE,MARLOR,NANCY,127  PATHFINDER  CT E2,FULTON,NY,13069,2123489820,cc-bd923644-3fb5-420f-8cab-bafa7c1aa762,1267160890
icp_tta_prf3_iamtestpass_user31,Intuit@!123,icp_tta_prf3_iamtestpass_user31@blackhole.intuit.com,9849925247714140,visa,BRIANNE,COLEMAN,BARBARA,196  ELM  ST 301,BIDDEFORD,ME,04005,3833516146,cc-aba55ed8-c7ee-426f-b9db-f7cd62ab8ed0,1267161005,9849925247714241,visa,MIGUEL,MOORE,ZACHARY,2616  CORTEZ  BLVD ,FORT MYERS,FL,33901,4079247449,cc-c9153528-637e-4298-a993-e3ca3ac6f35f,1267161010
icp_tta_prf3_iamtestpass_user32,Intuit@!123,icp_tta_prf3_iamtestpass_user32@blackhole.intuit.com,9849925247714141,visa,BETTY,POLING,TAMMY,1035  STRATFORD E DR ,BOURBONNAIS,IL,60914,2177270146,cc-5b7d45b6-a942-4428-b3d3-1850771c43ad,1267161035,9849925247714242,visa,WILLIAM,KOWALCZYK,MICHAEL,5430  JUPITER  DR ,FORT COLLINS,CO,80528,7203894467,cc-33d4a687-35bb-4159-98d4-4899486ffc61,1267160965
icp_tta_prf3_iamtestpass_user33,Intuit@!123,icp_tta_prf3_iamtestpass_user33@blackhole.intuit.com,9849925247714142,visa,TOM,MURPHY,JONATHAN,2409  HIGHWAY 52 N  304,ROCHESTER,MN,55901,5077440705,cc-ab2e75f9-0269-4890-88a6-740c26c129e3,1267160975,9849925247714243,visa,ANA,PAGAN,DAISY,5654  CHEROKEE  TRL ,TALLASSEE,AL,36078,3342870364,cc-971eb169-24cb-4312-9db8-c0b1a505d783,1267161050
icp_tta_prf3_iamtestpass_user34,Intuit@!123,icp_tta_prf3_iamtestpass_user34@blackhole.intuit.com,9849925247714143,visa,DANIEL,BURKEY,MARQUIS,234  OLD FITZHUGH  RD ,DRIPPING SPRINGS,TX,78620,2813438635,cc-c6c96175-69dc-4fcf-a818-e3ba6e41fa19,1267160995,9849925247714244,visa,NICOLE,WATERS,LINDA,23  RIVER RIDGE  DR ,DANVILLE,KY,40422,8593727546,cc-d4b9c587-2405-4c72-bd87-8af72dcc370d,1267161065
icp_tta_prf3_iamtestpass_user35,Intuit@!123,icp_tta_prf3_iamtestpass_user35@blackhole.intuit.com,9849925247714144,visa,RAQUEL,LAMB,MICHELE,3092 N HOUSTON  AVE ,HUMBLE,TX,77338,4093051746,cc-42f36198-348b-4ce9-befe-a3c1b260ccf0,1267161075,9849925247714245,visa,JOHN,SEIDE,BILLIE,29493  COUNTY ROAD 108   ,ELKHART,IN,46514,2607849803,cc-f2bcd88a-486f-49e5-8b60-538851043e94,1267161075
icp_tta_prf3_iamtestpass_user36,Intuit@!123,icp_tta_prf3_iamtestpass_user36@blackhole.intuit.com,9849925247714145,visa,ORA,SOLARES,DEBORAH,8189  FAIRWAY  TRL ,BOCA RATON,FL,33487,9549713452,cc-b1c00446-4100-4857-8849-8195d16f62c3,1267161090,9849925247714246,visa,JOHN,JACKSON,KEN,3528  GWINNETT PL  DR ,DULUTH,GA,30096,4789587001,cc-c2323827-95a3-4779-9767-bc25f571889d,1267161115
icp_tta_prf3_iamtestpass_user37,Intuit@!123,icp_tta_prf3_iamtestpass_user37@blackhole.intuit.com,9849925247714146,visa,RUBY,MCDOWELL,STEPHANIE,16910  TEXAS  AVE A13,WEBSTER,TX,77598,4325464230,cc-8358eec2-a31c-44d5-b037-e3596980b29f,1267161125,9849925247714247,visa,DENISE,BITTINGER,MICHELE,5600  PETOSKEY  AVE C,RICHMOND,VA,23224,5715414404,cc-0247e326-a825-4d9f-8e41-9c39cdd4e8c7,1267161130
icp_tta_prf3_iamtestpass_user38,Intuit@!123,icp_tta_prf3_iamtestpass_user38@blackhole.intuit.com,9849925247714147,visa,RONALD,MAY,ROBERT,395  BUCH  AVE ,LANCASTER,PA,17601,4126361085,cc-3d791934-f93d-430c-8d34-8bf49eb87457,1267161235,9849925247714248,visa,MIRANDA,FLETCHER,HELEN,2582  HUTH  RD ,RICHMOND,VA,23224,5717836052,cc-70785a97-5b17-49ae-9230-9658aa3add85,1267161240
icp_tta_prf3_iamtestpass_user39,Intuit@!123,icp_tta_prf3_iamtestpass_user39@blackhole.intuit.com,9849925247714148,visa,JIMMY,BUTLER,ANTHONY,6321  SANTIAGO  ST ,EL PASO,TX,79932,8062515177,cc-3e142a50-ce17-4a04-98e4-cff00c28d66b,1267161250,9849925247714249,visa,ANDREW,PHILLIPS,MARK,2712  SUNFISH  DR ,HENDERSON,NV,89014,7026231891,cc-6d476bff-5341-41ea-ba27-adf0b589f923,1267161250
icp_tta_prf3_iamtestpass_user40,Intuit@!123,icp_tta_prf3_iamtestpass_user40@blackhole.intuit.com,9849925247714149,visa,ANNIE,PARHAM,CLAUDETTE,7330  NIGHTINGALE  DR ,HOLLAND,OH,43528,4193442162,cc-4d0898d2-7f31-4e81-a90a-fdcbf71bb466,1267161260,9849925247714250,visa,DIANNA,ARTHUR,DOLORES,1001  MACARTHUR  CSWY ,MIAMI,FL,33132,5618397024,cc-60e9be57-3027-4aa5-80b8-f697e472d253,1267161165
icp_tta_prf3_iamtestpass_user41,Intuit@!123,icp_tta_prf3_iamtestpass_user41@blackhole.intuit.com,9849925247714150,visa,DANIEL,OGRADY,RICHARD,7039  NORTH  FWY ,HOUSTON,TX,77076,3258664513,cc-92d5f83a-56ed-458c-8a4c-29b1d9bf654c,1267161285,9849925247714251,visa,MARK,DEAN,CHRISTOPHER,8889  LAVENDER  DR ,NOBLESVILLE,IN,46060,3175297501,cc-4778c32f-a9b5-4264-9121-437a07c98c4c,1267161180
icp_tta_prf3_iamtestpass_user42,Intuit@!123,icp_tta_prf3_iamtestpass_user42@blackhole.intuit.com,9849925247714151,visa,YOLANDA,MINOR,STACEY,11483  PRUESS  AVE ,DOWNEY,CA,90241,2132929140,cc-a264a15d-4a2c-4ce6-af04-4d65a7d6c87d,1267161295,9849925247714252,visa,VICTORIA,GIBSON,AMANDA,3044  CHARLESTON  RD ,SHARPSVILLE,PA,16150,8789873798,cc-4e5abf82-242c-419e-bb16-f5f3ec4c72e4,1267161195
icp_tta_prf3_iamtestpass_user43,Intuit@!123,icp_tta_prf3_iamtestpass_user43@blackhole.intuit.com,9849925247714152,visa,ANNA,REED,JEAN,98  BRIER  LN ,BELFAIR,WA,98528,5646678746,cc-1a55a976-3807-4c6e-9e52-b93eb22dfaef,1267161310,9849925247714253,visa,JANET,ALLISON,JANE,3375  HEMINGWAY  RD ,ROANOKE,VA,24014,7579885810,cc-e5deb786-c9bb-420b-b85f-eb6b9969f100,1267161410
icp_tta_prf3_iamtestpass_user44,Intuit@!123,icp_tta_prf3_iamtestpass_user44@blackhole.intuit.com,9849925247714153,visa,KYLE,FOSTER,JOSEPH,12229  PASEO LUCIDO   ,SAN DIEGO,CA,92128,2096056937,cc-77ed1a96-8027-4e20-af71-a404947bc4f3,1267161420,9849925247714254,visa,STORMY,LOWRY,KATIE,791 S CREAMER  ST ,BLOOMFIELD,NM,87413,9577010364,cc-72abd8ec-afe0-4b73-aff0-94e9b5f03db9,1267161425
icp_tta_prf3_iamtestpass_user45,Intuit@!123,icp_tta_prf3_iamtestpass_user45@blackhole.intuit.com,9849925247714154,visa,PAUL,DAKE,PAUL,1233  WHITE PLAINS  RD 1B,BRONX,NY,10472,3155021099,cc-9d436afe-f29d-44e3-b144-b11cfdcf3d73,1267161430,9849925247714255,visa,CATHY,SHERRILL,NANNIE,337 N CAVE  ST ,TUSCUMBIA,AL,35674,3349961480,cc-4604c8ab-e4a4-44d0-ba68-74ddff6cf8eb,1267161335
icp_tta_prf3_iamtestpass_user46,Intuit@!123,icp_tta_prf3_iamtestpass_user46@blackhole.intuit.com,9849925247714155,visa,JORGE,HERRERA,WILLIAM,739  LOGAN  ST ,JANESVILLE,WI,53545,4142710737,cc-9a234b05-7925-421b-bff1-2370214a6488,1267161355,9849925247714256,visa,SHARRON,SHEPPARD,JACKIE,13051  STATE ROUTE 55   ,WELLSTON,MI,49689,9065867604,cc-38259e84-6a62-4fc1-93d6-a660e955085d,1267161360
icp_tta_prf3_iamtestpass_user47,Intuit@!123,icp_tta_prf3_iamtestpass_user47@blackhole.intuit.com,9849925247714156,visa,JESSICA,MARSHALL,VERONICA,30  TOWNSHIP ROAD 1430   ,SOUTH POINT,OH,45680,6148648134,cc-627d60cf-2843-45d1-9194-24ddb2998f25,1267161470,9849925247714257,visa,SCOTT,GROSS,ERIC,435  HENSLEY BRANCH  RD ,PRICHARD,WV,25555,3045098333,cc-51794160-c8da-4f6d-a77c-02e4a73eef03,1267161370
icp_tta_prf3_iamtestpass_user48,Intuit@!123,icp_tta_prf3_iamtestpass_user48@blackhole.intuit.com,9849925247714157,visa,REA,KENOYER,LORENA,99466  HOKEA  ST ,AIEA,HI,96701,8087787282,cc-497735d3-c097-47ca-9d69-7438d6ab02a3,1267161495,9849925247714258,visa,GEORGE,DASCHOFSKY,PATRICK,11491  GLENN MOTTIN N WAY ,JACKSONVILLE,FL,32223,8369541221,cc-3389b2db-e706-48c1-9548-b385f3376c26,1267161380
icp_tta_prf3_iamtestpass_user49,Intuit@!123,icp_tta_prf3_iamtestpass_user49@blackhole.intuit.com,9849925247714158,visa,MICHELLE,SMITH,KAY,65855  BURKE  LN ,CAMBRIDGE,OH,43725,2833547246,cc-5fb5f34e-5978-405f-9735-61cd8c044e76,1267161390,9849925247714259,visa,ANN,BLOXHAM,MARIE,973 S WALNUT  ST ,FORDYCE,AR,71742,8008083622,cc-d0009d22-d58d-48e0-90b1-2e20ae165467,1267161515
icp_tta_prf3_iamtestpass_user50,Intuit@!123,icp_tta_prf3_iamtestpass_user50@blackhole.intuit.com,9849925247714159,visa,BRADLEY,MUSIC,WILLIS,34  PARKVIEW  TER ,ENGLEWOOD,NJ,07631,8566604129,cc-a46b1a6f-8842-414d-8013-1421988f9d8a,1267161610,9849925247714260,visa,ANDREW,MILLER,GERALD,24707  MAGIC MOUNTAIN  PKWY ,VALENCIA,CA,91355,9253242963,cc-df4469b0-0629-4a65-86a6-4d8f436eb911,1267161615
icp_tta_prf3_iamtestpass_user51,Intuit@!123,icp_tta_prf3_iamtestpass_user51@blackhole.intuit.com,9849925247714160,visa,LESLIE,SMALL,JANE,49  WHEELER  RD ,CENTRAL ISLIP,NY,11722,6466582334,cc-7e3abfcf-8c01-4c82-aa68-e1cae75b5f9b,1267161535,9849925247714261,visa,JOHN,PASS,JOHN,2401 E RANDOL MILL  RD ,ARLINGTON,TX,76011,2102094133,cc-a0a0c261-a3d5-40eb-aec4-ded3cc29c940,1267161630
icp_tta_prf3_iamtestpass_user52,Intuit@!123,icp_tta_prf3_iamtestpass_user52@blackhole.intuit.com,9849925247714161,visa,NATASHA,HAMILTON,LAURA,266  PRAIRIE  LN ,LILLINGTON,NC,27546,9846542332,cc-7f6da6f6-4891-41f0-9646-9b8e3bd63c11,1267161645,9849925247714262,visa,JAMES,MCCONNELL,BOBBY,2728  CALLALANTEE  DR ,MOUNTAIN CITY,TN,37683,6152913555,cc-5e9d6846-a05f-4cf7-a960-dc38690c1741,1267161650
icp_tta_prf3_iamtestpass_user53,Intuit@!123,icp_tta_prf3_iamtestpass_user53@blackhole.intuit.com,9849925247714162,visa,RACHEL,WILKERSON,MARIA,1010 S KANSAS  AVE 15,LIBERAL,KS,67901,7859153604,cc-90e0da31-570f-4dc4-8c91-e277a421f47e,1267161670,9849925247714263,visa,LUCIEN,HANSEN,LARRY,3555  OLNTNGY RVR  RD 3075,COLUMBUS,OH,43214,2344142707,cc-b66f139d-8f5f-4387-99ae-f1953d6130ff,1267161550
icp_tta_prf3_iamtestpass_user54,Intuit@!123,icp_tta_prf3_iamtestpass_user54@blackhole.intuit.com,9849925247714163,visa,TRACEY,DOWNEY,CHRISTOPHER,1405 N STATE  ST ,JACKSON,MS,39202,6622179085,cc-5e90c0a0-4ffe-4e1a-873b-4bb558931520,1267161560,9849925247714264,visa,GERALD,PAULLIN,DERRICK,31000  NORTHWESTERN  HWY 100,FARMINGTON HILLS,MI,48334,3139940009,cc-ab96ed31-aa76-4df6-9915-b8252be8bff7,1267161680
icp_tta_prf3_iamtestpass_user55,Intuit@!123,icp_tta_prf3_iamtestpass_user55@blackhole.intuit.com,9849925247714164,visa,MARILYN,MACNEIL,BLONDELL,2074  MIDDLE MESA  RD ,WICKENBURG,AZ,85390,4802593162,cc-51a0652a-a851-411e-9545-e5dcc100173d,1267161695,9849925247714265,visa,RICHARD,KING,LEVI,13161  DREW HILL  LN ,CHAPEL HILL,NC,27514,9845963399,cc-629e9dfd-6e10-4129-90be-e7b08f67b668,1267161695
icp_tta_prf3_iamtestpass_user56,Intuit@!123,icp_tta_prf3_iamtestpass_user56@blackhole.intuit.com,9849925247714165,visa,WILLIAM,WAGEMAN,SAMUEL,701  HARVEY HALL   ,KALAMAZOO,MI,49008,2784371929,cc-8bf1e83c-b468-4ebc-8729-41b24950b93d,1267161715,9849925247714266,visa,BOBBY,AGUIRRE,CHAD,622  POLK  AVE ,MEMPHIS,TN,38126,9318991599,cc-f8bd55ae-7504-4c01-b691-f80ea5dfaf14,1267161720
icp_tta_prf3_iamtestpass_user57,Intuit@!123,icp_tta_prf3_iamtestpass_user57@blackhole.intuit.com,9849925247714166,visa,KEVIN,CATLIN,TODD,5220  BRODIE  GRV P307,COLORADO SPRINGS,CO,80919,7199473113,cc-c37b4ed2-6454-415f-81cb-7f9c1a75a1ef,1267161810,9849925247714267,visa,ARTHUR,HOWELL,JESUS,13600  BARDON  RD ,PHOENIX,MD,21131,2406263895,cc-31ab68f1-fa3f-425f-8bd6-86e367de9859,1267161820
icp_tta_prf3_iamtestpass_user58,Intuit@!123,icp_tta_prf3_iamtestpass_user58@blackhole.intuit.com,9849925247714167,visa,YVONNE,GONZALEZ,JENNIFER,162  BARTROFF  RD ,OROVILLE,WA,98844,5098108780,cc-b329f88a-8cb6-4a30-92c2-0f8852b8096a,1267161830,9849925247714268,visa,JOSEPH,PARSONS,AARON,18  14TH  ST ,BAYVILLE,NY,11709,3477817645,cc-963bfe27-816d-456b-8edd-f4f356e5c1c4,1267161835
icp_tta_prf3_iamtestpass_user59,Intuit@!123,icp_tta_prf3_iamtestpass_user59@blackhole.intuit.com,9849925247714168,visa,KEVIN,SACK,JOSE,1143 S 71ST EAST  AVE ,TULSA,OK,74112,9188304265,cc-cbda4263-d527-4fbe-86eb-996bf0ecc453,1267161850,9849925247714269,visa,KATHLEEN,SPARKS,MARY,1108  HIGHWAY 24 AND 36 E  ,MONROE CITY,MO,63456,6365609388,cc-1260de83-9e1b-46ca-a5e6-7bfc483f45fc,1267161855
icp_tta_prf3_iamtestpass_user60,Intuit@!123,icp_tta_prf3_iamtestpass_user60@blackhole.intuit.com,9849925247714169,visa,ROSEMARY,OVERBAY,MAGGIE,102  BOUCK  AVE ,GRAND LEDGE,MI,48837,2318160004,cc-8057f1a2-0026-4ebe-8a5f-eb1eb13f22c4,1267161765,9849925247714270,visa,CASSANDRA,DICK,LYDIA,330  PO BOX   ,BRISTOL,CT,06011,8606608750,cc-f09b5270-1a6a-4457-90fa-6046d6cff8d4,1267161770
icp_tta_prf3_iamtestpass_user61,Intuit@!123,icp_tta_prf3_iamtestpass_user61@blackhole.intuit.com,9849925247714170,visa,JOSEPH,PRIMUS,ROBERT,209  FOREST HILLS  RD ,DAHLONEGA,GA,30533,6789206919,cc-214e0ca7-cd0d-43a3-a93c-0faf1da62b8c,1267161775,9849925247714271,visa,CARMEN,VIGIL,ROBERT,1192  DOSSETT  ST ,WACO,TX,76705,4303135823,cc-60ef480f-9be6-48b0-87b0-f58bc3422ff2,1267161880
icp_tta_prf3_iamtestpass_user62,Intuit@!123,icp_tta_prf3_iamtestpass_user62@blackhole.intuit.com,9849925247714171,visa,JENNIFER,AGNES,CAROL,1200  ANNIS SQUAM HARBOUR   ,PASADENA,MD,21122,2497063282,cc-9cbf0225-1682-4ea5-b710-deeaab530ce9,1267161790,9849925247714272,visa,MARTHA,CARLIN,DANA,7182  HEIL  AVE 4,HUNTINGTON BEACH,CA,92647,9259771408,cc-1e56830d-c101-4027-910d-16d11e69263a,1267161885
icp_tta_prf3_iamtestpass_user63,Intuit@!123,icp_tta_prf3_iamtestpass_user63@blackhole.intuit.com,9849925247714172,visa,DOLORES,WEST,RACHEL,19662 N WASSON PEAK  DR ,SURPRISE,AZ,85387,9287923780,cc-9b16d5f9-61a8-4caa-bac5-05324d2ac8ad,1267161930,9849925247714273,visa,BRITTNI,FEAGIN,FRANCES,401  QUINCY  ST 906,FAIRMONT,WV,26554,3047509312,cc-bcf869b7-007d-4ae7-b7ba-adf52b370c46,1267161935
icp_tta_prf3_iamtestpass_user64,Intuit@!123,icp_tta_prf3_iamtestpass_user64@blackhole.intuit.com,9849925247714173,visa,WILLIAM,NORRIS,MELVIN,711  AVENUE B   O,DODGE CITY,KS,67801,7858602037,cc-77522145-07f4-406b-9435-cc6dbce3772e,1267162015,9849925247714274,visa,DAVID,SMITH,RUDY,14297  CANDLEWICK  CT ,MIDLOTHIAN,VA,23112,4347453311,cc-a6925986-82e3-4015-aaa1-a65da94e36bc,1267162020
icp_tta_prf3_iamtestpass_user65,Intuit@!123,icp_tta_prf3_iamtestpass_user65@blackhole.intuit.com,9849925247714174,visa,ALBERT,LARZAZS,TRAVIS,5491  MINNESOTA  DR A,ANCHORAGE,AK,99518,4797954535,cc-d1be2df9-c67b-4804-86fb-8e44dd094ee1,1267162035,9849925247714275,visa,ERIC,TOLAN,CHARLES,7618 N CREEK  RD ,THORNTOWN,IN,46071,2199545691,cc-188656e9-7f6a-47a6-b1ef-ff7e54fcf4c1,1267162040
icp_tta_prf3_iamtestpass_user66,Intuit@!123,icp_tta_prf3_iamtestpass_user66@blackhole.intuit.com,9849925247714175,visa,PRESTON,CAIRNS,WILLARD,160 W EVERGREEN  AVE 161,LONGWOOD,FL,32750,9049932065,cc-9b843f83-21b1-4ebd-b04b-141551d3b1a4,1267162060,9849925247714276,visa,MICHAEL,MORRIS,RANDOLPH,7891 N I 35 E  ,WAXAHACHIE,TX,75165,9722563037,cc-2e360ab1-4766-4697-89fd-229367b8ac01,1267162065
icp_tta_prf3_iamtestpass_user67,Intuit@!123,icp_tta_prf3_iamtestpass_user67@blackhole.intuit.com,9849925247714176,visa,KAREN,HERTEL,ERMA,3925  RIVER XING  PKWY 238,INDIANAPOLIS,IN,46240,3175155838,cc-7d1ea8b3-1845-44d1-b5b3-7358930437ad,1267161960,9849925247714277,visa,BERTHA,SAMPSON,KAY,18197 NW DUSTIN  LN ,BEAVERTON,OR,97006,9717933566,cc-fd9db51d-e9ab-4f1d-a45a-f1a72cc5726d,1267161960
icp_tta_prf3_iamtestpass_user68,Intuit@!123,icp_tta_prf3_iamtestpass_user68@blackhole.intuit.com,9849925247714177,visa,THOMAS,FERRARO,LARRY,522  KICKAPOO  ST ,LEAVENWORTH,KS,66048,9133020219,cc-56a1d03f-1c13-4e03-aed9-ef3dd7419e56,1267161980,9849925247714278,visa,MIKE,HUMPHREY,BETTY,7308  COLDBROOK  RD ,HOMER,NY,13077,5188336320,cc-727ecca1-93f1-4d8c-942b-1a68154fa6a5,1267162090
icp_tta_prf3_iamtestpass_user69,Intuit@!123,icp_tta_prf3_iamtestpass_user69@blackhole.intuit.com,9849925247714178,visa,SILVIA,PONCIO,KIMBERLY,2116  GOLDEN RAIN  RD 1,WALNUT CREEK,CA,94595,9514534060,cc-51d2849e-ae83-4499-8056-8c04a8f378cc,1267162105,9849925247714279,visa,BRIAN,PORTER,JUSTIN,407  ONE RIVERWALK   500,SAN ANTONIO,TX,78205,4302412135,cc-026c5d9a-9321-4f3a-a2b0-ee7e387672fd,1267162110
icp_tta_prf3_iamtestpass_user70,Intuit@!123,icp_tta_prf3_iamtestpass_user70@blackhole.intuit.com,9849925247714179,visa,GABRIEL,DAME,JERRY,1480  CYPRESS POND  RD ,WILLACOOCHEE,GA,31650,4702550071,cc-b398017d-29f8-446d-ab68-34bbb5885957,1267162120,9849925247714280,visa,ANTHONY,WENDT,JOHN,410 W HOPKINS  AVE 180,PONTIAC,MI,48340,9898095071,cc-edd0f0d1-b2fa-491d-a006-282b442fa921,1267162125
icp_tta_prf3_iamtestpass_user71,Intuit@!123,icp_tta_prf3_iamtestpass_user71@blackhole.intuit.com,9849925247714180,visa,DOROTHY,ALMOND,JOYCE,707 W CHERRY  ST ,SUNBURY,OH,43074,4409802382,cc-a4e4c5e6-a42f-4429-ba15-a3f1b0dea1bc,1267162210,9849925247714281,visa,MARY,THIXTON,ELIZABETH,306 W 112TH  ST 2A,NEW YORK,NY,10026,7163188510,cc-f3dbc2f0-d370-46ab-a59e-5d684f1ddb08,1267162215
icp_tta_prf3_iamtestpass_user72,Intuit@!123,icp_tta_prf3_iamtestpass_user72@blackhole.intuit.com,9849925247714181,visa,ERICK,SIRCY,ROBERT,978  ENGLISH TOWN  LN 227,WINTER SPRINGS,FL,32708,3523891555,cc-3a09c071-0daf-44df-95ef-3d6986581eee,1267162165,9849925247714282,visa,MARY,PROUDFOOT,TALITHA,140  LEOLEO  ST ,LAHAINA,HI,96761,8085415796,cc-226f439b-0b50-47a2-ad82-5c6459fd78a0,1267162165
icp_tta_prf3_iamtestpass_user73,Intuit@!123,icp_tta_prf3_iamtestpass_user73@blackhole.intuit.com,9849925247714182,visa,MACK,PULLEN,RODNEY,572  WASH  ST M3,WELLESLEY,MA,02482,3512233737,cc-11bbf425-0e1f-41ea-b00b-6b155286743e,1267162175,9849925247714283,visa,ERNESTINE,WOODS,MAUREEN,1093  HALES  RD ,KENLY,NC,27542,8288730270,cc-344d5709-192c-4af1-94d0-dde40c191aa8,1267162180
icp_tta_prf3_iamtestpass_user74,Intuit@!123,icp_tta_prf3_iamtestpass_user74@blackhole.intuit.com,9849925247714183,visa,JOHN,STEELE,LOUIS,367  PARK  AVE ,REVERE,MA,02151,7744839225,cc-c202cacc-192a-4c4e-a8bd-29100bb863bd,1267162200,9849925247714284,visa,SONJA,BASHAM,KIMBERLY,3  SCHOOL  ST ,BURLINGTON,CT,06013,9592875138,cc-dbca5393-3365-4a6d-b2ef-dc0e19ad8c9b,1267162200
icp_tta_prf3_iamtestpass_user75,Intuit@!123,icp_tta_prf3_iamtestpass_user75@blackhole.intuit.com,9849925247714184,visa,SUSAN,GROOMS,JAMIE,3151  CNDLRIA NE RD ,ALBUQUERQUE,NM,87107,9578738988,cc-305480d5-e527-496a-9f46-671262d8c624,1267162320,9849925247714285,visa,MARYANN,GHOLSON,JESSICA,148  RES VILLAS DEL SOL   ,TRUJILLO ALTO,PR,00976,9393869988,cc-a2b33b6c-7460-4ade-8277-74d4b1b7ef27,1267162320
icp_tta_prf3_iamtestpass_user76,Intuit@!123,icp_tta_prf3_iamtestpass_user76@blackhole.intuit.com,9849925247714185,visa,LACY,LUCAS,TERRI,4439  WOODDALE  AVE 4,MEMPHIS,TN,38118,4235770980,cc-c6b70016-164f-4cd3-b04b-f5901a7cdffc,1267162270,9849925247714286,visa,RUBEN,FOSTER,LONNIE,125  CIMARRON  TRL 1161,IRVING,TX,75063,4093436673,cc-43ad4039-2e9b-474f-bbc4-a387f2299fc5,1267162275
icp_tta_prf3_iamtestpass_user77,Intuit@!123,icp_tta_prf3_iamtestpass_user77@blackhole.intuit.com,9849925247714186,visa,MICHELLE,SMITH,MARLO,10986  BLACKBURN  ST ,LIVONIA,MI,48150,5178275840,cc-949258df-208a-4d72-9efa-0ad33f3b68e5,1267162290,9849925247714287,visa,CATHERINE,LERMON,DIANNE,1800  MICCOSUKEE COMMONS  DR 1008,TALLAHASSEE,FL,32308,3523100282,cc-2ca06581-3592-416f-b8c3-bb5b5a8ae2e3,1267162295
icp_tta_prf3_iamtestpass_user78,Intuit@!123,icp_tta_prf3_iamtestpass_user78@blackhole.intuit.com,9849925247714187,visa,ALLEN,COLLINS,JOSE,194  DEXTER  ST ,PROVIDENCE,RI,02907,4017598367,cc-c0972676-c49c-4218-8d00-db40a87e4cfa,1267162365,9849925247714288,visa,MARY,STERN,LINDA,7365  CARNELIAN  ST 212,RANCHO CUCAMONGA,CA,91730,8057612286,cc-6874736c-7030-4a71-a742-22dae9614d13,1267162410
icp_tta_prf3_iamtestpass_user79,Intuit@!123,icp_tta_prf3_iamtestpass_user79@blackhole.intuit.com,9849925247714188,visa,LINDA,HILLER,LAURA,414 N D  ST ,TACOMA,WA,98403,2062107090,cc-90c520bc-12df-481c-af05-90cb23c6dd9d,1267162375,9849925247714289,visa,DANNY,ORIELLY,JAMIE,2126  24TH  ST ,FLORENCE,OR,97439,5415762775,cc-1832b1b8-276a-4c05-b120-24d1ef1390e0,1267162375
icp_tta_prf3_iamtestpass_user80,Intuit@!123,icp_tta_prf3_iamtestpass_user80@blackhole.intuit.com,9849925247714189,visa,LINDA,GALUSKA,GEORGETTA,1414  BLOOMHARDT  RD ,RAYMOND,WA,98577,2068890542,cc-768bfe39-fe03-4489-ba4e-d8a415501d2c,1267162435,9849925247714290,visa,ABRAHAM,SHEFFIELD,RALPH,2396  HAYSON  AVE ,PITTSBURGH,PA,15220,2159384677,cc-53ea9eb3-5993-4b43-bffb-6a244b7c2b0d,1267162385
icp_tta_prf3_iamtestpass_user81,Intuit@!123,icp_tta_prf3_iamtestpass_user81@blackhole.intuit.com,9849925247714190,visa,IVAN,MESSENGER,LANCE,2  RURAL ROUTE   191B,ELMORE CITY,OK,73433,4054695985,cc-1ee8cec0-a76e-4c5f-927f-db8e06df70db,1267162455,9849925247714291,visa,JAMES,JONES,MIGUEL,1832  COUNTRYSIDE  RD ,NIXA,MO,65714,9752046037,cc-4b159da4-1c78-444a-a596-cf5b3a285c96,1267162460
icp_tta_prf3_iamtestpass_user82,Intuit@!123,icp_tta_prf3_iamtestpass_user82@blackhole.intuit.com,9849925247714191,visa,ROBERT,YOUNG,WILLIAM,339 SE REED  RD K4,BEND,OR,97702,9714092303,cc-2083610a-8b56-4cf3-b258-40a36dc800ca,1267162465,9849925247714292,visa,FLORINE,POTTER,JENNIFER,12940  HARRIET S AVE ,BURNSVILLE,MN,55337,6519877736,cc-c115768c-7aab-469f-a3b2-70810579c4ea,1267162540
icp_tta_prf3_iamtestpass_user83,Intuit@!123,icp_tta_prf3_iamtestpass_user83@blackhole.intuit.com,9849925247714192,visa,JOANNIE,MULLINAX,PEGGY,3625  PRIMM  ST ,SAINT LOUIS,MO,63125,5573434434,cc-d42991ea-510d-4999-8393-b87262cc4840,1267162545,9849925247714293,visa,ELIZABETH,MILLER,JANETTA,1495 N 80TH  ST ,SCOTTSDALE,AZ,85257,9288449178,cc-bd31f380-8522-48b7-b3fa-e161ea2288c3,1267162475
icp_tta_prf3_iamtestpass_user84,Intuit@!123,icp_tta_prf3_iamtestpass_user84@blackhole.intuit.com,9849925247714193,visa,KATHRYNE,BREMSETH,MIN,632 E MT CLAIR  ST 2D,SPRINGFIELD,MO,65807,4178324452,cc-403c0c2b-8784-4ea7-80bf-e17527143f5c,1267162495,9849925247714294,visa,ROLANDO,MCDONALD,RICARDO,4025 S 150 W  ,LAGRANGE,IN,46761,2193941421,cc-24f4d5bb-0682-42c8-af85-16367ff387a2,1267162495
icp_tta_prf3_iamtestpass_user85,Intuit@!123,icp_tta_prf3_iamtestpass_user85@blackhole.intuit.com,9849925247714194,visa,HEATHER,ADAMSKI,LORETTA,1910  SOUTHERN  AVE E6,BILOXI,MS,39531,6017514970,cc-0760a567-3e8b-464f-aafa-10370a5d9e5a,1267162560,9849925247714295,visa,BRIAN,ZENISEK,ROBERT,5203 W JEFFERSON  ST ,GROVES,TX,77619,8326455669,cc-2ef3b5df-4000-4be5-8bdc-c1f4a27aafbb,1267162570
icp_tta_prf3_iamtestpass_user86,Intuit@!123,icp_tta_prf3_iamtestpass_user86@blackhole.intuit.com,9849925247714195,visa,GERI,MARTHE,MARY,369 N LAFAYETTE PK  PL ,LOS ANGELES,CA,90026,9095381848,cc-640d651a-8ee8-4df3-a12f-953f1570d2da,1267162600,9849925247714296,visa,MARY,BOYD,CAROLINE,9004  PO BOX   ,CANTON,OH,44711,9377048700,cc-b872bcbf-1675-459d-9f83-b1c45b4c5710,1267162610
icp_tta_prf3_iamtestpass_user87,Intuit@!123,icp_tta_prf3_iamtestpass_user87@blackhole.intuit.com,9849925247714196,visa,ROBERT,GRIFFITH,ALBERT,31  OLD FORGE  RD ,PENNSVILLE,NJ,08070,9736395691,cc-09a2d021-63de-4f8c-8a3e-5e776b519959,1267162615,9849925247714297,visa,JAMES,HATFIELD,LEO,2615  CALDER  ST 400,BEAUMONT,TX,77702,7133129869,cc-a6df09c9-941b-4db0-b832-ab4319701fff,1267162715
icp_tta_prf3_iamtestpass_user88,Intuit@!123,icp_tta_prf3_iamtestpass_user88@blackhole.intuit.com,9849925247714197,visa,DOROTHY,HENSLEY,HELEN,8001  JACQUIS  RD ,WINNECONNE,WI,54986,9202061442,cc-126767ff-eeff-4ab8-bc09-d8cf1152a7b8,1267162625,9849925247714298,visa,JEANNETTE,HOLMES,WINNIFRED,914  COUNTY ROAD 4005   ,ARLEY,AL,35541,2562437768,cc-072cbf7f-2c86-4dbd-b481-5ac47bda8b3a,1267162625
icp_tta_prf3_iamtestpass_user89,Intuit@!123,icp_tta_prf3_iamtestpass_user89@blackhole.intuit.com,9849925247714198,visa,HERBERT,GERRY,JOHN,5223  GEORGIA NW AVE B,WASHINGTON,DC,20011,2025201787,cc-58ec5df4-ffaf-4e4a-a727-e2592f778e64,1267162745,9849925247714299,visa,NANCY,VILLEGAS,SANDEE,15  FAUSNACHT  DR ,DENVER,PA,17517,4847292054,cc-5c558f7d-ccbe-4ba8-b663-46669b8ddeea,1267162645
icp_tta_prf3_iamtestpass_user90,Intuit@!123,icp_tta_prf3_iamtestpass_user90@blackhole.intuit.com,9849925247714199,visa,JOSEPHINE,COLLINS,TONI,870  5TH  AVE ,YOUNGSTOWN,OH,44504,6143541860,cc-8d99ba25-9736-4492-b88e-2378e0d587c9,1267162655,9849925247714300,visa,JUDY,THOMAS,LILY,1057  LINCOLN NW AVE ,GRAND RAPIDS,MI,49504,3134687974,cc-22d2816e-68d0-432b-b6ef-728233c0747b,1267162655
icp_tta_prf3_iamtestpass_user91,Intuit@!123,icp_tta_prf3_iamtestpass_user91@blackhole.intuit.com,9849925247714200,visa,ALTON,RYBAK,DANIEL,336  VAN BUREN  ST ,HOLLYWOOD,FL,33019,8503096065,cc-ec174d3b-3dd8-4c95-9c9e-ee162323b3a8,1267162785,9849925247714301,visa,EDNA,WILLARDSON,ALICE,508  BLUE HERON  DR ,PULASKI,WI,54162,2622454440,cc-ae69db1d-6be3-4709-9cb9-3512c4c858d2,1267162790
icp_tta_prf3_iamtestpass_user92,Intuit@!123,icp_tta_prf3_iamtestpass_user92@blackhole.intuit.com,9849925247714201,visa,CARRIE,WILLIAMS,KATHLEEN,11110  76TH  RD C3,FOREST HILLS,NY,11375,2124309914,cc-d5ad630b-ae05-4f6d-bd67-055d7c2f03f6,1267162795,9849925247714302,visa,JOHN,DAVIS,PHILLIP,51  SANTA CLARA  AVE ,EUGENE,OR,97404,5033641523,cc-3400de8d-e8ed-49f6-817c-48c074f8b80a,1267162680
icp_tta_prf3_iamtestpass_user93,Intuit@!123,icp_tta_prf3_iamtestpass_user93@blackhole.intuit.com,9849925247714202,visa,ERNEST,DAVIS,JOSE,4197  NORGE  RD ,CHICKASHA,OK,73018,5807450791,cc-492712a5-5693-45c2-8088-ba8c7257f0d9,1267162805,9849925247714303,visa,ERICA,CAIN,MARIE,657  SHADY CREEK  DR ,GRAPEVINE,TX,76051,3253861502,cc-3cfeb86e-8cfc-4646-a4aa-f5d3f8a471ba,1267162815
icp_tta_prf3_iamtestpass_user94,Intuit@!123,icp_tta_prf3_iamtestpass_user94@blackhole.intuit.com,9849925247714203,visa,EFFIE,SANDERS,DIXIE,3615  KEELAND  ST 5,HOUSTON,TX,77093,6828290166,cc-c9729ead-c5c7-4dee-93a8-1c6327932be5,1267162910,9849925247714304,visa,HARRY,JERNIGAN,MARK,120 N POINT  DR 273,DORCHESTER,MA,02125,5083728185,cc-71e598da-765d-4017-a7f2-d57b536c3e9c,1267162820
icp_tta_prf3_iamtestpass_user95,Intuit@!123,icp_tta_prf3_iamtestpass_user95@blackhole.intuit.com,9849925247714204,visa,BRETT,JACOBSON,BRUCE,2140 E FM 916   ,CLEBURNE,TX,76031,9032828513,cc-bb494a7c-d5b9-4e2d-ad7f-9b873f7e5bc4,1267162925,9849925247714305,visa,DREAMA,CADENA,CATHERINE,40905  FAUX PAS  RD ,ZEPHYRHILLS,FL,33540,6896470586,cc-7e2e3b54-8cc5-45ed-8ff9-e05fc0587b1c,1267162830
icp_tta_prf3_iamtestpass_user96,Intuit@!123,icp_tta_prf3_iamtestpass_user96@blackhole.intuit.com,9849925247714205,visa,FRANK,NEMETH,VICTOR,1474  HUNTERS  DR ,MERCED,CA,95340,8053813695,cc-792bbea8-2e65-493c-b589-20c864afaa43,1267162840,9849925247714306,visa,JOSEPH,CLARK,ROBERT,4221 NW 62ND  RD ,BOCA RATON,FL,33496,8618180497,cc-04609932-df85-4443-8290-437c58b3f382,1267162950
icp_tta_prf3_iamtestpass_user97,Intuit@!123,icp_tta_prf3_iamtestpass_user97@blackhole.intuit.com,9849925247714206,visa,SUSAN,SANDERS,SANDRA,9222 N COTTONWOOD  DR ,IDAHO FALLS,ID,83401,2082213822,cc-d590c1cf-98d1-4bdd-9e45-a15ede4ef096,1267162850,9849925247714307,visa,KATHLEEN,ARCHER,VICTORIA,218 N LA CROSSE  AVE ,CHICAGO,IL,60644,6182486148,cc-7e7c8af9-0166-4d06-a9f5-9248e53266ec,1267162960
icp_tta_prf3_iamtestpass_user98,Intuit@!123,icp_tta_prf3_iamtestpass_user98@blackhole.intuit.com,9849925247714207,visa,ADAM,CURRY,BRUCE,5114  PT FOSDICK NW DR E,GIG HARBOR,WA,98335,3602496469,cc-f0b58a9a-751d-411c-8025-1d6ccb926ba2,1267162865,9849925247714308,visa,CLYDE,HUMPHREY,DERRICK,89  HIDDENBROOKE  DR ,BEACON,NY,12508,7183537837,cc-18941d56-2453-4fc7-93e2-b02acbcc6830,1267162870
icp_tta_prf3_iamtestpass_user99,Intuit@!123,icp_tta_prf3_iamtestpass_user99@blackhole.intuit.com,9849925247714208,visa,CLARICE,GRIFFIN,ANNETTE,6728  FRANKLIN SE RD ,DEMING,NM,88030,5054135472,cc-6b003e77-48c5-4013-b4fa-affb16cb03d9,1267162875,9849925247714309,visa,ANGELA,LAFLECHE,JENNY,9229  FAIRLEE  RD ,CHESTERTOWN,MD,21620,9693440982,cc-21b62ad1-cde6-4128-9ba8-f573d65f5841,1267162990
icp_tta_prf3_iamtestpass_user100,Intuit@!123,icp_tta_prf3_iamtestpass_user100@blackhole.intuit.com,9849925247714209,visa,RENEE,LANE,WILMA,14487  TRACE  RD ,RUSH,KY,41168,6069513314,cc-1264a4bd-d287-454f-95bd-2f4beb6c4248,1267162995,9849925247714310,visa,TONY,VILLALTA,ALLEN,619  CARROLLWOOD  RD ,MIDDLE RIVER,MD,21220,2492142005,cc-14327402-7dff-4ad7-be66-996aa49eae65,1267163005
