icp_tta_prf1_iamtestpass_user1,Intuit@!123,icp_tta_prf1_iamtestpass_user1@blackhole.intuit.com,9849925247714110,visa,CHRISTINE,FLORES,BRENDA,8  DIAMOND  ST ,BLUE DIAMOND,NV,89004,7026870204,cc-70ea6413-2a1b-4613-9b3d-523bf55014f7,1264599645,9849925247714211,visa,PETER,BRIMAGE,ANGELO,10197  VENTURA  AVE ,TAMPA,FL,33619,8502164013,cc-982d1f62-7c5b-4405-9352-b394a8d0dabd,1264600005
icp_tta_prf1_iamtestpass_user3,Intuit@!123,icp_tta_prf1_iamtestpass_user3@blackhole.intuit.com,9849925247714112,visa,JOSEPH,GRANFIELD,JOSHUA,2155  HARRIS  RD ,GRAY,KY,40734,2706961511,cc-59d4ed1f-9db9-43e5-8f2b-dd7205afea78,1264605330,9849925247714213,visa,ELIZABETH,RICHARDSON,NANNIE,2014 S WESTNEDGE  AVE ,KALAMAZOO,MI,49008,2788963312,cc-9c959203-64b6-4e1e-953d-7d2e0ed15074,1264605570
icp_tta_prf1_iamtestpass_user5,Intuit@!123,icp_tta_prf1_iamtestpass_user5@blackhole.intuit.com,9849925247714114,visa,DAVID,NIETO,JIM,2864  GAGE  AVE ,EL MONTE,CA,91733,3412222811,cc-485797db-1158-4a27-a5b0-1e4fdd824e82,1264608075,9849925247714215,visa,JOEL,BRYAN,BENJAMIN,530  HORIZONS E  311,BOYNTON BEACH,FL,33435,3054137821,cc-b696c91a-e693-4571-ad98-517d2c64cb3b,1264608270
icp_tta_prf1_iamtestpass_user6,Intuit@!123,icp_tta_prf1_iamtestpass_user6@blackhole.intuit.com,9849925247714115,visa,CARL,THOMPSON,KEVIN,16471  CHAPIN  PKWY ,JAMAICA,NY,11432,5164812083,cc-4868068a-9cca-4f71-acb8-a28439b2064c,1264609185,9849925247714216,visa,PEDRO,GOMEZ,JERRY,8800  WARD  PKWY ,KANSAS CITY,MO,64114,9759885153,cc-871e5d57-8929-48e4-8489-637bc075c02f,1264609545
icp_tta_prf1_iamtestpass_user7,Intuit@!123,icp_tta_prf1_iamtestpass_user7@blackhole.intuit.com,9849925247714116,visa,DAVID,KNIGHT,JOSE,1000  LONGBOAT  RD 502,LONGBOAT KEY,FL,34228,3523546053,cc-33ce63e7-1850-4691-b62c-6ee6c3ec2eac,1264610365,9849925247714217,visa,COURTNEY,SIMON,LYNDA,11571  MIDLOTHIAN  TPKE ,RICHMOND,VA,23235,2767880690,cc-64c48d32-2805-43eb-83cd-7e610968de6a,1264610670
icp_tta_prf1_iamtestpass_user8,Intuit@!123,icp_tta_prf1_iamtestpass_user8@blackhole.intuit.com,9849925247714117,visa,KEITH,CUCHARES,DAVID,1119  NIX BLDG   703,SAN ANTONIO,TX,78205,4304507755,cc-0c60b419-eadd-4099-86d0-1125927bfeea,1264612435,9849925247714218,visa,BUDDY,HINTON,CHRISTOPHER,909  PARK  AVE ,MONTGOMERY,AL,36106,3348479295,cc-616b1009-a8e0-422c-b345-8b48ffd65a28,1264612660
icp_tta_prf1_iamtestpass_user9,Intuit@!123,icp_tta_prf1_iamtestpass_user9@blackhole.intuit.com,9849925247714118,visa,JOHN,MACE,RYAN,723  SELVA LAKES  CIR ,ATLANTIC BEACH,FL,32233,7726456453,cc-90b49da0-78fa-4885-86da-9bbddcbdf4fb,1264613485,9849925247714219,visa,RICHARD,GUZMAN,REYNALDO,475 S MERRITT RANCH  RD B,CORNVILLE,AZ,86325,4803864933,cc-07c1072f-7727-47d6-8373-e1f172937f5d,1264613660
icp_tta_prf1_iamtestpass_user10,Intuit@!123,icp_tta_prf1_iamtestpass_user10@blackhole.intuit.com,9849925247714119,visa,STEVE,WRAY,JOSH,825  MEIDINGER TOWER   211,LOUISVILLE,KY,40202,8592226483,cc-5d18f091-5779-4f00-b85a-73ce5c8b4fde,1264614605,9849925247714220,visa,DAVID,NELSON,ALBERT,2379  HIGHWAY 62 412   E,HIGHLAND,AR,72542,8007939557,cc-bcee77d5-facb-4818-bb96-c2d7d6101da4,1264614535
icp_tta_prf1_iamtestpass_user11,Intuit@!123,icp_tta_prf1_iamtestpass_user11@blackhole.intuit.com,9849925247714120,visa,HEATHER,XUE,JOANNE,8521  US HIGHWAY 42   ,FLORENCE,KY,41042,8597019820,cc-e400e88a-73db-40d9-a28b-037cbfdbfa49,1264615375,9849925247714221,visa,NICHOLAS,SCHMIDT,JERRY,4680  EUREKA LANDING  RD ,URIAH,AL,36480,2057553849,cc-4f47fe9e-df1b-4a04-b7f0-8f154e5ebe1c,1264615505
icp_tta_prf1_iamtestpass_user12,Intuit@!123,icp_tta_prf1_iamtestpass_user12@blackhole.intuit.com,9849925247714121,visa,CHARLES,THOMSON,JAMES,22098  LANCASTER  RD ,LEBANON,MO,65536,6363317519,cc-0a9f9152-1c98-40ef-8653-f17447fa6a6b,1264615940,9849925247714222,visa,OTIS,MOSELEY,DAVID,1 N CONSTIT  DR 206,AURORA,IL,60506,3313209481,cc-a1d0be63-4275-46e1-867b-1daac8be6b5c,1264616050
icp_tta_prf1_iamtestpass_user13,Intuit@!123,icp_tta_prf1_iamtestpass_user13@blackhole.intuit.com,9849925247714122,visa,GEORGE,OCHOA,NORMAN,100  ABBOTT PARK  RD 5,NORTH CHICAGO,IL,60064,7734145833,cc-465b694c-4d30-4958-b3bf-b5911fae1197,1264616805,9849925247714223,visa,LOGAN,COOK,DOUGLAS,4  COND BRIS SN ALFONSO   A2,CAGUAS,PR,00725,7872023737,cc-febc6a22-f177-490d-990c-6be12174e859,1264616815
icp_tta_prf1_iamtestpass_user14,Intuit@!123,icp_tta_prf1_iamtestpass_user14@blackhole.intuit.com,9849925247714123,visa,MARY,BENTO,CLAUDIA,1421 S OCEAN  BLVD 212,POMPANO BEACH,FL,33062,2394433582,cc-ee4933be-4d70-4744-8835-427325b20f79,1264617460,9849925247714224,visa,RICK,BURGESS,WILLIAM,2250  TOWN CENTER  AVE ,MELBOURNE,FL,32940,6892479451,cc-df6078ad-213f-447d-ae6b-e4fb3763a48f,1264617560
icp_tta_prf1_iamtestpass_user15,Intuit@!123,icp_tta_prf1_iamtestpass_user15@blackhole.intuit.com,9849925247714124,visa,AMANDA,SMITH,BARBARA,3181  ROYAL S BLVD ,ALPHARETTA,GA,30022,9128881422,cc-a128eb6f-a29a-49b8-ad6b-05e826206be0,1264618355,9849925247714225,visa,JASON,NAVARRETTE,MICHAEL,2436  CANTERBURY E LN ,SEATTLE,WA,98112,5092293729,cc-e431af37-3dee-4146-962f-7cb7053049cc,1264618460
icp_tta_prf1_iamtestpass_user16,Intuit@!123,icp_tta_prf1_iamtestpass_user16@blackhole.intuit.com,9849925247714125,visa,DAWN,ZIECH,JOAN,3  SELMA  PL ,WADESBORO,NC,28170,9849952688,cc-92bff9b4-ca7b-4a77-bc1d-ced3c91de64e,1264618995,9849925247714226,visa,CHESTER,CARPENTER,JAMES,888  STUYVESANT  AVE C,IRVINGTON,NJ,07111,8488760613,cc-ac11e0a0-6ba1-4ab1-abae-acdb900f21a1,1264619020
icp_tta_prf1_iamtestpass_user17,Intuit@!123,icp_tta_prf1_iamtestpass_user17@blackhole.intuit.com,9849925247714126,visa,SALLIE,NELSON,MARY,4503  OSAGE  DR ,BOULDER,CO,80303,7196233510,cc-523a23ef-e87e-4fb0-a43e-7f9ed317341b,1264619615,9849925247714227,visa,ADOLFO,SCHLEUSNER,RICHARD,240 N FREDERICK  AVE D,DAYTONA BEACH,FL,32114,7862414817,cc-bd488245-87df-4151-9cc2-3abd7cc703af,1264619650
icp_tta_prf1_iamtestpass_user18,Intuit@!123,icp_tta_prf1_iamtestpass_user18@blackhole.intuit.com,9849925247714127,visa,MICHELLE,RUMBERGER,LINDA,2743  11TH S AVE 13,MINNEAPOLIS,MN,55407,6513569068,cc-de03fb83-5cb6-4b86-9372-643c2707a77b,1264620335,9849925247714228,visa,KIA,THOMPSON,EMMA,3607 S 124TH  DR ,AVONDALE,AZ,85323,6027206146,cc-02e4976a-431c-4c43-8b83-35f3fd3502ef,1264620435
icp_tta_prf1_iamtestpass_user19,Intuit@!123,icp_tta_prf1_iamtestpass_user19@blackhole.intuit.com,9849925247714128,visa,BERNICE,DUMAS,JOAN,1606 E ONTARIO  AVE ,CORONA,CA,92881,6504255736,cc-00c55d00-c9e1-46d1-b312-6b32be98f84a,1264621130,9849925247714229,visa,KEITH,HEUSCHKEL,RONALD,195 E 9TH  ST ,MURFREESBORO,AR,71958,8009077887,cc-edcc83d7-dfdc-40e3-ad45-3eb6f2836be7,1264621145
icp_tta_prf1_iamtestpass_user20,Intuit@!123,icp_tta_prf1_iamtestpass_user20@blackhole.intuit.com,9849925247714129,visa,JUSTIN,BLANKENSHIP,STEPHEN,201  CORAL  WAY C229,HOLLYWOOD,FL,33021,4073479281,cc-a4b4f08b-aecd-4164-8403-ab8bb2f550f7,1264621810,9849925247714230,visa,MARY,CONWAY,NICOLE,546  CR 266   ,EUREKA SPRINGS,AR,72631,8003538056,cc-b307d26e-cf7d-4fdb-a279-d0302ccc2ed8,1264621825
