icp_tta_prf1_iamtestpass_user21,4611809164825775648
icp_tta_prf1_iamtestpass_user22,4611809164825775823
icp_tta_prf1_iamtestpass_user23,4611809164825775953
icp_tta_prf1_iamtestpass_user24,4611809164825775828
icp_tta_prf1_iamtestpass_user25,4611809164825775958
icp_tta_prf1_iamtestpass_user26,4611809164825775868
icp_tta_prf1_iamtestpass_user27,4611809164825775873
icp_tta_prf1_iamtestpass_user28,4611809164825775878
icp_tta_prf1_iamtestpass_user29,4611809164825775963
icp_tta_prf1_iamtestpass_user30,4611809164825775883
icp_tta_prf1_iamtestpass_user31,4611809164825775888
icp_tta_prf1_iamtestpass_user32,4611809164825775893
icp_tta_prf1_iamtestpass_user33,4611809164825775833
icp_tta_prf1_iamtestpass_user34,4611809164825775838
icp_tta_prf1_iamtestpass_user35,4611809164825775898
icp_tta_prf1_iamtestpass_user36,4611809164825775903
icp_tta_prf1_iamtestpass_user37,4611809164825775908
icp_tta_prf1_iamtestpass_user38,4611809164825775913
icp_tta_prf1_iamtestpass_user39,4611809164825775843
icp_tta_prf1_iamtestpass_user40,4611809164825775848
icp_tta_prf1_iamtestpass_user41,4611809164825775918
icp_tta_prf1_iamtestpass_user42,4611809164825775968
icp_tta_prf1_iamtestpass_user43,4611809164825776053
icp_tta_prf1_iamtestpass_user44,4611809164825776058
icp_tta_prf1_iamtestpass_user45,4611809164825776063
icp_tta_prf1_iamtestpass_user46,4611809164825776068
icp_tta_prf1_iamtestpass_user47,4611809164825775923
icp_tta_prf1_iamtestpass_user48,4611809164825776073
icp_tta_prf1_iamtestpass_user49,4611809164825775928
icp_tta_prf1_iamtestpass_user50,4611809164825775933
icp_tta_prf1_iamtestpass_user51,4611809164825775973
icp_tta_prf1_iamtestpass_user52,4611809164825776078
icp_tta_prf1_iamtestpass_user53,4611809164825775978
icp_tta_prf1_iamtestpass_user54,4611809164825775983
icp_tta_prf1_iamtestpass_user55,4611809164825776083
icp_tta_prf1_iamtestpass_user56,4611809164825775988
icp_tta_prf1_iamtestpass_user57,4611809164825775938
icp_tta_prf1_iamtestpass_user58,4611809164825776088
icp_tta_prf1_iamtestpass_user59,4611809164825776093
icp_tta_prf1_iamtestpass_user60,4611809164825776098
icp_tta_prf1_iamtestpass_user61,4611809164825776103
icp_tta_prf1_iamtestpass_user62,4611809164825775993
icp_tta_prf1_iamtestpass_user63,4611809164825775943
icp_tta_prf1_iamtestpass_user64,4611809164825775948
icp_tta_prf1_iamtestpass_user65,4611809164825776108
icp_tta_prf1_iamtestpass_user66,4611809164825776113
icp_tta_prf1_iamtestpass_user67,4611809164825776118
icp_tta_prf1_iamtestpass_user68,4611809164825776123
icp_tta_prf1_iamtestpass_user69,4611809164825775998
icp_tta_prf1_iamtestpass_user70,4611809164825776003
icp_tta_prf1_iamtestpass_user71,4611809164825776128
icp_tta_prf1_iamtestpass_user72,4611809164825776153
icp_tta_prf1_iamtestpass_user73,4611809164825776158
icp_tta_prf1_iamtestpass_user74,4611809164825776133
icp_tta_prf1_iamtestpass_user75,4611809164825776163
icp_tta_prf1_iamtestpass_user76,4611809164825776138
icp_tta_prf1_iamtestpass_user77,4611809164825776008
icp_tta_prf1_iamtestpass_user78,4611809164825776143
icp_tta_prf1_iamtestpass_user79,4611809164825776013
icp_tta_prf1_iamtestpass_user80,4611809164825776168
icp_tta_prf1_iamtestpass_user81,4611809164825776018
icp_tta_prf1_iamtestpass_user82,4611809164825776023
icp_tta_prf1_iamtestpass_user83,4611809164825776028
icp_tta_prf1_iamtestpass_user84,4611809164825776148
icp_tta_prf1_iamtestpass_user85,4611809164825776173
icp_tta_prf1_iamtestpass_user86,4611809164825776253
icp_tta_prf1_iamtestpass_user87,4611809164825776033
icp_tta_prf1_iamtestpass_user88,4611809164825776178
icp_tta_prf1_iamtestpass_user89,4611809164825776038
icp_tta_prf1_iamtestpass_user90,4611809164825776183
icp_tta_prf1_iamtestpass_user91,4611809164825776188
icp_tta_prf1_iamtestpass_user92,4611809164825776258
icp_tta_prf1_iamtestpass_user93,4611809164825776043
icp_tta_prf1_iamtestpass_user94,4611809164825776263
icp_tta_prf1_iamtestpass_user95,4611809164825776268
icp_tta_prf1_iamtestpass_user96,4611809164825776193
icp_tta_prf1_iamtestpass_user97,4611809164825776048
icp_tta_prf1_iamtestpass_user98,4611809164825776353
icp_tta_prf1_iamtestpass_user99,4611809164825776358
icp_tta_prf1_iamtestpass_user100,4611809164825776273
icp_tta_prf1_iamtestpass_user2,4611809164825775708
icp_tta_prf1_iamtestpass_user4,null
icp_tta_prf1_iamtestpass_user2,4611809164825775708
icp_tta_prf1_iamtestpass_user4,4611809164825775643
icp_tta_prf1_iamtestpass_user6,4611809164825775718
icp_tta_prf1_iamtestpass_user8,4611809164825775728
icp_tta_prf1_iamtestpass_user10,4611809164825775803
icp_tta_prf1_iamtestpass_user12,4611809164825775738
icp_tta_prf1_iamtestpass_user14,4611809164825775748
icp_tta_prf1_iamtestpass_user16,4611809164825775808
icp_tta_prf1_iamtestpass_user18,4611809164825775818
icp_tta_prf1_iamtestpass_user20,4611809164825775863
icp_tta_prf1_iamtestpass_user2,4611809164825775708
icp_tta_prf1_iamtestpass_user4,4611809164825775643
icp_tta_prf1_iamtestpass_user6,4611809164825775718
icp_tta_prf1_iamtestpass_user8,4611809164825775728
icp_tta_prf1_iamtestpass_user10,4611809164825775803
icp_tta_prf1_iamtestpass_user12,4611809164825775738
icp_tta_prf1_iamtestpass_user14,4611809164825775748
icp_tta_prf1_iamtestpass_user16,4611809164825775808
icp_tta_prf1_iamtestpass_user18,4611809164825775818
icp_tta_prf1_iamtestpass_user20,4611809164825775863
icp_tta_prf1_iamtestpass_user2,4611809164825775708
icp_tta_prf1_iamtestpass_user4,4611809164825775643
icp_tta_prf1_iamtestpass_user6,4611809164825775718
icp_tta_prf1_iamtestpass_user8,4611809164825775728
icp_tta_prf1_iamtestpass_user10,4611809164825775803
icp_tta_prf1_iamtestpass_user12,4611809164825775738
icp_tta_prf1_iamtestpass_user14,4611809164825775748
icp_tta_prf1_iamtestpass_user16,4611809164825775808
icp_tta_prf1_iamtestpass_user18,4611809164825775818
icp_tta_prf1_iamtestpass_user20,4611809164825775863
icp_tta_prf1_iamtestpass_user2,4611809164825775708
icp_tta_prf1_iamtestpass_user4,4611809164825775643
icp_tta_prf1_iamtestpass_user6,4611809164825775718
icp_tta_prf1_iamtestpass_user8,4611809164825775728
icp_tta_prf1_iamtestpass_user10,4611809164825775803
icp_tta_prf1_iamtestpass_user12,4611809164825775738
icp_tta_prf1_iamtestpass_user14,4611809164825775748
icp_tta_prf1_iamtestpass_user16,4611809164825775808
icp_tta_prf1_iamtestpass_user18,4611809164825775818
icp_tta_prf1_iamtestpass_user20,4611809164825775863
icp_tta_prf1_iamtestpass_user2,4611809164825775708
icp_tta_prf1_iamtestpass_user4,4611809164825775643
icp_tta_prf1_iamtestpass_user6,4611809164825775718
icp_tta_prf1_iamtestpass_user8,4611809164825775728
icp_tta_prf1_iamtestpass_user10,4611809164825775803
icp_tta_prf1_iamtestpass_user12,4611809164825775738
icp_tta_prf1_iamtestpass_user14,4611809164825775748
icp_tta_prf1_iamtestpass_user16,4611809164825775808
icp_tta_prf1_iamtestpass_user18,4611809164825775818
icp_tta_prf1_iamtestpass_user20,4611809164825775863
icp_tta_prf1_iamtestpass_user2,4611809164825775708
icp_tta_prf1_iamtestpass_user4,4611809164825775643
icp_tta_prf1_iamtestpass_user6,4611809164825775718
icp_tta_prf1_iamtestpass_user8,4611809164825775728
icp_tta_prf1_iamtestpass_user10,4611809164825775803
icp_tta_prf1_iamtestpass_user12,4611809164825775738
icp_tta_prf1_iamtestpass_user14,4611809164825775748
icp_tta_prf1_iamtestpass_user16,4611809164825775808
icp_tta_prf1_iamtestpass_user18,4611809164825775818
icp_tta_prf1_iamtestpass_user20,4611809164825775863
icp_tta_prf1_iamtestpass_user1,4611809164825775698
icp_tta_prf1_iamtestpass_user2,4611809164825775708
icp_tta_prf1_iamtestpass_user3,4611809164825775793
icp_tta_prf1_iamtestpass_user4,4611809164825775643
icp_tta_prf1_iamtestpass_user5,4611809164825775713
icp_tta_prf1_iamtestpass_user6,4611809164825775718
icp_tta_prf1_iamtestpass_user7,4611809164825775723
icp_tta_prf1_iamtestpass_user8,4611809164825775728
icp_tta_prf1_iamtestpass_user9,4611809164825775798
icp_tta_prf1_iamtestpass_user10,4611809164825775803
icp_tta_prf1_iamtestpass_user11,4611809164825775733
icp_tta_prf1_iamtestpass_user12,4611809164825775738
icp_tta_prf1_iamtestpass_user13,4611809164825775743
icp_tta_prf1_iamtestpass_user14,4611809164825775748
icp_tta_prf1_iamtestpass_user15,4611809164825775853
icp_tta_prf1_iamtestpass_user16,4611809164825775808
icp_tta_prf1_iamtestpass_user17,4611809164825775813
icp_tta_prf1_iamtestpass_user18,4611809164825775818
icp_tta_prf1_iamtestpass_user19,4611809164825775858
icp_tta_prf1_iamtestpass_user20,4611809164825775863
